=== Cleaning build directory ===
Done.

================================================================
  Building: H4H32N9_A6U828N_C463OP
================================================================
--- Bootloader ---
Setting top to                           : /home/blacksquare/ardupilot 
Setting out to                           : /home/blacksquare/ardupilot/build 
Autoconfiguration                        : enabled 
Checking for program 'python'            : /usr/bin/python3 
Checking for python version >= 3.6.9     : 3.12.3 
Setting board to                         : H4H32N9_A6U828N_C463OP 
Using toolchain                          : arm-none-eabi 
Checking for 'g++' (C++ compiler)        : /usr/bin/arm-none-eabi-g++ 
Checking for 'gcc' (C compiler)          : /usr/bin/arm-none-eabi-gcc 
Checking for program 'arm-none-eabi-nm'  : /usr/bin/arm-none-eabi-nm 
Checking for c flags '-MMD'              : yes 
Checking for cxx flags '-MMD'            : yes 
CXX Compiler                             : g++ 13.2.1 
Checking for program 'make'              : /usr/bin/make 
Checking for program 'arm-none-eabi-objcopy' : /usr/bin/arm-none-eabi-objcopy 
Including /home/blacksquare/ardupilot/libraries/AP_HAL_ChibiOS/hwdef/CubeOrange/hwdef-bl.inc
Including /home/blacksquare/ardupilot/libraries/AP_HAL_ChibiOS/hwdef/CubeOrange/sdcard.inc
Removing USB_STRING_PRODUCT
Removing USB_STRING_MANUFACTURER
Removing APJ_BOARD_ID
Removing USB_PRODUCT
Setup for MCU STM32H757xx
Writing hwdef setup in /home/blacksquare/ardupilot/build/H4H32N9_A6U828N_C463OP/hwdef.h
MCU Flags: cortex-m7 ['-mcpu=cortex-m7', '-mfpu=fpv5-d16', '-mfloat-abi=hard']
Writing DMA map
Setting up as bootloader
Generating ldscript.ld
Checking for env.py
env set ENABLE_DFU_BOOT=1
env set WITH_FATFS=1
env set PROCESS_STACK=0x1C00
env set MAIN_STACK=0x600
env set IOMCU_FW=0
env set PERIPH_FW=0
env set BOARD_FLASH_SIZE=2048
env set EXT_FLASH_SIZE_MB=0
env set INT_FLASH_PRIMARY=False
env set ENABLE_CRASHDUMP=False
env set CPU_FLAGS=['-mcpu=cortex-m7', '-mfpu=fpv5-d16', '-mfloat-abi=hard']
env set CORTEX=cortex-m7
env set APJ_BOARD_ID=1063
env set APJ_BOARD_TYPE=STM32H757xx
env set USBID=0x2dae/0x1058
env set FLASH_RESERVE_START_KB=0
env set EXT_FLASH_RESERVE_START_KB=0
env set FLASH_TOTAL=131072
env set HAS_EXTERNAL_FLASH_SECTIONS=0
env set CHIBIOS_BUILD_FLAGS=USE_FATFS=yes CHIBIOS_STARTUP_MK=os/common/startup/ARMCMx/compilers/GCC/mk/startup_stm32h7xx.mk CHIBIOS_PLATFORM_MK=os/hal/ports/STM32/STM32H7xx/platform.mk MCU=cortex-m7
Enabling ChibiOS asserts                     : no 
Disabling Watchdog                           : no 
Enabling malloc guard                        : no 
Enabling ChibiOS thread statistics           : no 
Enabling -Werror                             : yes 
Checking for intelhex module:                : OK 
Enabled OpenDroneID                          : no 
Enabled firmware ID checking                 : no 
GPS Debug Logging                            : no 
Enabled custom controller                    : no 
Checking for HAVE_CMATH_ISFINITE             : yes 
Checking for HAVE_CMATH_ISINF                : yes 
Checking for HAVE_CMATH_ISNAN                : yes 
Checking for NEED_CMATH_ISFINITE_STD_NAMESPACE : yes 
Checking for NEED_CMATH_ISINF_STD_NAMESPACE    : yes 
Checking for NEED_CMATH_ISNAN_STD_NAMESPACE    : yes 
Checking for header endian.h                   : not found 
Checking for header byteswap.h                 : not found 
Checking for HAVE_MEMRCHR                      : no 
Configured VSCode Intellisense:                : no 
DC_DSDL compiler in                            : /home/blacksquare/ardupilot/modules/DroneCAN/dronecan_dsdlc 
Source is git repository                       : yes 
Update submodules                              : no 
Checking for program 'git'                     : /usr/bin/git 
Gtest                                          : STM32 boards currently don't support compiling gtest 
Checking for program 'arm-none-eabi-size'      : /usr/bin/arm-none-eabi-size 
Benchmarks                                     : disabled 
Unit tests                                     : disabled 
Scripting                                      : disabled 
Scripting runtime checks                       : enabled 
Debug build                                    : disabled 
Coverage build                                 : disabled 
Force 32-bit build                             : disabled 
Checking for program 'rsync'                   : /usr/bin/rsync 
Removing target_list file /home/blacksquare/ardupilot/build/H4H32N9_A6U828N_C463OP/target_list
'configure' finished successfully (0.778s)
'clean' finished successfully (0.911s)
Waf: Entering directory `/home/blacksquare/ardupilot/build/H4H32N9_A6U828N_C463OP'
Checking for env.py
No env.py found
Generating hwdef.h
Including /home/blacksquare/ardupilot/libraries/AP_HAL_ChibiOS/hwdef/CubeOrange/hwdef-bl.inc
Including /home/blacksquare/ardupilot/libraries/AP_HAL_ChibiOS/hwdef/CubeOrange/sdcard.inc
Removing USB_STRING_PRODUCT
Removing USB_STRING_MANUFACTURER
Removing APJ_BOARD_ID
Removing USB_PRODUCT
Setup for MCU STM32H757xx
Writing hwdef setup in /home/blacksquare/ardupilot/build/H4H32N9_A6U828N_C463OP/hwdef.h
MCU Flags: cortex-m7 ['-mcpu=cortex-m7', '-mfpu=fpv5-d16', '-mfloat-abi=hard']
Writing DMA map
Setting up as bootloader
Generating ldscript.ld
Embedding file hwdef.dat:/home/blacksquare/ardupilot/build/H4H32N9_A6U828N_C463OP/hw.dat
[1/7] Creating build/H4H32N9_A6U828N_C463OP/hwdef.h
[2/7] Creating build/H4H32N9_A6U828N_C463OP/modules/ChibiOS/include_dirs
[3/7] Compiling libraries/AP_Scripting/generator/src/main.c
[4/7] Creating build/H4H32N9_A6U828N_C463OP/ap_version.h
[5/7] Creating build/H4H32N9_A6U828N_C463OP/chibios_flags.h
Including /home/blacksquare/ardupilot/libraries/AP_HAL_ChibiOS/hwdef/CubeOrange/hwdef-bl.inc
Including /home/blacksquare/ardupilot/libraries/AP_HAL_ChibiOS/hwdef/CubeOrange/sdcard.inc
Removing USB_STRING_PRODUCT
Removing USB_STRING_MANUFACTURER
Removing APJ_BOARD_ID
Removing USB_PRODUCT
Setup for MCU STM32H757xx
Writing hwdef setup in /home/blacksquare/ardupilot/build/H4H32N9_A6U828N_C463OP/hwdef.h
MCU Flags: cortex-m7 ['-mcpu=cortex-m7', '-mfpu=fpv5-d16', '-mfloat-abi=hard']
Writing DMA map
Setting up as bootloader
No change in hwdef.h
Generating ldscript.ld

[6/7] Linking build/H4H32N9_A6U828N_C463OP/modules/ChibiOS/libch.a
[7/7] Processing /home/blacksquare/ardupilot/build/H4H32N9_A6U828N_C463OP/libraries/AP_Scripting/lua_generated_bindings.cpp,/home/blacksquare/ardupilot/build/H4H32N9_A6U828N_C463OP/libraries/AP_Scripting/lua_generated_bindings.h: libraries/AP_Scripting/generator/description/bindings.desc build/H4H32N9_A6U828N_C463OP/gen-bindings -> build/H4H32N9_A6U828N_C463OP/libraries/AP_Scripting/lua_generated_bindings.cpp build/H4H32N9_A6U828N_C463OP/libraries/AP_Scripting/lua_generated_bindings.h
[1/113] ChibiOS: Compiling crt0_v7m.S
[2/113] ChibiOS: Compiling vectors.S
[3/113] ChibiOS: Compiling chcoreasm.S
[4/113] ChibiOS: Compiling ff.c
[5/113] ChibiOS: Compiling ffunicode.c
[6/113] ChibiOS: Compiling chcore.c
[7/113] ChibiOS: Compiling crt1.c
[8/113] ChibiOS: Compiling bufstreams.c
[9/113] ChibiOS: Compiling chprintf.c
[10/113] ChibiOS: Compiling chscanf.c
[11/113] ChibiOS: Compiling memstreams.c
[12/113] ChibiOS: Compiling nullstreams.c
[13/113] ChibiOS: Compiling osal.c
[14/113] ChibiOS: Compiling hal_adc_lld.c
[15/113] ChibiOS: Compiling stm32_bdma.c
[16/113] ChibiOS: Compiling hal_crypto_lld.c
[17/113] ChibiOS: Compiling hal_dac_lld.c
[18/113] ChibiOS: Compiling stm32_dma.c
[19/113] ChibiOS: Compiling stm32_exti.c
[20/113] ChibiOS: Compiling hal_can_lld.c
[21/113] ChibiOS: Compiling hal_pal_lld.c
[22/113] ChibiOS: Compiling hal_i2c_lld.c
[23/113] ChibiOS: Compiling hal_mac_lld.c
[24/113] ChibiOS: Compiling stm32_mdma.c
[25/113] ChibiOS: Compiling hal_usb_lld.c
[26/113] ChibiOS: Compiling hal_wspi_lld.c
[27/113] ChibiOS: Compiling hal_trng_lld.c
[28/113] ChibiOS: Compiling hal_rtc_lld.c
[29/113] ChibiOS: Compiling hal_sdc_lld.c
[30/113] ChibiOS: Compiling hal_spi_lld.c
[31/113] ChibiOS: Compiling hal_st_lld.c
[32/113] ChibiOS: Compiling hal_eicu_lld.c
[33/113] ChibiOS: Compiling hal_gpt_lld.c
[34/113] ChibiOS: Compiling hal_icu_lld.c
[35/113] ChibiOS: Compiling hal_pwm_lld.c
[36/113] ChibiOS: Compiling hal_serial_lld.c
[37/113] ChibiOS: Compiling hal_sio_lld.c
[38/113] ChibiOS: Compiling hal_uart_lld.c
[39/113] ChibiOS: Compiling hal_wdg_lld.c
[40/113] ChibiOS: Compiling hal_lld.c
[41/113] ChibiOS: Compiling stm32_isr.c
[42/113] ChibiOS: Compiling nvic.c
[43/113] ChibiOS: Compiling hal.c
[44/113] ChibiOS: Compiling hal_adc.c
[45/113] ChibiOS: Compiling hal_buffers.c
[46/113] ChibiOS: Compiling hal_can.c
[47/113] ChibiOS: Compiling hal_crypto.c
[48/113] ChibiOS: Compiling hal_dac.c
[49/113] ChibiOS: Compiling hal_efl.c
[50/113] ChibiOS: Compiling hal_eicu.c
[51/113] ChibiOS: Compiling hal_flash.c
[52/113] ChibiOS: Compiling hal_gpt.c
[53/113] ChibiOS: Compiling hal_i2c.c
[54/113] ChibiOS: Compiling hal_i2s.c
[55/113] ChibiOS: Compiling hal_icu.c
[56/113] ChibiOS: Compiling hal_mac.c
[57/113] ChibiOS: Compiling hal_mmc_spi.c
[58/113] ChibiOS: Compiling hal_mmcsd.c
[59/113] ChibiOS: Compiling hal_pal.c
[60/113] ChibiOS: Compiling hal_pwm.c
[61/113] ChibiOS: Compiling hal_queues.c
[62/113] ChibiOS: Compiling hal_rtc.c
[63/113] ChibiOS: Compiling hal_sdc.c
[64/113] ChibiOS: Compiling hal_serial.c
[65/113] ChibiOS: Compiling hal_serial_usb.c
[66/113] ChibiOS: Compiling hal_sio.c
[67/113] ChibiOS: Compiling hal_spi.c
[68/113] ChibiOS: Compiling hal_st.c
[69/113] ChibiOS: Compiling hal_trng.c
[70/113] ChibiOS: Compiling hal_uart.c
[71/113] ChibiOS: Compiling hal_usb.c
[72/113] ChibiOS: Compiling hal_wdg.c
[73/113] ChibiOS: Compiling hal_wspi.c
[74/113] ChibiOS: Compiling chdelegates.c
[75/113] ChibiOS: Compiling chfactory.c
[76/113] ChibiOS: Compiling chmboxes.c
[77/113] ChibiOS: Compiling chmemcore.c
[78/113] ChibiOS: Compiling chmemheaps.c
[79/113] ChibiOS: Compiling chmempools.c
[80/113] ChibiOS: Compiling chobjcaches.c
[81/113] ChibiOS: Compiling chpipes.c
[82/113] ChibiOS: Compiling chcond.c
[83/113] ChibiOS: Compiling chdebug.c
[84/113] ChibiOS: Compiling chdynamic.c
[85/113] ChibiOS: Compiling chevents.c
[86/113] ChibiOS: Compiling chinstances.c
[87/113] ChibiOS: Compiling chmsg.c
[88/113] ChibiOS: Compiling chmtx.c
[89/113] ChibiOS: Compiling chregistry.c
[90/113] ChibiOS: Compiling chrfcu.c
[91/113] ChibiOS: Compiling chschd.c
[92/113] ChibiOS: Compiling chsem.c
[93/113] ChibiOS: Compiling chstats.c
[94/113] ChibiOS: Compiling chsys.c
[95/113] ChibiOS: Compiling chthreads.c
[96/113] ChibiOS: Compiling chtm.c
[97/113] ChibiOS: Compiling chtrace.c
[98/113] ChibiOS: Compiling chvt.c
[99/113] ChibiOS: Compiling fatfs_diskio.c
[100/113] ChibiOS: Compiling fatfs_syscall.c
[101/113] ChibiOS: Compiling syscalls.c
[102/113] ChibiOS: Compiling stubs.c
[103/113] ChibiOS: Compiling board.c
[104/113] ChibiOS: Compiling usbcfg.c
[105/113] ChibiOS: Compiling usbcfg_dualcdc.c
[106/113] ChibiOS: Compiling usbcfg_common.c
[107/113] ChibiOS: Compiling flash.c
[108/113] ChibiOS: Compiling malloc.c
[109/113] ChibiOS: Compiling hrt.c
[110/113] ChibiOS: Compiling stm32_util.c
[111/113] ChibiOS: Compiling bouncebuffer.c
[112/113] ChibiOS: Compiling watchdog.c
[113/113] ChibiOS: Compiling ch.cpp

ChibiOS: Done!

arm-none-eabi-ar: creating modules/ChibiOS/libch.a

No target_list file found, creating
Generating compile_commands.json
Build commands will be stored in build/H4H32N9_A6U828N_C463OP/compile_commands.json
Generating compile_commands.json
Build commands will be stored in build/H4H32N9_A6U828N_C463OP/compile_commands.json
[  8/238] Compiling libraries/AP_HAL/utility/RCOutput_Tap.cpp
[  9/238] Compiling libraries/AP_HAL/Device.cpp
[ 10/238] Compiling libraries/AP_HAL/utility/utoa_invert.cpp
[ 11/238] Compiling libraries/AP_HAL/utility/sumd.cpp
[ 12/238] Compiling libraries/AP_HAL/utility/BetterStream.cpp
[ 13/238] Compiling libraries/AP_HAL/utility/st24.cpp
[ 14/238] Compiling libraries/AP_HAL/RCOutput.cpp
[ 15/238] Compiling libraries/AP_HAL/utility/replace.cpp
[ 16/238] Compiling libraries/AP_HAL/utility/getopt_cpp.cpp
[ 17/238] Compiling libraries/AP_HAL/utility/ftoa_engine.cpp
[ 18/238] Compiling libraries/AP_HAL/UARTDriver.cpp
[ 19/238] Compiling libraries/AP_HAL/utility/dsm.cpp
[ 20/238] Compiling libraries/AP_HAL/utility/Socket_native.cpp
[ 21/238] Compiling libraries/AP_HAL/DSP.cpp
[ 22/238] Compiling libraries/AP_HAL/utility/Socket.cpp
[ 23/238] Compiling libraries/AP_HAL/Semaphores.cpp
[ 24/238] Compiling libraries/AP_HAL/utility/RCOutput_Tap_Linux.cpp
[ 25/238] Compiling libraries/AP_HAL/GPIO.cpp
[ 26/238] Compiling libraries/AP_HAL/utility/srxl.cpp
[ 27/238] Compiling libraries/AP_HAL/Storage.cpp
[ 28/238] Compiling libraries/AP_HAL/HAL.cpp
[ 29/238] Compiling libraries/AP_HAL/Scheduler.cpp
[ 30/238] Compiling libraries/AP_HAL/utility/DataRateLimit.cpp
[ 31/238] Compiling libraries/AP_HAL/Util.cpp
[ 32/238] Compiling libraries/AP_HAL/utility/packetise.cpp
[ 33/238] Compiling libraries/AP_HAL/CANIface.cpp
[ 34/238] Compiling libraries/AP_HAL/utility/print_vprintf.cpp
[ 35/238] Compiling libraries/AP_HAL/system.cpp
[ 36/238] Compiling libraries/AP_HAL/utility/RingBuffer.cpp
[ 37/238] Compiling libraries/AP_HAL_ChibiOS/RCOutput_iofirmware.cpp
[ 38/238] Compiling libraries/AP_HAL_ChibiOS/RCOutput_serial.cpp
[ 39/238] Compiling libraries/AP_HAL_ChibiOS/SPIDevice.cpp
[ 40/238] Compiling libraries/AP_HAL_ChibiOS/Scheduler.cpp
[ 41/238] Compiling libraries/AP_HAL_ChibiOS/Semaphores.cpp
[ 42/238] Compiling libraries/AP_HAL_ChibiOS/SoftSigReader.cpp
[ 43/238] Compiling libraries/AP_HAL_ChibiOS/SoftSigReaderInt.cpp
[ 44/238] Compiling libraries/AP_HAL_ChibiOS/UARTDriver.cpp
[ 45/238] Compiling libraries/AP_HAL_ChibiOS/Util.cpp
[ 46/238] Compiling libraries/AP_HAL_ChibiOS/WSPIDevice.cpp
[ 47/238] Compiling libraries/AP_HAL_ChibiOS/sdcard.cpp
[ 48/238] Compiling libraries/AP_HAL_ChibiOS/shared_dma.cpp
[ 49/238] Compiling libraries/AP_HAL_ChibiOS/stdio.cpp
[ 50/238] Compiling libraries/AP_HAL_ChibiOS/CanIface.cpp
[ 51/238] Compiling libraries/AP_HAL_ChibiOS/AnalogIn.cpp
[ 52/238] Compiling libraries/AP_HAL_ChibiOS/DSP.cpp
[ 53/238] Compiling libraries/AP_HAL_ChibiOS/Device.cpp
[ 54/238] Compiling libraries/AP_HAL_ChibiOS/CANFDIface.cpp
[ 55/238] Compiling libraries/AP_HAL_ChibiOS/I2CDevice.cpp
[ 56/238] Compiling libraries/AP_HAL_ChibiOS/RCInput.cpp
[ 57/238] Compiling libraries/AP_HAL_ChibiOS/RCOutput.cpp
[ 58/238] Compiling libraries/AP_HAL_ChibiOS/RCOutput_bdshot.cpp
[ 59/238] Compiling libraries/AP_Scripting/AP_Scripting.cpp
[ 60/238] Compiling libraries/AP_Scripting/AP_Scripting_CANSensor.cpp
[ 61/238] Compiling libraries/AP_Scripting/AP_Scripting_SerialAccess.cpp
[ 62/238] Compiling libraries/AP_Scripting/AP_Scripting_SerialDevice.cpp
[ 63/238] Compiling libraries/AP_Scripting/lua/src/lbaselib.c
[ 64/238] Compiling libraries/AP_Scripting/lua/src/lua.c
[ 65/238] Compiling libraries/AP_Scripting/lua/src/lobject.c
[ 66/238] Compiling libraries/AP_Scripting/lua/src/liolib.c
[ 67/238] Compiling libraries/AP_Scripting/lua/src/lapi.c
[ 68/238] Compiling libraries/AP_Scripting/lua/src/lauxlib.c
[ 69/238] Compiling libraries/AP_Scripting/lua/src/lopcodes.c
[ 70/238] Compiling libraries/AP_Scripting/lua/src/loslib.c
[ 71/238] Compiling libraries/AP_Scripting/lua/src/lvm.c
[ 72/238] Compiling libraries/AP_Scripting/lua/src/lparser.c
[ 73/238] Compiling libraries/AP_Scripting/lua/src/llex.c
[ 74/238] Compiling libraries/AP_Scripting/lua/src/lundump.c
[ 75/238] Compiling libraries/AP_Scripting/lua/src/lutf8lib.c
[ 76/238] Compiling libraries/AP_Scripting/lua/src/lmathlib.c
[ 77/238] Compiling libraries/AP_Scripting/lua/src/lmem.c
[ 78/238] Compiling libraries/AP_Scripting/lua/src/lbitlib.c
[ 79/238] Compiling libraries/AP_Scripting/lua/src/luac.c
[ 80/238] Compiling libraries/AP_Scripting/lua/src/ltm.c
[ 81/238] Compiling libraries/AP_Scripting/lua/src/lcode.c
[ 82/238] Compiling libraries/AP_Scripting/lua/src/lcorolib.c
[ 83/238] Compiling libraries/AP_Scripting/lua/src/ltablib.c
[ 84/238] Compiling libraries/AP_Scripting/lua/src/lctype.c
[ 85/238] Compiling libraries/AP_Scripting/lua/src/ldblib.c
[ 86/238] Compiling libraries/AP_Scripting/lua/src/loadlib.c
[ 87/238] Compiling libraries/AP_Scripting/lua/src/lzio.c
[ 88/238] Compiling libraries/AP_Scripting/lua/src/linit.c
[ 89/238] Compiling libraries/AP_Scripting/lua/src/lfunc.c
[ 90/238] Compiling libraries/AP_Scripting/lua/src/lstring.c
[ 91/238] Compiling libraries/AP_Scripting/lua/src/ltable.c
[ 92/238] Compiling libraries/AP_Scripting/lua/src/ldump.c
[ 93/238] Compiling libraries/AP_Scripting/lua/src/ldebug.c
[ 94/238] Compiling libraries/AP_Scripting/lua/src/ldo.c
[ 95/238] Compiling libraries/AP_Scripting/lua/src/lstate.c
[ 96/238] Compiling libraries/AP_Scripting/lua/src/lstrlib.c
[ 97/238] Compiling libraries/AP_Scripting/lua/src/lgc.c
[ 98/238] Compiling libraries/AP_Common/c++.cpp
[ 99/238] Compiling libraries/AP_Common/AP_Common.cpp
[100/238] Compiling libraries/AP_Common/AP_ExpandingArray.cpp
[101/238] Compiling libraries/AP_Common/AP_FWVersion.cpp
[102/238] Compiling libraries/AP_Common/time.cpp
[103/238] Compiling libraries/AP_Common/ExpandingString.cpp
[104/238] Compiling libraries/AP_Common/float16.cpp
[105/238] Compiling libraries/AP_Common/Location.cpp
[106/238] Compiling libraries/AP_Common/sorting.cpp
[107/238] Compiling libraries/AP_Common/NMEA.cpp
[108/238] Compiling libraries/AP_Math/spline5.cpp
[109/238] Compiling libraries/AP_Math/matrix3.cpp
[110/238] Compiling libraries/AP_Math/AP_GeodesicGrid.cpp
[111/238] Compiling libraries/AP_Math/polygon.cpp
[112/238] Compiling libraries/AP_Math/polyfit.cpp
[113/238] Compiling libraries/AP_Math/matrixN.cpp
[114/238] Compiling libraries/AP_Math/quaternion.cpp
[115/238] Compiling libraries/AP_Math/location_double.cpp
[116/238] Compiling libraries/AP_Math/crc.cpp
[117/238] Compiling libraries/AP_Math/AP_Math.cpp
[118/238] Compiling libraries/AP_Math/matrix_alg.cpp
[119/238] Compiling libraries/AP_Math/location.cpp
[120/238] Compiling libraries/AP_Math/SplineCurve.cpp
[121/238] Compiling libraries/AP_Math/control.cpp
[122/238] Compiling libraries/AP_Math/vector2.cpp
[123/238] Compiling libraries/AP_Math/chirp.cpp
[124/238] Compiling libraries/AP_Math/vector3.cpp
[125/238] Compiling modules/lwip/src/netif/ppp/vj.c
[126/238] Compiling modules/lwip/src/core/netif.c
[127/238] Compiling libraries/AP_Networking/AP_Networking_port.cpp
[128/238] Compiling modules/lwip/src/core/pbuf.c
[129/238] Compiling modules/lwip/src/netif/ppp/eap.c
[130/238] Compiling modules/lwip/src/core/def.c
[131/238] Compiling modules/lwip/src/netif/ppp/upap.c
[132/238] Compiling modules/lwip/src/core/timeouts.c
[133/238] Compiling modules/lwip/src/api/netifapi.c
[134/238] Compiling modules/lwip/src/core/sys.c
[135/238] Compiling modules/lwip/src/netif/ppp/pppoe.c
[136/238] Compiling modules/lwip/src/netif/lowpan6_ble.c
[137/238] Compiling modules/lwip/src/netif/ppp/pppapi.c
[138/238] Compiling modules/lwip/src/netif/ppp/multilink.c
[139/238] Compiling modules/lwip/src/netif/ppp/ipv6cp.c
[140/238] Compiling modules/lwip/src/netif/ppp/ecp.c
[141/238] Compiling modules/lwip/src/netif/ppp/chap-new.c
[142/238] Compiling modules/lwip/src/netif/ppp/chap-md5.c
[143/238] Compiling modules/lwip/src/netif/ppp/eui64.c
[144/238] Compiling modules/lwip/src/netif/zepif.c
[145/238] Compiling modules/lwip/src/netif/ppp/lcp.c
[146/238] Compiling libraries/AP_Networking/lwip_hal/arch/sys_arch.cpp
[147/238] Compiling modules/lwip/src/api/tcpip.c
[148/238] Compiling modules/lwip/src/netif/lowpan6.c
[149/238] Compiling modules/lwip/src/api/netbuf.c
[150/238] Compiling modules/lwip/src/core/ipv4/icmp.c
[151/238] Compiling modules/lwip/src/core/ipv4/dhcp.c
[152/238] Compiling modules/lwip/src/api/api_lib.c
[153/238] Compiling modules/lwip/src/core/ipv4/etharp.c
[154/238] Compiling modules/lwip/src/core/ipv4/igmp.c
[155/238] Compiling modules/lwip/src/core/ipv4/autoip.c
[156/238] Compiling modules/lwip/src/api/if_api.c
[157/238] Compiling modules/lwip/src/core/tcp_in.c
[158/238] Compiling modules/lwip/src/core/stats.c
[159/238] Compiling modules/lwip/src/netif/ppp/chap_ms.c
[160/238] Compiling modules/lwip/src/core/mem.c
[161/238] Compiling modules/lwip/src/core/inet_chksum.c
[162/238] Compiling modules/lwip/src/core/memp.c
[163/238] Compiling modules/lwip/src/core/tcp_out.c
[164/238] Compiling modules/lwip/src/api/api_msg.c
[165/238] Compiling modules/lwip/src/api/err.c
[166/238] Compiling modules/lwip/src/core/init.c
[167/238] Compiling modules/lwip/src/netif/ppp/pppol2tp.c
[168/238] Compiling modules/lwip/src/core/ipv4/ip4_addr.c
[169/238] Compiling modules/lwip/src/netif/slipif.c
[170/238] Compiling modules/lwip/src/core/raw.c
[171/238] Compiling modules/lwip/src/netif/ppp/ipcp.c
[172/238] Compiling modules/lwip/src/core/udp.c
[173/238] Compiling modules/lwip/src/core/tcp.c
[174/238] Compiling modules/lwip/src/core/ipv4/acd.c
[175/238] Compiling modules/lwip/src/core/altcp_alloc.c
[176/238] Compiling modules/lwip/src/netif/ppp/mppe.c
[177/238] Compiling modules/lwip/src/netif/ppp/auth.c
[178/238] Compiling libraries/AP_Networking/lwip_hal/arch/evtimer.c
[179/238] Compiling modules/lwip/src/core/ip.c
[180/238] Compiling libraries/AP_Networking/AP_Networking_tests.cpp
[181/238] Compiling modules/lwip/src/core/altcp.c
[182/238] Compiling libraries/AP_Networking/AP_Networking_ChibiOS.cpp
[183/238] Compiling modules/lwip/src/netif/ppp/utils.c
[184/238] Compiling libraries/AP_Networking/AP_Networking.cpp
[185/238] Compiling modules/lwip/src/netif/ppp/fsm.c
[186/238] Compiling modules/lwip/src/netif/bridgeif_fdb.c
[187/238] Compiling libraries/AP_Networking/AP_Networking_macaddr.cpp
[188/238] Compiling libraries/AP_Networking/AP_Networking_address.cpp
[189/238] Compiling libraries/AP_Networking/AP_Networking_CAN.cpp
[190/238] Compiling libraries/AP_Networking/AP_Networking_PPP.cpp
[191/238] Compiling modules/lwip/src/core/altcp_tcp.c
[192/238] Compiling modules/lwip/src/netif/ppp/demand.c
[193/238] Compiling modules/lwip/src/core/ipv4/ip4_frag.c
[194/238] Compiling modules/lwip/src/netif/ppp/pppos.c
[195/238] Compiling modules/lwip/src/netif/ppp/ppp.c
[196/238] Compiling modules/lwip/src/netif/ppp/magic.c
[197/238] Compiling modules/lwip/src/core/dns.c
[198/238] Compiling modules/lwip/src/netif/bridgeif.c
[199/238] Compiling modules/lwip/src/core/ipv4/ip4.c
[200/238] Compiling modules/lwip/src/netif/lowpan6_common.c
[201/238] Compiling modules/lwip/src/netif/ppp/pppcrypt.c
[202/238] Compiling modules/lwip/src/api/netdb.c
[203/238] Compiling modules/lwip/src/netif/ppp/ccp.c
[204/238] Compiling modules/lwip/src/netif/ethernet.c
[205/238] Compiling modules/lwip/src/api/sockets.c
[206/238] Compiling libraries/AP_ROMFS/tinflate.cpp
[207/238] Compiling libraries/AP_ROMFS/AP_ROMFS.cpp
[208/238] Compiling libraries/AP_CheckFirmware/AP_CheckFirmware.cpp
[209/238] Compiling libraries/AP_CheckFirmware/monocypher.cpp
[210/238] Compiling libraries/AP_CheckFirmware/AP_CheckFirmware_secure_command.cpp
[211/238] Compiling libraries/AP_Math/SCurve.cpp
[212/238] Compiling libraries/AP_HAL/SIMState.cpp
[213/238] Compiling libraries/AP_HAL_ChibiOS/system.cpp
[214/238] Compiling libraries/AP_HAL_ChibiOS/HAL_ChibiOS_Class.cpp
[215/238] Compiling libraries/AP_HAL_ChibiOS/GPIO.cpp
[216/238] Compiling libraries/AP_HAL_ChibiOS/Storage.cpp
[217/238] Compiling build/H4H32N9_A6U828N_C463OP/libraries/AP_Scripting/lua_generated_bindings.cpp
[218/238] Compiling libraries/AP_Scripting/lua_boxed_numerics.cpp
[219/238] Compiling libraries/AP_Scripting/AP_Scripting_helpers.cpp
[220/238] Compiling libraries/AP_Scripting/lua_scripts.cpp
[221/238] Compiling libraries/AP_Scripting/lua_bindings.cpp
[222/238] Compiling modules/DroneCAN/libcanard/canard.c
[223/238] Compiling Tools/AP_Bootloader/support.cpp
[224/238] Compiling Tools/AP_Bootloader/bl_protocol.cpp
[225/238] Compiling Tools/AP_Bootloader/flash_from_sd.cpp
[226/238] Compiling Tools/AP_Bootloader/AP_Bootloader.cpp
[227/238] Compiling Tools/AP_Bootloader/md5.cpp
[228/238] Compiling Tools/AP_Bootloader/custom.cpp
[229/238] Compiling Tools/AP_Bootloader/network.cpp
[230/238] Compiling Tools/AP_Bootloader/can.cpp
[231/238] Linking build/H4H32N9_A6U828N_C463OP/Tools/AP_Bootloader/liblibcanard.a
[232/238] Linking build/H4H32N9_A6U828N_C463OP/lib/libAP_Bootloader_libs.a
[233/238] Linking build/H4H32N9_A6U828N_C463OP/bootloader/AP_Bootloader
[234/238] Generating bin/AP_Bootloader.bin
[235/238] checking symbols build/H4H32N9_A6U828N_C463OP/bootloader/AP_Bootloader
[236/238] apj_gen build/H4H32N9_A6U828N_C463OP/bin/AP_Bootloader.bin
[237/238] bin cleanup build/H4H32N9_A6U828N_C463OP/bin/AP_Bootloader.bin
[238/238] Generating bin/AP_Bootloader.hex
Waf: Leaving directory `/home/blacksquare/ardupilot/build/H4H32N9_A6U828N_C463OP'

BUILD SUMMARY
Build directory: /home/blacksquare/ardupilot/build/H4H32N9_A6U828N_C463OP
Target                    Text (B)  Data (B)  BSS (B)  Total Flash Used (B)  Free Flash (B)  External Flash Used (B)
--------------------------------------------------------------------------------------------------------------------
bootloader/AP_Bootloader     40616       116   130952                 40732           90340  Not Applicable         
'bootloader' finished successfully (8.145s)
Building for H4H32N9_A6U828N_C463OP
Running (./waf configure --board H4H32N9_A6U828N_C463OP --bootloader --no-submodule-update --Werror)
Running (./waf clean)
Running (./waf bootloader)
Created Tools/bootloaders/H4H32N9_A6U828N_C463OP_bl.bin
Created Tools/bootloaders/H4H32N9_A6U828N_C463OP_bl.elf
Running (/usr/bin/python3 Tools/scripts/bin2hex.py --offset 0x08000000 Tools/bootloaders/H4H32N9_A6U828N_C463OP_bl.bin Tools/bootloaders/H4H32N9_A6U828N_C463OP_bl.hex)
Created Tools/bootloaders/H4H32N9_A6U828N_C463OP_bl.hex
--- Configure for Copter ---
Setting top to                           : /home/blacksquare/ardupilot 
Setting out to                           : /home/blacksquare/ardupilot/build 
Autoconfiguration                        : enabled 
Checking for program 'python'            : /usr/bin/python3 
Checking for python version >= 3.6.9     : 3.12.3 
Setting board to                         : H4H32N9_A6U828N_C463OP 
Using toolchain                          : arm-none-eabi 
Checking for 'g++' (C++ compiler)        : /usr/bin/arm-none-eabi-g++ 
Checking for 'gcc' (C compiler)          : /usr/bin/arm-none-eabi-gcc 
Checking for program 'arm-none-eabi-nm'  : /usr/bin/arm-none-eabi-nm 
Checking for c flags '-MMD'              : yes 
Checking for cxx flags '-MMD'            : yes 
CXX Compiler                             : g++ 13.2.1 
Checking for program 'make'              : /usr/bin/make 
Checking for program 'arm-none-eabi-objcopy' : /usr/bin/arm-none-eabi-objcopy 
Including /home/blacksquare/ardupilot/libraries/AP_HAL_ChibiOS/hwdef/CubeOrange/hwdef.inc
Adding environment OPTIMIZE -O2
Including /home/blacksquare/ardupilot/libraries/AP_HAL_ChibiOS/hwdef/CubeOrange/sdcard.inc
Removing AP_BATTERY_SMBUS_SOLO_ENABLED
Removing USB_STRING_PRODUCT
Removing USB_STRING_MANUFACTURER
Removing APJ_BOARD_ID
Removing USB_PRODUCT
Removing CHECK_ICM20602_EXT
Removing CHECK_IMU0_PRESENT
Removing CHECK_IMU1_PRESENT
Removing CHECK_IMU2_PRESENT
Removing CHECK_ICM20649
Removing BOARD_VALIDATE
Removing IMU
Removing I2C_ORDER
Adding environment BUILD_ABIN True
Setup for MCU STM32H757xx
Default parameters path from hwdef: /home/blacksquare/ardupilot/libraries/AP_HAL_ChibiOS/hwdef/H4H32N9_A6U828N_C463OP/defaults.parm
Writing hwdef setup in /home/blacksquare/ardupilot/build/H4H32N9_A6U828N_C463OP/hwdef.h
MCU Flags: cortex-m7 ['-mcpu=cortex-m7', '-mfpu=fpv5-d16', '-mfloat-abi=hard']
Writing DMA map
Setting up as normal
Generating ldscript.ld
Checking for env.py
env set OPTIMIZE=-O2
env set BUILD_ABIN=True
env set ENABLE_DFU_BOOT=1
env set WITH_FATFS=1
env set PROCESS_STACK=0x1C00
env set MAIN_STACK=0x600
env set IOMCU_FW=0
env set PERIPH_FW=0
env set HAL_NUM_CAN_IFACES=2
env set HAL_CANFD_SUPPORTED=8
env set BOARD_FLASH_SIZE=2048
env set EXT_FLASH_SIZE_MB=0
env set INT_FLASH_PRIMARY=False
env set ENABLE_CRASHDUMP=True
env set CPU_FLAGS=['-mcpu=cortex-m7', '-mfpu=fpv5-d16', '-mfloat-abi=hard', '-DARM_MATH_CM7', '-u_printf_float']
env set CORTEX=cortex-m7
env set APJ_BOARD_ID=1063
env set APJ_BOARD_TYPE=STM32H757xx
env set USBID=0x2dae/0x1058
env set FLASH_RESERVE_START_KB=128
env set EXT_FLASH_RESERVE_START_KB=0
env set FLASH_TOTAL=1966080
env set HAS_EXTERNAL_FLASH_SECTIONS=0
env set CHIBIOS_BUILD_FLAGS=USE_FATFS=yes CHIBIOS_STARTUP_MK=os/common/startup/ARMCMx/compilers/GCC/mk/startup_stm32h7xx.mk CHIBIOS_PLATFORM_MK=os/hal/ports/STM32/STM32H7xx/platform.mk MCU=cortex-m7 ENV_UDEFS=-DCHPRINTF_USE_FLOAT=1
Enabling ChibiOS asserts                     : no 
Disabling Watchdog                           : no 
Enabling malloc guard                        : no 
Enabling ChibiOS thread statistics           : no 
Enabling -Werror                             : no 
Checking for intelhex module:                : OK 
Enabled OpenDroneID                          : no 
Enabled firmware ID checking                 : no 
GPS Debug Logging                            : no 
Enabled custom controller                    : no 
Checking for HAVE_CMATH_ISFINITE             : yes 
Checking for HAVE_CMATH_ISINF                : yes 
Checking for HAVE_CMATH_ISNAN                : yes 
Checking for NEED_CMATH_ISFINITE_STD_NAMESPACE : yes 
Checking for NEED_CMATH_ISINF_STD_NAMESPACE    : yes 
Checking for NEED_CMATH_ISNAN_STD_NAMESPACE    : yes 
Checking for header endian.h                   : not found 
Checking for header byteswap.h                 : not found 
Checking for HAVE_MEMRCHR                      : no 
Configured VSCode Intellisense:                : no 
DC_DSDL compiler in                            : /home/blacksquare/ardupilot/modules/DroneCAN/dronecan_dsdlc 
Source is git repository                       : yes 
Update submodules                              : no 
Checking for program 'git'                     : /usr/bin/git 
Gtest                                          : STM32 boards currently don't support compiling gtest 
Checking for program 'arm-none-eabi-size'      : /usr/bin/arm-none-eabi-size 
Benchmarks                                     : disabled 
Unit tests                                     : disabled 
Scripting                                      : maybe 
Scripting runtime checks                       : enabled 
Debug build                                    : disabled 
Coverage build                                 : disabled 
Force 32-bit build                             : disabled 
Checking for program 'rsync'                   : /usr/bin/rsync 
Removing target_list file /home/blacksquare/ardupilot/build/H4H32N9_A6U828N_C463OP/target_list
'configure' finished successfully (0.876s)
--- Build Copter ---
Waf: Entering directory `/home/blacksquare/ardupilot/build/H4H32N9_A6U828N_C463OP'
Checking for env.py
env added OPTIMIZE=-O2
env added BUILD_ABIN=True
env added ENABLE_DFU_BOOT=1
env added WITH_FATFS=1
env added PROCESS_STACK=0x1C00
env added MAIN_STACK=0x600
env added IOMCU_FW=0
env added PERIPH_FW=0
env added HAL_NUM_CAN_IFACES=2
env added HAL_CANFD_SUPPORTED=8
env added BOARD_FLASH_SIZE=2048
env added EXT_FLASH_SIZE_MB=0
env added INT_FLASH_PRIMARY=False
env added ENABLE_CRASHDUMP=True
env appended CPU_FLAGS=['-mcpu=cortex-m7', '-mfpu=fpv5-d16', '-mfloat-abi=hard', '-DARM_MATH_CM7', '-u_printf_float']
env added CORTEX=cortex-m7
env added APJ_BOARD_ID=1063
env added APJ_BOARD_TYPE=STM32H757xx
env added USBID=0x2dae/0x1058
env added FLASH_RESERVE_START_KB=128
env added EXT_FLASH_RESERVE_START_KB=0
env added FLASH_TOTAL=1966080
env added HAS_EXTERNAL_FLASH_SECTIONS=0
env added CHIBIOS_BUILD_FLAGS=USE_FATFS=yes CHIBIOS_STARTUP_MK=os/common/startup/ARMCMx/compilers/GCC/mk/startup_stm32h7xx.mk CHIBIOS_PLATFORM_MK=os/hal/ports/STM32/STM32H7xx/platform.mk MCU=cortex-m7 ENV_UDEFS=-DCHPRINTF_USE_FLOAT=1
Padded 4 bytes for bootloader.bin to 40736
Embedding file bootloader.bin:/home/blacksquare/ardupilot/Tools/bootloaders/H4H32N9_A6U828N_C463OP_bl.bin
Embedding file defaults.parm:/home/blacksquare/ardupilot/build/H4H32N9_A6U828N_C463OP/processed_defaults.parm
Embedding file hwdef.dat:/home/blacksquare/ardupilot/build/H4H32N9_A6U828N_C463OP/hw.dat
Embedding file io_firmware.bin:Tools/IO_Firmware/iofirmware_highpolh.bin
Embedding file io_firmware_dshot.bin:Tools/IO_Firmware/iofirmware_dshot_highpolh.bin
Embedding file scripts/Hobbywing_DataLink.lua:/home/blacksquare/ardupilot/libraries/AP_HAL_ChibiOS/hwdef/H4H32N9_A6U828N_C463OP/scripts/Hobbywing_DataLink.lua
Embedding file scripts/MotorSafeStop.lua:/home/blacksquare/ardupilot/libraries/AP_HAL_ChibiOS/hwdef/H4H32N9_A6U828N_C463OP/scripts/MotorSafeStop.lua
[1/9] Creating build/H4H32N9_A6U828N_C463OP/hwdef.h
[3/9] Creating build/H4H32N9_A6U828N_C463OP/modules/ChibiOS/include_dirs
[4/9] Processing modules/mavlink/message_definitions/v1.0/all.xml
Validation skipped for /home/blacksquare/ardupilot/modules/mavlink/message_definitions/v1.0/all.xml.
Parsing /home/blacksquare/ardupilot/modules/mavlink/message_definitions/v1.0/all.xml
Validation skipped for /home/blacksquare/ardupilot/modules/mavlink/message_definitions/v1.0/ardupilotmega.xml.
Parsing /home/blacksquare/ardupilot/modules/mavlink/message_definitions/v1.0/ardupilotmega.xml
Validation skipped for /home/blacksquare/ardupilot/modules/mavlink/message_definitions/v1.0/ASLUAV.xml.
Parsing /home/blacksquare/ardupilot/modules/mavlink/message_definitions/v1.0/ASLUAV.xml
Validation skipped for /home/blacksquare/ardupilot/modules/mavlink/message_definitions/v1.0/common.xml.
Parsing /home/blacksquare/ardupilot/modules/mavlink/message_definitions/v1.0/common.xml
Validation skipped for /home/blacksquare/ardupilot/modules/mavlink/message_definitions/v1.0/development.xml.
Parsing /home/blacksquare/ardupilot/modules/mavlink/message_definitions/v1.0/development.xml
Validation skipped for /home/blacksquare/ardupilot/modules/mavlink/message_definitions/v1.0/icarous.xml.
Parsing /home/blacksquare/ardupilot/modules/mavlink/message_definitions/v1.0/icarous.xml
Validation skipped for /home/blacksquare/ardupilot/modules/mavlink/message_definitions/v1.0/minimal.xml.
Parsing /home/blacksquare/ardupilot/modules/mavlink/message_definitions/v1.0/minimal.xml
Validation skipped for /home/blacksquare/ardupilot/modules/mavlink/message_definitions/v1.0/python_array_test.xml.
Parsing /home/blacksquare/ardupilot/modules/mavlink/message_definitions/v1.0/python_array_test.xml
Validation skipped for /home/blacksquare/ardupilot/modules/mavlink/message_definitions/v1.0/standard.xml.
Parsing /home/blacksquare/ardupilot/modules/mavlink/message_definitions/v1.0/standard.xml
Validation skipped for /home/blacksquare/ardupilot/modules/mavlink/message_definitions/v1.0/test.xml.
Parsing /home/blacksquare/ardupilot/modules/mavlink/message_definitions/v1.0/test.xml
Validation skipped for /home/blacksquare/ardupilot/modules/mavlink/message_definitions/v1.0/ualberta.xml.
Parsing /home/blacksquare/ardupilot/modules/mavlink/message_definitions/v1.0/ualberta.xml
Validation skipped for /home/blacksquare/ardupilot/modules/mavlink/message_definitions/v1.0/uAvionix.xml.
Parsing /home/blacksquare/ardupilot/modules/mavlink/message_definitions/v1.0/uAvionix.xml
Validation skipped for /home/blacksquare/ardupilot/modules/mavlink/message_definitions/v1.0/loweheiser.xml.
Parsing /home/blacksquare/ardupilot/modules/mavlink/message_definitions/v1.0/loweheiser.xml
Validation skipped for /home/blacksquare/ardupilot/modules/mavlink/message_definitions/v1.0/storm32.xml.
Parsing /home/blacksquare/ardupilot/modules/mavlink/message_definitions/v1.0/storm32.xml
Validation skipped for /home/blacksquare/ardupilot/modules/mavlink/message_definitions/v1.0/AVSSUAS.xml.
Parsing /home/blacksquare/ardupilot/modules/mavlink/message_definitions/v1.0/AVSSUAS.xml
Validation skipped for /home/blacksquare/ardupilot/modules/mavlink/message_definitions/v1.0/cubepilot.xml.
Parsing /home/blacksquare/ardupilot/modules/mavlink/message_definitions/v1.0/cubepilot.xml
Validation skipped for /home/blacksquare/ardupilot/modules/mavlink/message_definitions/v1.0/csAirLink.xml.
Parsing /home/blacksquare/ardupilot/modules/mavlink/message_definitions/v1.0/csAirLink.xml
Merged enum MAV_CMD
Merged enum MAV_CMD
Merged enum MAV_CMD
Merged enum MAV_CMD
Merged enum MAV_CMD
Merged enum MAV_CMD
Found 342 MAVLink message types in 17 XML files
Generating C implementation in directory /home/blacksquare/ardupilot/build/H4H32N9_A6U828N_C463OP/libraries/GCS_MAVLink/include/mavlink/v2.0/all
Generating C implementation in directory /home/blacksquare/ardupilot/build/H4H32N9_A6U828N_C463OP/libraries/GCS_MAVLink/include/mavlink/v2.0/ardupilotmega
Generating C implementation in directory /home/blacksquare/ardupilot/build/H4H32N9_A6U828N_C463OP/libraries/GCS_MAVLink/include/mavlink/v2.0/ASLUAV
Generating C implementation in directory /home/blacksquare/ardupilot/build/H4H32N9_A6U828N_C463OP/libraries/GCS_MAVLink/include/mavlink/v2.0/common
Including /home/blacksquare/ardupilot/libraries/AP_HAL_ChibiOS/hwdef/CubeOrange/hwdef.inc
Adding environment OPTIMIZE -O2
Including /home/blacksquare/ardupilot/libraries/AP_HAL_ChibiOS/hwdef/CubeOrange/sdcard.inc
Removing AP_BATTERY_SMBUS_SOLO_ENABLED
Removing USB_STRING_PRODUCT
Removing USB_STRING_MANUFACTURER
Removing APJ_BOARD_ID
Removing USB_PRODUCT
Removing CHECK_ICM20602_EXT
Removing CHECK_IMU0_PRESENT
Removing CHECK_IMU1_PRESENT
Removing CHECK_IMU2_PRESENT
Removing CHECK_ICM20649
Removing BOARD_VALIDATE
Removing IMU
Removing I2C_ORDER
Adding environment BUILD_ABIN True
Setup for MCU STM32H757xx
Default parameters path from hwdef: /home/blacksquare/ardupilot/libraries/AP_HAL_ChibiOS/hwdef/H4H32N9_A6U828N_C463OP/defaults.parm
Writing hwdef setup in /home/blacksquare/ardupilot/build/H4H32N9_A6U828N_C463OP/hwdef.h
MCU Flags: cortex-m7 ['-mcpu=cortex-m7', '-mfpu=fpv5-d16', '-mfloat-abi=hard']
Writing DMA map
Setting up as normal
No change in hwdef.h
Generating ldscript.ld

[6/9] Processing dronecangen: modules/DroneCAN/DSDL/ardupilot modules/DroneCAN/DSDL/com modules/DroneCAN/DSDL/cuav modules/DroneCAN/DSDL/dronecan modules/DroneCAN/DSDL/mppt modules/DroneCAN/DSDL/tests modules/DroneCAN/DSDL/uavcan
[7/9] Creating build/H4H32N9_A6U828N_C463OP/chibios_flags.h
Generating C implementation in directory /home/blacksquare/ardupilot/build/H4H32N9_A6U828N_C463OP/libraries/GCS_MAVLink/include/mavlink/v2.0/development
Generating C implementation in directory /home/blacksquare/ardupilot/build/H4H32N9_A6U828N_C463OP/libraries/GCS_MAVLink/include/mavlink/v2.0/icarous
Generating C implementation in directory /home/blacksquare/ardupilot/build/H4H32N9_A6U828N_C463OP/libraries/GCS_MAVLink/include/mavlink/v2.0/minimal
Generating C implementation in directory /home/blacksquare/ardupilot/build/H4H32N9_A6U828N_C463OP/libraries/GCS_MAVLink/include/mavlink/v2.0/python_array_test
Generating C implementation in directory /home/blacksquare/ardupilot/build/H4H32N9_A6U828N_C463OP/libraries/GCS_MAVLink/include/mavlink/v2.0/standard
Generating C implementation in directory /home/blacksquare/ardupilot/build/H4H32N9_A6U828N_C463OP/libraries/GCS_MAVLink/include/mavlink/v2.0/test
Generating C implementation in directory /home/blacksquare/ardupilot/build/H4H32N9_A6U828N_C463OP/libraries/GCS_MAVLink/include/mavlink/v2.0/ualberta
Generating C implementation in directory /home/blacksquare/ardupilot/build/H4H32N9_A6U828N_C463OP/libraries/GCS_MAVLink/include/mavlink/v2.0/uAvionix
Generating C implementation in directory /home/blacksquare/ardupilot/build/H4H32N9_A6U828N_C463OP/libraries/GCS_MAVLink/include/mavlink/v2.0/loweheiser
Generating C implementation in directory /home/blacksquare/ardupilot/build/H4H32N9_A6U828N_C463OP/libraries/GCS_MAVLink/include/mavlink/v2.0/storm32
Generating C implementation in directory /home/blacksquare/ardupilot/build/H4H32N9_A6U828N_C463OP/libraries/GCS_MAVLink/include/mavlink/v2.0/AVSSUAS
Generating C implementation in directory /home/blacksquare/ardupilot/build/H4H32N9_A6U828N_C463OP/libraries/GCS_MAVLink/include/mavlink/v2.0/cubepilot
Generating C implementation in directory /home/blacksquare/ardupilot/build/H4H32N9_A6U828N_C463OP/libraries/GCS_MAVLink/include/mavlink/v2.0/csAirLink
Copying fixed headers for protocol 2.0 to /home/blacksquare/ardupilot/build/H4H32N9_A6U828N_C463OP/libraries/GCS_MAVLink/include/mavlink/v2.0
[9/9] Linking build/H4H32N9_A6U828N_C463OP/modules/ChibiOS/libch.a
expanding ardupilot.gnss.Status
expanding com.hobbywing.esc.GetMajorConfig
expanding com.tmotor.esc.ParamGet
expanding dronecan.remoteid.OperatorID
expanding dronecan.sensors.rc.RCInput
expanding uavcan.protocol.Panic
expanding uavcan.protocol.file.GetDirectoryEntryInfo
expanding uavcan.protocol.debug.KeyValue
expanding uavcan.protocol.enumeration.Begin
expanding uavcan.equipment.hardpoint.Status
expanding uavcan.equipment.camera_gimbal.Mode
expanding uavcan.equipment.air_data.AngleOfAttack
expanding ardupilot.indication.NotifyState
expanding com.hobbywing.esc.RawCommand
expanding com.hobbywing.esc.GetEscID
expanding com.tmotor.esc.PUSHSCI
expanding com.xacti.GnssStatusReq
expanding dronecan.remoteid.SecureCommand
expanding uavcan.protocol.GetTransportStats
expanding uavcan.protocol.debug.LogMessage
expanding uavcan.tunnel.Targetted
expanding uavcan.equipment.safety.ArmingStatus
expanding uavcan.equipment.actuator.ArrayCommand
expanding uavcan.equipment.esc.StatusExtended
expanding uavcan.equipment.air_data.Sideslip
expanding ardupilot.equipment.power.BatteryPeriodic
expanding com.hobbywing.esc.SetBaud
expanding com.xacti.GimbalControlData
expanding dronecan.protocol.Stats
expanding uavcan.protocol.AccessCommandShell
expanding uavcan.protocol.file.GetInfo
expanding uavcan.protocol.param.Empty
expanding uavcan.tunnel.Protocol
expanding uavcan.equipment.indication.LightsCommand
expanding uavcan.equipment.range_sensor.Measurement
expanding uavcan.equipment.air_data.StaticPressure
expanding uavcan.equipment.gnss.Fix
expanding ardupilot.gnss.RelPosHeading
expanding com.hobbywing.esc.StatusMsg3
expanding com.hobbywing.esc.SetLED
expanding dronecan.protocol.FlexDebug
expanding uavcan.CoarseOrientation
expanding uavcan.protocol.RestartNode
expanding uavcan.protocol.dynamic_node_id.Allocation
expanding uavcan.protocol.param.ExecuteOpcode
expanding uavcan.equipment.ice.reciprocating.Status
expanding uavcan.equipment.gnss.ECEFPositionVelocity
expanding ardupilot.gnss.MovingBaselineData
expanding com.hobbywing.esc.SetThrottleSource
expanding com.xacti.GimbalAttitudeStatus
expanding dronecan.remoteid.System
expanding uavcan.protocol.DataTypeKind
expanding uavcan.protocol.dynamic_node_id.server.Entry
expanding uavcan.navigation.GlobalNavigationSolution
expanding uavcan.equipment.ice.FuelTankStatus
expanding uavcan.equipment.esc.RPMCommand
expanding ardupilot.equipment.power.BatteryInfoAux
expanding com.hobbywing.esc.SetReportingFrequency
expanding com.volz.servo.ActuatorStatus
expanding cuav.equipment.power.CBAT
expanding mppt.OutputEnable
expanding uavcan.protocol.file.Path
expanding uavcan.protocol.file.Read
expanding uavcan.protocol.param.NumericValue
expanding uavcan.equipment.indication.BeepCommand
expanding uavcan.equipment.ahrs.MagneticFieldStrength2
expanding uavcan.equipment.camera_gimbal.Status
expanding uavcan.equipment.air_data.TrueAirspeed
expanding ardupilot.equipment.power.BatteryContinuous
expanding com.hobbywing.esc.SetDirection
expanding com.himark.servo.ServoCmd
expanding dronecan.remoteid.SelfID
expanding dronecan.sensors.rpm.RPM
expanding uavcan.protocol.GetNodeInfo
expanding uavcan.protocol.file.EntryType
expanding uavcan.protocol.dynamic_node_id.server.Discovery
expanding uavcan.protocol.param.Value
expanding uavcan.equipment.indication.RGB565
expanding uavcan.equipment.ahrs.RawIMU
expanding uavcan.equipment.camera_gimbal.AngularCommand
expanding uavcan.equipment.air_data.IndicatedAirspeed
expanding uavcan.equipment.gnss.Fix2
expanding ardupilot.gnss.Heading
expanding com.hobbywing.esc.SetAngle
expanding com.tmotor.esc.PUSHCAN
expanding com.xacti.GnssStatus
expanding dronecan.remoteid.ArmStatus
expanding mppt.Stream
expanding uavcan.protocol.SoftwareVersion
expanding uavcan.protocol.file.BeginFirmwareUpdate
expanding uavcan.protocol.debug.LogLevel
expanding uavcan.tunnel.Call
expanding uavcan.equipment.device.Temperature
expanding uavcan.equipment.camera_gimbal.GEOPOICommand
expanding uavcan.equipment.gnss.RTCMStream
expanding ardupilot.equipment.proximity_sensor.Proximity
expanding com.hobbywing.esc.StatusMsg2
expanding com.hobbywing.esc.GetMaintenanceInformation
expanding com.xacti.CopterAttStatus
expanding dronecan.protocol.CanStats
expanding uavcan.protocol.GetDataTypeInfo
expanding uavcan.protocol.file.Write
expanding uavcan.protocol.enumeration.Indication
expanding uavcan.equipment.indication.SingleLightCommand
expanding uavcan.equipment.actuator.Status
expanding uavcan.equipment.esc.RawCommand
expanding uavcan.equipment.gnss.Auxiliary
expanding ardupilot.indication.SafetyState
expanding ardupilot.equipment.power.BatteryCells
expanding com.hobbywing.esc.SetID
expanding com.hex.equipment.flow.Measurement
expanding dronecan.remoteid.BasicID
expanding dronecan.sensors.hygrometer.Hygrometer
expanding uavcan.protocol.NodeStatus
expanding uavcan.protocol.GlobalTimeSync
expanding uavcan.protocol.file.Delete
expanding uavcan.protocol.param.GetSet
expanding uavcan.equipment.ahrs.Solution
expanding uavcan.equipment.air_data.RawAirData
expanding uavcan.equipment.power.CircuitStatus
expanding ardupilot.equipment.trafficmonitor.TrafficReport
expanding com.hobbywing.esc.StatusMsg1
expanding com.tmotor.esc.ParamCfg
expanding dronecan.sensors.magnetometer.MagneticFieldStrengthHiRes
expanding uavcan.protocol.HardwareVersion
expanding uavcan.protocol.dynamic_node_id.server.RequestVote
expanding uavcan.tunnel.SerialConfig
expanding uavcan.equipment.hardpoint.Command
expanding uavcan.equipment.ice.reciprocating.CylinderStatus
expanding uavcan.equipment.air_data.StaticTemperature
expanding uavcan.equipment.power.BatteryInfo
expanding ardupilot.indication.Button
expanding com.hobbywing.esc.SelfTest
expanding com.tmotor.esc.FocCtrl
expanding com.himark.servo.ServoInfo
expanding dronecan.remoteid.Location
expanding uavcan.Timestamp
expanding uavcan.protocol.CANIfaceStats
expanding uavcan.protocol.file.Error
expanding uavcan.protocol.dynamic_node_id.server.AppendEntries
expanding uavcan.tunnel.Broadcast
expanding uavcan.equipment.ahrs.MagneticFieldStrength
expanding uavcan.equipment.actuator.Command
expanding uavcan.equipment.esc.Status
expanding uavcan.equipment.power.PrimaryPowerSupplyStatus

[1/116] ChibiOS: Compiling crt0_v7m.S
[2/116] ChibiOS: Compiling vectors.S
[3/116] ChibiOS: Compiling chcoreasm.S
[4/116] ChibiOS: Compiling ff.c
[5/116] ChibiOS: Compiling ffunicode.c
[7/116] ChibiOS: Compiling crt1.c
[6/116] ChibiOS: Compiling chcore.c
[8/116] ChibiOS: Compiling bufstreams.c
[9/116] ChibiOS: Compiling chprintf.c
[10/116] ChibiOS: Compiling chscanf.c
[11/116] ChibiOS: Compiling memstreams.c
[12/116] ChibiOS: Compiling nullstreams.c
[13/116] ChibiOS: Compiling osal.c
[14/116] ChibiOS: Compiling hal_adc_lld.c
[15/116] ChibiOS: Compiling stm32_bdma.c
[16/116] ChibiOS: Compiling hal_crypto_lld.c
[17/116] ChibiOS: Compiling hal_dac_lld.c
[18/116] ChibiOS: Compiling stm32_dma.c
[19/116] ChibiOS: Compiling stm32_exti.c
[20/116] ChibiOS: Compiling hal_can_lld.c
[21/116] ChibiOS: Compiling hal_pal_lld.c
[22/116] ChibiOS: Compiling hal_i2c_lld.c
[23/116] ChibiOS: Compiling hal_mac_lld.c
[24/116] ChibiOS: Compiling stm32_mdma.c
[25/116] ChibiOS: Compiling hal_usb_lld.c
[26/116] ChibiOS: Compiling hal_wspi_lld.c
[27/116] ChibiOS: Compiling hal_trng_lld.c
[28/116] ChibiOS: Compiling hal_rtc_lld.c
[29/116] ChibiOS: Compiling hal_sdc_lld.c
[30/116] ChibiOS: Compiling hal_spi_lld.c
[31/116] ChibiOS: Compiling hal_st_lld.c
[32/116] ChibiOS: Compiling hal_eicu_lld.c
[33/116] ChibiOS: Compiling hal_gpt_lld.c
[34/116] ChibiOS: Compiling hal_icu_lld.c
[35/116] ChibiOS: Compiling hal_pwm_lld.c
[36/116] ChibiOS: Compiling hal_serial_lld.c
[37/116] ChibiOS: Compiling hal_sio_lld.c
[38/116] ChibiOS: Compiling hal_uart_lld.c
[39/116] ChibiOS: Compiling hal_wdg_lld.c
[40/116] ChibiOS: Compiling hal_lld.c
[41/116] ChibiOS: Compiling stm32_isr.c
[42/116] ChibiOS: Compiling nvic.c
[43/116] ChibiOS: Compiling hal.c
[44/116] ChibiOS: Compiling hal_adc.c
[45/116] ChibiOS: Compiling hal_buffers.c
[46/116] ChibiOS: Compiling hal_can.c
[47/116] ChibiOS: Compiling hal_crypto.c
[48/116] ChibiOS: Compiling hal_dac.c
[49/116] ChibiOS: Compiling hal_efl.c
[50/116] ChibiOS: Compiling hal_eicu.c
[51/116] ChibiOS: Compiling hal_flash.c
[52/116] ChibiOS: Compiling hal_gpt.c
[53/116] ChibiOS: Compiling hal_i2c.c
[54/116] ChibiOS: Compiling hal_i2s.c
[55/116] ChibiOS: Compiling hal_icu.c
[56/116] ChibiOS: Compiling hal_mac.c
[57/116] ChibiOS: Compiling hal_mmc_spi.c
[58/116] ChibiOS: Compiling hal_mmcsd.c
[59/116] ChibiOS: Compiling hal_pal.c
[60/116] ChibiOS: Compiling hal_pwm.c
[61/116] ChibiOS: Compiling hal_queues.c
[62/116] ChibiOS: Compiling hal_rtc.c
[63/116] ChibiOS: Compiling hal_sdc.c
[64/116] ChibiOS: Compiling hal_serial.c
[65/116] ChibiOS: Compiling hal_serial_usb.c
[66/116] ChibiOS: Compiling hal_sio.c
[67/116] ChibiOS: Compiling hal_spi.c
[68/116] ChibiOS: Compiling hal_st.c
[69/116] ChibiOS: Compiling hal_trng.c
[70/116] ChibiOS: Compiling hal_uart.c
[71/116] ChibiOS: Compiling hal_usb.c
[72/116] ChibiOS: Compiling hal_wdg.c
[73/116] ChibiOS: Compiling hal_wspi.c
[74/116] ChibiOS: Compiling chdelegates.c
[75/116] ChibiOS: Compiling chfactory.c
[76/116] ChibiOS: Compiling chmboxes.c
[77/116] ChibiOS: Compiling chmemcore.c
[78/116] ChibiOS: Compiling chmemheaps.c
[79/116] ChibiOS: Compiling chmempools.c
[80/116] ChibiOS: Compiling chobjcaches.c
[81/116] ChibiOS: Compiling chpipes.c
[82/116] ChibiOS: Compiling chcond.c
[83/116] ChibiOS: Compiling chdebug.c
[84/116] ChibiOS: Compiling chdynamic.c
[85/116] ChibiOS: Compiling chevents.c
[86/116] ChibiOS: Compiling chinstances.c
[87/116] ChibiOS: Compiling chmsg.c
[88/116] ChibiOS: Compiling chmtx.c
[89/116] ChibiOS: Compiling chregistry.c
[90/116] ChibiOS: Compiling chrfcu.c
[91/116] ChibiOS: Compiling chschd.c
[92/116] ChibiOS: Compiling chsem.c
[93/116] ChibiOS: Compiling chstats.c
[94/116] ChibiOS: Compiling chsys.c
[95/116] ChibiOS: Compiling chthreads.c
[96/116] ChibiOS: Compiling chtm.c
[97/116] ChibiOS: Compiling chtrace.c
[98/116] ChibiOS: Compiling chvt.c
[99/116] ChibiOS: Compiling fatfs_diskio.c
[100/116] ChibiOS: Compiling fatfs_syscall.c
[101/116] ChibiOS: Compiling syscalls.c
[102/116] ChibiOS: Compiling stubs.c
[103/116] ChibiOS: Compiling board.c
[104/116] ChibiOS: Compiling usbcfg.c
[105/116] ChibiOS: Compiling usbcfg_dualcdc.c
[106/116] ChibiOS: Compiling usbcfg_common.c
[107/116] ChibiOS: Compiling flash.c
[108/116] ChibiOS: Compiling malloc.c
[109/116] ChibiOS: Compiling hrt.c
[110/116] ChibiOS: Compiling stm32_util.c
[111/116] ChibiOS: Compiling bouncebuffer.c
[112/116] ChibiOS: Compiling watchdog.c
[113/116] ChibiOS: Compiling ch.cpp
[114/116] ChibiOS: Compiling CrashCatcher_armv7m.S
[115/116] ChibiOS: Compiling CrashCatcher.c
[116/116] ChibiOS: Compiling crashdump.c

ChibiOS: Done!

CrashCatcher: Done!

arm-none-eabi-ar: creating modules/ChibiOS/libcc.a

No target_list file found, creating
Generating compile_commands.json
Build commands will be stored in build/H4H32N9_A6U828N_C463OP/compile_commands.json
Generating compile_commands.json
Build commands will be stored in build/H4H32N9_A6U828N_C463OP/compile_commands.json
[  10/1217] Compiling libraries/AC_AttitudeControl/AC_CommandModel.cpp
[  11/1217] Compiling libraries/AC_AttitudeControl/AC_AttitudeControl_Multi.cpp
[  12/1217] Compiling libraries/AC_AttitudeControl/AC_AttitudeControl_Heli.cpp
[  13/1217] Compiling libraries/AC_AttitudeControl/AC_AttitudeControl_Sub.cpp
[  14/1217] Compiling libraries/AC_AttitudeControl/AC_AttitudeControl_Multi_6DoF.cpp
[  15/1217] Compiling libraries/AC_AttitudeControl/AC_PosControl_Logging.cpp
[  16/1217] Compiling libraries/AC_AttitudeControl/ControlMonitor.cpp
[  17/1217] Compiling libraries/AC_AttitudeControl/AC_AttitudeControl_Logging.cpp
[  18/1217] Compiling libraries/AC_AttitudeControl/AC_AttitudeControl_TS.cpp
[  19/1217] Compiling libraries/AC_AutoTune/AC_AutoTune_Multi.cpp
[  20/1217] Compiling libraries/AC_AutoTune/AC_AutoTune_Heli.cpp
[  21/1217] Compiling libraries/AC_AutoTune/AC_AutoTune_FreqResp.cpp
[  22/1217] Compiling libraries/AC_Autorotation/RSC_Autorotation.cpp
[  23/1217] Compiling libraries/AC_Autorotation/AC_Autorotation.cpp
[  24/1217] Compiling libraries/AC_Avoidance/AP_OAVisGraph.cpp
[  25/1217] Compiling libraries/AC_Avoidance/AC_Avoidance_Logging.cpp
[  26/1217] Compiling libraries/AC_Avoidance/AP_OADijkstra.cpp
[  27/1217] Compiling libraries/AC_Avoidance/AP_OAPathPlanner.cpp
[  28/1217] Compiling libraries/AC_InputManager/AC_InputManager.cpp
[  29/1217] Compiling libraries/AC_InputManager/AC_InputManager_Heli.cpp
[  30/1217] Compiling libraries/AC_PID/AC_P.cpp
[  31/1217] Compiling libraries/AC_PID/AC_PI.cpp
[  32/1217] Compiling libraries/AC_PID/AC_PID.cpp
[  33/1217] Compiling libraries/AC_PID/AC_PID_2D.cpp
[  34/1217] Compiling libraries/AC_PID/AC_PID_Basic.cpp
[  35/1217] Compiling libraries/AC_PID/AC_PI_2D.cpp
[  36/1217] Compiling libraries/AC_PID/AC_P_1D.cpp
[  37/1217] Compiling libraries/AC_PID/AC_P_2D.cpp
[  38/1217] Compiling libraries/AC_PID/AC_HELI_PID.cpp
[  39/1217] Compiling libraries/AC_PrecLand/AC_PrecLand_SITL.cpp
[  40/1217] Compiling libraries/AC_PrecLand/AC_PrecLand_SITL_Gazebo.cpp
[  41/1217] Compiling libraries/AC_PrecLand/AC_PrecLand_StateMachine.cpp
[  42/1217] Compiling libraries/AC_PrecLand/PosVelEKF.cpp
[  43/1217] Compiling libraries/AC_PrecLand/AC_PrecLand_Companion.cpp
[  44/1217] Compiling libraries/AC_PrecLand/AC_PrecLand_IRLock.cpp
[  45/1217] Compiling libraries/AC_Sprayer/AC_Sprayer.cpp
[  46/1217] Compiling libraries/AC_WPNav/AC_Circle.cpp
[  47/1217] Compiling libraries/AC_WPNav/AC_WPNav.cpp
[  48/1217] Compiling libraries/AC_WPNav/AC_WPNav_OA.cpp
[  49/1217] Compiling libraries/AP_ADC/AP_ADC_ADS1115.cpp
[  50/1217] Compiling libraries/AP_ADSB/AP_ADSB_Backend.cpp
[  51/1217] Compiling libraries/AP_ADSB/AP_ADSB_Sagetech.cpp
[  52/1217] Compiling libraries/AP_ADSB/AP_ADSB_uAvionix_MAVLink.cpp
[  53/1217] Compiling libraries/AP_ADSB/AP_ADSB_uAvionix_UCP.cpp
[  54/1217] Compiling libraries/AP_AHRS/AP_AHRS_External.cpp
[  55/1217] Compiling libraries/AP_AHRS/AP_AHRS_Logging.cpp
[  56/1217] Compiling libraries/AP_AHRS/AP_AHRS_SIM.cpp
[  57/1217] Compiling libraries/AP_AHRS/AP_AHRS_View.cpp
[  58/1217] Compiling libraries/AP_AccelCal/AP_AccelCal.cpp
[  59/1217] Compiling libraries/AP_AccelCal/AccelCalibrator.cpp
[  60/1217] Compiling libraries/AP_AdvancedFailsafe/AP_AdvancedFailsafe.cpp
[  61/1217] Compiling libraries/AP_Airspeed/AP_Airspeed_Backend.cpp
[  62/1217] Compiling libraries/AP_Airspeed/Airspeed_Calibration.cpp
[  63/1217] Compiling libraries/AP_Airspeed/AP_Airspeed_DroneCAN.cpp
[  64/1217] Compiling libraries/AP_Airspeed/AP_Airspeed_External.cpp
[  65/1217] Compiling libraries/AP_Airspeed/AP_Airspeed_Health.cpp
[  66/1217] Compiling libraries/AP_Airspeed/AP_Airspeed_DLVR.cpp
[  67/1217] Compiling libraries/AP_Airspeed/AP_Airspeed_MS4525.cpp
[  68/1217] Compiling libraries/AP_Airspeed/AP_Airspeed_MS5525.cpp
[  69/1217] Compiling libraries/AP_Airspeed/AP_Airspeed_MSP.cpp
[  70/1217] Compiling libraries/AP_Airspeed/AP_Airspeed_SDP3X.cpp
[  71/1217] Compiling libraries/AP_Airspeed/AP_Airspeed_SITL.cpp
[  72/1217] Compiling libraries/AP_Airspeed/AP_Airspeed_analog.cpp
[  73/1217] Compiling libraries/AP_Airspeed/AP_Airspeed_ASP5033.cpp
[  74/1217] Compiling libraries/AP_Baro/AP_Baro_SPL06.cpp
[  75/1217] Compiling libraries/AP_Baro/AP_Baro_BMP388.cpp
[  76/1217] Compiling libraries/AP_Baro/AP_Baro_Logging.cpp
[  77/1217] Compiling libraries/AP_Baro/AP_Baro_BMP280.cpp
[  78/1217] Compiling libraries/AP_Baro/AP_Baro_BMP085.cpp
[  79/1217] Compiling libraries/AP_Baro/AP_Baro_atmosphere.cpp
[  80/1217] Compiling libraries/AP_Baro/AP_Baro_MS5611.cpp
[  81/1217] Compiling libraries/AP_Baro/AP_Baro_BMP581.cpp
[  82/1217] Compiling libraries/AP_Baro/AP_Baro_MSP.cpp
[  83/1217] Compiling libraries/AP_Baro/AP_Baro_KellerLD.cpp
[  84/1217] Compiling libraries/AP_Baro/AP_Baro_Backend.cpp
[  85/1217] Compiling libraries/AP_Baro/AP_Baro_ExternalAHRS.cpp
[  86/1217] Compiling libraries/AP_Baro/AP_Baro_Wind.cpp
[  87/1217] Compiling libraries/AP_Baro/AP_Baro_FBM320.cpp
[  88/1217] Compiling libraries/AP_Baro/AP_Baro_LPS2XH.cpp
[  89/1217] Compiling libraries/AP_Baro/AP_Baro_ICM20789.cpp
[  90/1217] Compiling libraries/AP_Baro/AP_Baro_Dummy.cpp
[  91/1217] Compiling libraries/AP_Baro/AP_Baro_ICP101XX.cpp
[  92/1217] Compiling libraries/AP_Baro/AP_Baro_DPS280.cpp
[  93/1217] Compiling libraries/AP_Baro/AP_Baro_DroneCAN.cpp
[  94/1217] Compiling libraries/AP_Baro/AP_Baro_ICP201XX.cpp
[  95/1217] Compiling libraries/AP_Baro/AP_Baro_HIL.cpp
[  96/1217] Compiling libraries/AP_BattMonitor/AP_BattMonitor_Torqeedo.cpp
[  97/1217] Compiling libraries/AP_BattMonitor/AP_BattMonitor_SMBus_Solo.cpp
[  98/1217] Compiling libraries/AP_BattMonitor/AP_BattMonitor_Scripting.cpp
[  99/1217] Compiling libraries/AP_BattMonitor/AP_BattMonitor_Sum.cpp
[ 100/1217] Compiling libraries/AP_BattMonitor/AP_BattMonitor_INA239.cpp
[ 101/1217] Compiling libraries/AP_BattMonitor/AP_BattMonitor_INA2xx.cpp
[ 102/1217] Compiling libraries/AP_BattMonitor/AP_BattMonitor_AD7091R5.cpp
[ 103/1217] Compiling libraries/AP_BattMonitor/AP_BattMonitor_FuelLevel_Analog.cpp
[ 104/1217] Compiling libraries/AP_BattMonitor/AP_BattMonitor_Analog.cpp
[ 105/1217] Compiling libraries/AP_BattMonitor/AP_BattMonitor_Bebop.cpp
[ 106/1217] Compiling libraries/AP_BattMonitor/AP_BattMonitor_LTC2946.cpp
[ 107/1217] Compiling libraries/AP_BattMonitor/AP_BattMonitor_FuelLevel_PWM.cpp
[ 108/1217] Compiling libraries/AP_BattMonitor/AP_BattMonitor_Logging.cpp
[ 109/1217] Compiling libraries/AP_BattMonitor/AP_BattMonitor_FuelFlow.cpp
[ 110/1217] Compiling libraries/AP_BattMonitor/AP_BattMonitor_ESC.cpp
[ 111/1217] Compiling libraries/AP_BattMonitor/AP_BattMonitor_EFI.cpp
[ 112/1217] Compiling libraries/AP_BattMonitor/AP_BattMonitor_Generator.cpp
[ 113/1217] Compiling libraries/AP_BattMonitor/AP_BattMonitor_SMBus_Generic.cpp
[ 114/1217] Compiling libraries/AP_BattMonitor/AP_BattMonitor_SMBus_Rotoye.cpp
[ 115/1217] Compiling libraries/AP_BattMonitor/AP_BattMonitor_SMBus.cpp
[ 116/1217] Compiling libraries/AP_BattMonitor/AP_BattMonitor_SMBus_NeoDesign.cpp
[ 117/1217] Compiling libraries/AP_BattMonitor/AP_BattMonitor_DroneCAN.cpp
[ 118/1217] Compiling libraries/AP_BattMonitor/AP_BattMonitor_Backend.cpp
[ 119/1217] Compiling libraries/AP_BattMonitor/AP_BattMonitor_Synthetic_Current.cpp
[ 120/1217] Compiling libraries/AP_BattMonitor/AP_BattMonitor_SMBus_SUI.cpp
[ 121/1217] Compiling libraries/AP_Beacon/AP_Beacon_SITL.cpp
[ 122/1217] Compiling libraries/AP_Beacon/AP_Beacon_Pozyx.cpp
[ 123/1217] Compiling libraries/AP_Beacon/AP_Beacon_Marvelmind.cpp
[ 124/1217] Compiling libraries/AP_Beacon/AP_Beacon_Nooploop.cpp
[ 125/1217] Compiling libraries/AP_Beacon/AP_Beacon_Backend.cpp
[ 126/1217] Compiling libraries/AP_Beacon/AP_Beacon.cpp
[ 127/1217] Compiling libraries/AP_BoardConfig/IMU_heater.cpp
[ 128/1217] Compiling libraries/AP_BoardConfig/board_drivers.cpp
[ 129/1217] Compiling libraries/AP_Button/AP_Button.cpp
[ 130/1217] Compiling libraries/AP_CANManager/AP_SLCANIface.cpp
[ 131/1217] Compiling libraries/AP_CANManager/AP_CANIfaceParams.cpp
[ 132/1217] Compiling libraries/AP_CANManager/AP_CANSensor.cpp
[ 133/1217] Compiling libraries/AP_CANManager/AP_CANManager_CANDriver_Params.cpp
[ 134/1217] Compiling libraries/AP_CANManager/AP_CANManager.cpp
[ 135/1217] Compiling libraries/AP_Camera/AP_Camera_Mount.cpp
[ 136/1217] Compiling libraries/AP_Camera/AP_Camera_Params.cpp
[ 137/1217] Compiling libraries/AP_Camera/AP_Camera_MAVLinkCamV2.cpp
[ 138/1217] Compiling libraries/AP_Camera/AP_Camera_MAVLink.cpp
[ 139/1217] Compiling libraries/AP_Camera/AP_Camera_Logging.cpp
[ 140/1217] Compiling libraries/AP_Camera/AP_Camera_Scripting.cpp
[ 141/1217] Compiling libraries/AP_Camera/AP_Camera_Backend.cpp
[ 142/1217] Compiling libraries/AP_Camera/AP_Camera_Relay.cpp
[ 143/1217] Compiling libraries/AP_Camera/AP_RunCam.cpp
[ 144/1217] Compiling libraries/AP_Camera/AP_Camera.cpp
[ 145/1217] Compiling libraries/AP_Camera/AP_Camera_Servo.cpp
[ 146/1217] Compiling libraries/AP_Camera/AP_Camera_SoloGimbal.cpp
[ 147/1217] Compiling libraries/AP_CheckFirmware/AP_CheckFirmware_secure_command.cpp
[ 148/1217] Compiling libraries/AP_CheckFirmware/monocypher.cpp
[ 149/1217] Compiling libraries/AP_CheckFirmware/AP_CheckFirmware.cpp
[ 150/1217] Compiling libraries/AP_Common/sorting.cpp
[ 151/1217] Compiling libraries/AP_Common/time.cpp
[ 152/1217] Compiling libraries/AP_Common/float16.cpp
[ 153/1217] Compiling libraries/AP_Common/AP_FWVersion.cpp
[ 154/1217] Compiling libraries/AP_Common/AP_ExpandingArray.cpp
[ 155/1217] Compiling libraries/AP_Common/NMEA.cpp
[ 156/1217] Compiling libraries/AP_Common/ExpandingString.cpp
[ 157/1217] Compiling libraries/AP_Common/Location.cpp
[ 158/1217] Compiling libraries/AP_Common/c++.cpp
[ 159/1217] Compiling libraries/AP_Common/AP_Common.cpp
[ 160/1217] Compiling libraries/AP_Compass/AP_Compass_IST8310.cpp
[ 161/1217] Compiling libraries/AP_Compass/AP_Compass.cpp
[ 162/1217] Compiling libraries/AP_Compass/AP_Compass_Backend.cpp
[ 163/1217] Compiling libraries/AP_Compass/AP_Compass_IIS2MDC.cpp
[ 164/1217] Compiling libraries/AP_Compass/AP_Compass_BMM150.cpp
[ 165/1217] Compiling libraries/AP_Compass/AP_Compass_BMM350.cpp
[ 166/1217] Compiling libraries/AP_Compass/AP_Compass_MMC3416.cpp
[ 167/1217] Compiling libraries/AP_Compass/AP_Compass_LIS3MDL.cpp
[ 168/1217] Compiling libraries/AP_Compass/AP_Compass_AK09916.cpp
[ 169/1217] Compiling libraries/AP_Compass/AP_Compass_MMC5xx3.cpp
[ 170/1217] Compiling libraries/AP_Compass/AP_Compass_LSM9DS1.cpp
[ 171/1217] Compiling libraries/AP_Compass/AP_Compass_LSM303D.cpp
[ 172/1217] Compiling libraries/AP_Compass/CompassCalibrator.cpp
[ 173/1217] Compiling libraries/AP_Compass/AP_Compass_MSP.cpp
[ 174/1217] Compiling libraries/AP_Compass/AP_Compass_MAG3110.cpp
[ 175/1217] Compiling libraries/AP_Compass/AP_Compass_IST8308.cpp
[ 176/1217] Compiling libraries/AP_Compass/AP_Compass_DroneCAN.cpp
[ 177/1217] Compiling libraries/AP_Compass/AP_Compass_ExternalAHRS.cpp
[ 178/1217] Compiling libraries/AP_Compass/AP_Compass_HMC5843.cpp
[ 179/1217] Compiling libraries/AP_Compass/AP_Compass_Calibration.cpp
[ 180/1217] Compiling libraries/AP_Compass/AP_Compass_AK8963.cpp
[ 181/1217] Compiling libraries/AP_Compass/AP_Compass_SITL.cpp
[ 182/1217] Compiling libraries/AP_Compass/Compass_learn.cpp
[ 183/1217] Compiling libraries/AP_Compass/Compass_PerMotor.cpp
[ 184/1217] Compiling libraries/AP_Compass/AP_Compass_QMC5883P.cpp
[ 185/1217] Compiling libraries/AP_Compass/AP_Compass_QMC5883L.cpp
[ 186/1217] Compiling libraries/AP_Compass/AP_Compass_RM3100.cpp
[ 187/1217] Compiling libraries/AP_CustomRotations/AP_CustomRotations.cpp
[ 188/1217] Compiling libraries/AP_CustomRotations/AP_CustomRotations_params.cpp
[ 189/1217] Compiling libraries/AP_DAL/AP_DAL_GPS.cpp
[ 190/1217] Compiling libraries/AP_DAL/AP_DAL_Airspeed.cpp
[ 191/1217] Compiling libraries/AP_DAL/AP_DAL_Baro.cpp
[ 192/1217] Compiling libraries/AP_DAL/AP_DAL_Compass.cpp
[ 193/1217] Compiling libraries/AP_DAL/AP_DAL_InertialSensor.cpp
[ 194/1217] Compiling libraries/AP_Declination/AP_Declination.cpp
[ 195/1217] Compiling libraries/AP_Declination/tables.cpp
[ 196/1217] Compiling libraries/AP_Devo_Telem/AP_Devo_Telem.cpp
[ 197/1217] Compiling libraries/AP_DroneCAN/AP_DroneCAN_serial.cpp
[ 198/1217] Compiling libraries/AP_DroneCAN/AP_DroneCAN.cpp
[ 199/1217] Compiling libraries/AP_DroneCAN/AP_Canard_iface.cpp
[ 200/1217] Compiling libraries/AP_DroneCAN/AP_DroneCAN_DNA_Server.cpp
[ 201/1217] Compiling libraries/AP_EFI/AP_EFI_MAV.cpp
[ 202/1217] Compiling libraries/AP_EFI/AP_EFI.cpp
[ 203/1217] Compiling libraries/AP_EFI/AP_EFI_DroneCAN.cpp
[ 204/1217] Compiling libraries/AP_EFI/AP_EFI_Backend.cpp
[ 205/1217] Compiling libraries/AP_EFI/AP_EFI_Scripting.cpp
[ 206/1217] Compiling libraries/AP_EFI/AP_EFI_Currawong_ECU.cpp
[ 207/1217] Compiling libraries/AP_EFI/AP_EFI_NWPMU.cpp
[ 208/1217] Compiling libraries/AP_EFI/AP_EFI_Serial_Lutan.cpp
[ 209/1217] Compiling libraries/AP_EFI/AP_EFI_Serial_MS.cpp
[ 210/1217] Compiling libraries/AP_EFI/AP_EFI_ThrottleLinearisation.cpp
[ 211/1217] Compiling libraries/AP_EFI/AP_EFI_Serial_Hirth.cpp
[ 212/1217] Compiling libraries/AP_ESC_Telem/AP_ESC_Telem.cpp
[ 213/1217] Compiling libraries/AP_ESC_Telem/AP_ESC_Telem_SITL.cpp
[ 214/1217] Compiling libraries/AP_ExternalAHRS/AP_ExternalAHRS.cpp
[ 215/1217] Compiling libraries/AP_ExternalAHRS/AP_ExternalAHRS_MicroStrain5.cpp
[ 216/1217] Compiling libraries/AP_ExternalAHRS/AP_ExternalAHRS_backend.cpp
[ 217/1217] Compiling libraries/AP_ExternalAHRS/AP_ExternalAHRS_MicroStrain7.cpp
[ 218/1217] Compiling libraries/AP_ExternalAHRS/MicroStrain_common.cpp
[ 219/1217] Compiling libraries/AP_ExternalAHRS/AP_ExternalAHRS_VectorNav.cpp
[ 220/1217] Compiling libraries/AP_ExternalControl/AP_ExternalControl.cpp
[ 221/1217] Compiling libraries/AP_FETtecOneWire/AP_FETtecOneWire.cpp
[ 222/1217] Compiling libraries/AP_Filesystem/AP_Filesystem_Sys.cpp
[ 223/1217] Compiling libraries/AP_Filesystem/AP_Filesystem_backend.cpp
[ 224/1217] Compiling libraries/AP_Filesystem/posix_compat.cpp
[ 225/1217] Compiling libraries/AP_Filesystem/AP_Filesystem_ROMFS.cpp
[ 226/1217] Compiling libraries/AP_Filesystem/AP_Filesystem_Param.cpp
[ 227/1217] Compiling libraries/AP_Filesystem/AP_Filesystem_FATFS.cpp
[ 228/1217] Compiling libraries/AP_Filesystem/AP_Filesystem_Mission.cpp
[ 229/1217] Compiling libraries/AP_Filesystem/AP_Filesystem_ESP32.cpp
[ 230/1217] Compiling libraries/AP_Filesystem/AP_Filesystem.cpp
[ 231/1217] Compiling libraries/AP_FlashStorage/AP_FlashStorage.cpp
[ 232/1217] Compiling libraries/AP_Frsky_Telem/AP_Frsky_MAVlite_Message.cpp
[ 233/1217] Compiling libraries/AP_Frsky_Telem/AP_Frsky_Backend.cpp
[ 234/1217] Compiling libraries/AP_Frsky_Telem/AP_Frsky_D.cpp
[ 235/1217] Compiling libraries/AP_Frsky_Telem/AP_Frsky_MAVlite_SPortToMAVlite.cpp
[ 236/1217] Compiling libraries/AP_Frsky_Telem/AP_Frsky_Parameters.cpp
[ 237/1217] Compiling libraries/AP_Frsky_Telem/AP_Frsky_MAVliteMsgHandler.cpp
[ 238/1217] Compiling libraries/AP_Frsky_Telem/AP_Frsky_SPort.cpp
[ 239/1217] Compiling libraries/AP_Frsky_Telem/AP_Frsky_MAVlite_MAVliteToSPort.cpp
[ 240/1217] Compiling libraries/AP_Frsky_Telem/AP_Frsky_Telem.cpp
[ 241/1217] Compiling libraries/AP_GPS/RTCM3_Parser.cpp
[ 242/1217] Compiling libraries/AP_GPS/AP_GPS.cpp
[ 243/1217] Compiling libraries/AP_GPS/AP_GPS_NOVA.cpp
[ 244/1217] Compiling libraries/AP_GPS/AP_GPS_SBP.cpp
[ 245/1217] Compiling libraries/AP_GPS/AP_GPS_SBP2.cpp
[ 246/1217] Compiling libraries/AP_GPS/AP_GPS_SBF.cpp
[ 247/1217] Compiling libraries/AP_GPS/AP_GPS_MSP.cpp
[ 248/1217] Compiling libraries/AP_GPS/AP_GPS_Blended.cpp
[ 249/1217] Compiling libraries/AP_GPS/AP_GPS_NMEA.cpp
[ 250/1217] Compiling libraries/AP_GPS/AP_GPS_Params.cpp
[ 251/1217] Compiling libraries/AP_GPS/MovingBase.cpp
[ 252/1217] Compiling libraries/AP_GPS/AP_GPS_ExternalAHRS.cpp
[ 253/1217] Compiling libraries/AP_GPS/AP_GPS_DroneCAN.cpp
[ 254/1217] Compiling libraries/AP_GPS/AP_GPS_SITL.cpp
[ 255/1217] Compiling libraries/AP_GPS/AP_GPS_UBLOX.cpp
[ 256/1217] Compiling libraries/AP_GPS/AP_GPS_GSOF.cpp
[ 257/1217] Compiling libraries/AP_GPS/GPS_Backend.cpp
[ 258/1217] Compiling libraries/AP_GPS/AP_GPS_MAV.cpp
[ 259/1217] Compiling libraries/AP_GPS/AP_GPS_SIRF.cpp
[ 260/1217] Compiling libraries/AP_GPS/AP_GPS_ERB.cpp
[ 261/1217] Compiling libraries/AP_GSOF/AP_GSOF.cpp
[ 262/1217] Compiling libraries/AP_Generator/AP_Generator_RichenPower.cpp
[ 263/1217] Compiling libraries/AP_Generator/AP_Generator.cpp
[ 264/1217] Compiling libraries/AP_Generator/AP_Generator_IE_2400.cpp
[ 265/1217] Compiling libraries/AP_Generator/AP_Generator_IE_FuelCell.cpp
[ 266/1217] Compiling libraries/AP_Generator/AP_Generator_Backend.cpp
[ 267/1217] Compiling libraries/AP_Generator/AP_Generator_IE_650_800.cpp
[ 268/1217] Compiling libraries/AP_Gripper/AP_Gripper_Backend.cpp
[ 269/1217] Compiling libraries/AP_Gripper/AP_Gripper_EPM.cpp
[ 270/1217] Compiling libraries/AP_Gripper/AP_Gripper_Servo.cpp
[ 271/1217] Compiling libraries/AP_Gripper/AP_Gripper.cpp
[ 272/1217] Compiling libraries/AP_Hott_Telem/AP_Hott_Telem.cpp
[ 273/1217] Compiling libraries/AP_ICEngine/AP_ICEngine_TCA9554.cpp
[ 274/1217] Compiling libraries/AP_ICEngine/AP_ICEngine.cpp
[ 275/1217] Compiling libraries/AP_IOMCU/AP_IOMCU.cpp
[ 276/1217] Compiling libraries/AP_IOMCU/fw_uploader.cpp
[ 277/1217] Compiling libraries/AP_IRLock/AP_IRLock_SITL.cpp
[ 278/1217] Compiling libraries/AP_IRLock/AP_IRLock_SITL_Gazebo.cpp
[ 279/1217] Compiling libraries/AP_IRLock/AP_IRLock_I2C.cpp
[ 280/1217] Compiling libraries/AP_IRLock/IRLock.cpp
[ 281/1217] Compiling libraries/AP_InertialNav/AP_InertialNav.cpp
[ 282/1217] Compiling libraries/AP_InertialSensor/AP_InertialSensor_Params.cpp
[ 283/1217] Compiling libraries/AP_InertialSensor/AP_InertialSensor_LSM9DS0.cpp
[ 284/1217] Compiling libraries/AP_InertialSensor/AP_InertialSensor_RST.cpp
[ 285/1217] Compiling libraries/AP_InertialSensor/AP_InertialSensor_LSM9DS1.cpp
[ 286/1217] Compiling libraries/AP_InertialSensor/AP_InertialSensor_Logging.cpp
[ 287/1217] Compiling libraries/AP_InertialSensor/AP_InertialSensor_L3G4200D.cpp
[ 288/1217] Compiling libraries/AP_InertialSensor/AP_InertialSensor_Invensense.cpp
[ 289/1217] Compiling libraries/AP_InertialSensor/AP_InertialSensor_Invensensev3.cpp
[ 290/1217] Compiling libraries/AP_InertialSensor/AP_InertialSensor_Invensensev2.cpp
[ 291/1217] Compiling libraries/AP_InertialSensor/AP_InertialSensor_NONE.cpp
[ 292/1217] Compiling libraries/AP_InertialSensor/AP_InertialSensor_BMI270.cpp
[ 293/1217] Compiling libraries/AP_InertialSensor/AP_InertialSensor_Backend.cpp
[ 294/1217] Compiling libraries/AP_InertialSensor/AP_InertialSensor_BMI160.cpp
[ 295/1217] Compiling libraries/AP_InertialSensor/AP_InertialSensor_BMI055.cpp
[ 296/1217] Compiling libraries/AP_InertialSensor/AP_InertialSensor_ExternalAHRS.cpp
[ 297/1217] Compiling libraries/AP_InertialSensor/AP_InertialSensor_BMI088.cpp
[ 298/1217] Compiling libraries/AP_InertialSensor/AP_InertialSensor_SCHA63T.cpp
[ 299/1217] Compiling libraries/AP_InertialSensor/BatchSampler.cpp
[ 300/1217] Compiling libraries/AP_InertialSensor/AP_InertialSensor_SITL.cpp
[ 301/1217] Compiling libraries/AP_InertialSensor/AP_InertialSensor_ADIS1647x.cpp
[ 302/1217] Compiling libraries/AP_InertialSensor/AP_InertialSensor_tempcal.cpp
[ 303/1217] Compiling libraries/AP_InertialSensor/AuxiliaryBus.cpp
[ 304/1217] Compiling libraries/AP_InternalError/AP_InternalError.cpp
[ 305/1217] Compiling libraries/AP_JSON/AP_JSON.cpp
[ 306/1217] Compiling libraries/AP_KDECAN/AP_KDECAN.cpp
[ 307/1217] Compiling libraries/AP_LTM_Telem/AP_LTM_Telem.cpp
[ 308/1217] Compiling libraries/AP_Logger/LogFile.cpp
[ 309/1217] Compiling libraries/AP_Logger/AP_Logger_MAVLink.cpp
[ 310/1217] Compiling libraries/AP_Logger/AP_Logger_MAVLinkLogTransfer.cpp
[ 311/1217] Compiling libraries/AP_Logger/AP_Logger_W25NXX.cpp
[ 312/1217] Compiling libraries/AP_Logger/AP_Logger_Flash_JEDEC.cpp
[ 313/1217] Compiling libraries/AP_Logger/AP_Logger_Block.cpp
[ 314/1217] Compiling libraries/AP_MSP/AP_MSP_Telem_DisplayPort.cpp
[ 315/1217] Compiling libraries/AP_MSP/msp.cpp
[ 316/1217] Compiling libraries/AP_MSP/AP_MSP_Telem_Generic.cpp
[ 317/1217] Compiling libraries/AP_MSP/msp_sbuf.cpp
[ 318/1217] Compiling libraries/AP_MSP/AP_MSP_Telem_Backend.cpp
[ 319/1217] Compiling libraries/AP_MSP/AP_MSP.cpp
[ 320/1217] Compiling libraries/AP_MSP/AP_MSP_Telem_DJI.cpp
[ 321/1217] Compiling libraries/AP_Math/quaternion.cpp
[ 322/1217] Compiling libraries/AP_Math/crc.cpp
[ 323/1217] Compiling libraries/AP_Math/matrix3.cpp
[ 324/1217] Compiling libraries/AP_Math/location.cpp
[ 325/1217] Compiling libraries/AP_Math/location_double.cpp
[ 326/1217] Compiling libraries/AP_Math/chirp.cpp
[ 327/1217] Compiling libraries/AP_Math/SplineCurve.cpp
[ 328/1217] Compiling libraries/AP_Math/matrixN.cpp
[ 329/1217] Compiling libraries/AP_Math/AP_Math.cpp
[ 330/1217] Compiling libraries/AP_Math/control.cpp
[ 331/1217] Compiling libraries/AP_Math/polygon.cpp
[ 332/1217] Compiling libraries/AP_Math/spline5.cpp
[ 333/1217] Compiling libraries/AP_Math/vector3.cpp
[ 334/1217] Compiling libraries/AP_Math/matrix_alg.cpp
[ 335/1217] Compiling libraries/AP_Math/AP_GeodesicGrid.cpp
[ 336/1217] Compiling libraries/AP_Math/polyfit.cpp
[ 337/1217] Compiling libraries/AP_Math/vector2.cpp
[ 338/1217] Compiling libraries/AP_Mission/AP_Mission_Commands.cpp
[ 339/1217] Compiling libraries/AP_Mission/AP_Mission_ChangeDetector.cpp
[ 340/1217] Compiling libraries/AP_Module/AP_Module.cpp
[ 341/1217] Compiling libraries/AP_Motors/AP_MotorsTailsitter.cpp
[ 342/1217] Compiling libraries/AP_Motors/AP_MotorsSingle.cpp
[ 343/1217] Compiling libraries/AP_Motors/AP_Motors6DOF.cpp
[ 344/1217] Compiling libraries/AP_Motors/AP_MotorsHeli_Dual.cpp
[ 345/1217] Compiling libraries/AP_Motors/AP_Motors_Class.cpp
[ 346/1217] Compiling libraries/AP_Motors/AP_MotorsHeli.cpp
[ 347/1217] Compiling libraries/AP_Motors/AP_MotorsMatrix_Scripting_Dynamic.cpp
[ 348/1217] Compiling libraries/AP_Motors/AP_MotorsCoax.cpp
[ 349/1217] Compiling libraries/AP_Motors/AP_MotorsHeli_Quad.cpp
[ 350/1217] Compiling libraries/AP_Motors/AP_MotorsMatrix_6DoF_Scripting.cpp
[ 351/1217] Compiling libraries/AP_Motors/AP_MotorsHeli_RSC.cpp
[ 352/1217] Compiling libraries/AP_Motors/AP_MotorsHeli_Single.cpp
[ 353/1217] Compiling libraries/AP_Motors/AP_MotorsHeli_Swash.cpp
[ 354/1217] Compiling libraries/AP_Mount/AP_Mount_Viewpro.cpp
[ 355/1217] Compiling libraries/AP_Mount/AP_Mount_Alexmos.cpp
[ 356/1217] Compiling libraries/AP_Mount/AP_Mount_CADDX.cpp
[ 357/1217] Compiling libraries/AP_Mount/AP_Mount_Backend.cpp
[ 358/1217] Compiling libraries/AP_Mount/AP_Mount_Backend_Serial.cpp
[ 359/1217] Compiling libraries/AP_Mount/AP_Mount_Xacti.cpp
[ 360/1217] Compiling libraries/AP_Mount/AP_Mount.cpp
[ 361/1217] Compiling libraries/AP_Mount/SoloGimbalEKF.cpp
[ 362/1217] Compiling libraries/AP_Mount/AP_Mount_Gremsy.cpp
[ 363/1217] Compiling libraries/AP_Mount/AP_Mount_Scripting.cpp
[ 364/1217] Compiling libraries/AP_Mount/SoloGimbal.cpp
[ 365/1217] Compiling libraries/AP_Mount/AP_Mount_Servo.cpp
[ 366/1217] Compiling libraries/AP_Mount/AP_Mount_SoloGimbal.cpp
[ 367/1217] Compiling libraries/AP_Mount/AP_Mount_Siyi.cpp
[ 368/1217] Compiling libraries/AP_Mount/AP_Mount_Params.cpp
[ 369/1217] Compiling libraries/AP_Mount/SoloGimbal_Parameters.cpp
[ 370/1217] Compiling libraries/AP_Mount/AP_Mount_Topotek.cpp
[ 371/1217] Compiling libraries/AP_Mount/AP_Mount_SToRM32.cpp
[ 372/1217] Compiling libraries/AP_Mount/AP_Mount_SToRM32_serial.cpp
[ 373/1217] Compiling libraries/AP_MultiHeap/MultiHeap_malloc.cpp
[ 374/1217] Compiling libraries/AP_MultiHeap/AP_MultiHeap.cpp
[ 375/1217] Compiling libraries/AP_MultiHeap/MultiHeap_chibios.cpp
[ 376/1217] Compiling libraries/AP_NMEA_Output/AP_NMEA_Output.cpp
[ 377/1217] Compiling libraries/AP_NavEKF/EKF_Buffer.cpp
[ 378/1217] Compiling libraries/AP_NavEKF/EKFGSF_Logging.cpp
[ 379/1217] Compiling libraries/AP_NavEKF/EKFGSF_yaw.cpp
[ 380/1217] Compiling libraries/AP_NavEKF/AP_NavEKF_core_common.cpp
[ 381/1217] Compiling libraries/AP_NavEKF/AP_NavEKF_Source.cpp
[ 382/1217] Compiling libraries/AP_NavEKF2/AP_NavEKF2_RngBcnFusion.cpp
[ 383/1217] Compiling libraries/AP_NavEKF2/AP_NavEKF2_PosVelFusion.cpp
[ 384/1217] Compiling libraries/AP_NavEKF2/AP_NavEKF2_MagFusion.cpp
[ 385/1217] Compiling libraries/AP_NavEKF2/AP_NavEKF2_Control.cpp
[ 386/1217] Compiling libraries/AP_NavEKF2/AP_NavEKF2_Outputs.cpp
[ 387/1217] Compiling libraries/AP_NavEKF2/AP_NavEKF2_Logging.cpp
[ 388/1217] Compiling libraries/AP_NavEKF2/AP_NavEKF2_VehicleStatus.cpp
[ 389/1217] Compiling libraries/AP_NavEKF2/AP_NavEKF_GyroBias.cpp
[ 390/1217] Compiling libraries/AP_NavEKF2/AP_NavEKF2_AirDataFusion.cpp
[ 391/1217] Compiling libraries/AP_NavEKF2/AP_NavEKF2_core.cpp
[ 392/1217] Compiling libraries/AP_NavEKF2/AP_NavEKF2_Measurements.cpp
[ 393/1217] Compiling modules/lwip/src/netif/ppp/multilink.c
[ 394/1217] Compiling modules/lwip/src/netif/lowpan6.c
[ 395/1217] Compiling modules/lwip/src/netif/lowpan6_ble.c
[ 396/1217] Compiling modules/lwip/src/netif/bridgeif_fdb.c
[ 397/1217] Compiling modules/lwip/src/core/ipv4/igmp.c
[ 398/1217] Compiling modules/lwip/src/core/ipv4/ip4_frag.c
[ 399/1217] Compiling modules/lwip/src/core/ipv4/etharp.c
[ 400/1217] Compiling modules/lwip/src/core/ipv4/dhcp.c
[ 401/1217] Compiling modules/lwip/src/core/ipv4/icmp.c
[ 402/1217] Compiling modules/lwip/src/core/ipv4/autoip.c
[ 403/1217] Compiling modules/lwip/src/core/udp.c
[ 404/1217] Compiling modules/lwip/src/core/timeouts.c
[ 405/1217] Compiling modules/lwip/src/core/tcp_out.c
[ 406/1217] Compiling modules/lwip/src/core/tcp_in.c
[ 407/1217] Compiling modules/lwip/src/core/tcp.c
[ 408/1217] Compiling modules/lwip/src/core/sys.c
[ 409/1217] Compiling modules/lwip/src/core/stats.c
[ 410/1217] Compiling modules/lwip/src/core/raw.c
[ 411/1217] Compiling modules/lwip/src/core/pbuf.c
[ 412/1217] Compiling modules/lwip/src/core/netif.c
[ 413/1217] Compiling modules/lwip/src/core/memp.c
[ 414/1217] Compiling modules/lwip/src/core/mem.c
[ 415/1217] Compiling modules/lwip/src/core/ip.c
[ 416/1217] Compiling modules/lwip/src/core/ipv4/acd.c
[ 417/1217] Compiling modules/lwip/src/core/init.c
[ 418/1217] Compiling modules/lwip/src/core/dns.c
[ 419/1217] Compiling modules/lwip/src/core/def.c
[ 420/1217] Compiling modules/lwip/src/core/altcp_tcp.c
[ 421/1217] Compiling modules/lwip/src/core/altcp_alloc.c
[ 422/1217] Compiling modules/lwip/src/core/altcp.c
[ 423/1217] Compiling libraries/AP_Networking/AP_Networking_tests.cpp
[ 424/1217] Compiling libraries/AP_Networking/AP_Networking_port.cpp
[ 425/1217] Compiling modules/lwip/src/core/inet_chksum.c
[ 426/1217] Compiling libraries/AP_Networking/AP_Networking_address.cpp
[ 427/1217] Compiling libraries/AP_Networking/AP_Networking_PPP.cpp
[ 428/1217] Compiling libraries/AP_Networking/AP_Networking_ChibiOS.cpp
[ 429/1217] Compiling libraries/AP_Networking/AP_Networking_macaddr.cpp
[ 430/1217] Compiling libraries/AP_Networking/AP_Networking.cpp
[ 431/1217] Compiling modules/lwip/src/netif/slipif.c
[ 432/1217] Compiling modules/lwip/src/netif/ppp/pppcrypt.c
[ 433/1217] Compiling modules/lwip/src/netif/ppp/ppp.c
[ 434/1217] Compiling modules/lwip/src/netif/ppp/pppapi.c
[ 435/1217] Compiling libraries/AP_Networking/AP_Networking_CAN.cpp
[ 436/1217] Compiling modules/lwip/src/netif/ppp/mppe.c
[ 437/1217] Compiling modules/lwip/src/netif/zepif.c
[ 438/1217] Compiling modules/lwip/src/netif/ppp/ipcp.c
[ 439/1217] Compiling modules/lwip/src/netif/ppp/ipv6cp.c
[ 440/1217] Compiling modules/lwip/src/netif/ppp/lcp.c
[ 441/1217] Compiling modules/lwip/src/netif/ppp/magic.c
[ 442/1217] Compiling modules/lwip/src/netif/ppp/pppoe.c
[ 443/1217] Compiling modules/lwip/src/netif/ppp/pppol2tp.c
[ 444/1217] Compiling modules/lwip/src/netif/bridgeif.c
[ 445/1217] Compiling modules/lwip/src/api/netdb.c
[ 446/1217] Compiling modules/lwip/src/api/err.c
[ 447/1217] Compiling modules/lwip/src/core/ipv4/ip4.c
[ 448/1217] Compiling modules/lwip/src/netif/ppp/auth.c
[ 449/1217] Compiling modules/lwip/src/netif/ppp/eap.c
[ 450/1217] Compiling modules/lwip/src/api/sockets.c
[ 451/1217] Compiling modules/lwip/src/api/tcpip.c
[ 452/1217] Compiling modules/lwip/src/netif/ppp/fsm.c
[ 453/1217] Compiling modules/lwip/src/netif/ethernet.c
[ 454/1217] Compiling modules/lwip/src/api/if_api.c
[ 455/1217] Compiling modules/lwip/src/netif/ppp/ecp.c
[ 456/1217] Compiling modules/lwip/src/netif/ppp/eui64.c
[ 457/1217] Compiling modules/lwip/src/api/netifapi.c
[ 458/1217] Compiling modules/lwip/src/netif/lowpan6_common.c
[ 459/1217] Compiling libraries/AP_Networking/lwip_hal/arch/sys_arch.cpp
[ 460/1217] Compiling modules/lwip/src/netif/ppp/ccp.c
[ 461/1217] Compiling modules/lwip/src/api/api_lib.c
[ 462/1217] Compiling modules/lwip/src/core/ipv4/ip4_addr.c
[ 463/1217] Compiling modules/lwip/src/netif/ppp/demand.c
[ 464/1217] Compiling libraries/AP_Networking/lwip_hal/arch/evtimer.c
[ 465/1217] Compiling modules/lwip/src/api/netbuf.c
[ 466/1217] Compiling modules/lwip/src/api/api_msg.c
[ 467/1217] Compiling modules/lwip/src/netif/ppp/vj.c
[ 468/1217] Compiling modules/lwip/src/netif/ppp/chap_ms.c
[ 469/1217] Compiling modules/lwip/src/netif/ppp/chap-md5.c
[ 470/1217] Compiling modules/lwip/src/netif/ppp/pppos.c
[ 471/1217] Compiling modules/lwip/src/netif/ppp/upap.c
[ 472/1217] Compiling modules/lwip/src/netif/ppp/chap-new.c
[ 473/1217] Compiling modules/lwip/src/netif/ppp/utils.c
[ 474/1217] Compiling libraries/AP_Notify/VRBoard_LED.cpp
[ 475/1217] Compiling libraries/AP_Notify/ToneAlarm.cpp
[ 476/1217] Compiling libraries/AP_Notify/RCOutputRGBLed.cpp
[ 477/1217] Compiling libraries/AP_Notify/MMLPlayer.cpp
[ 478/1217] Compiling libraries/AP_Notify/ToshibaLED_I2C.cpp
[ 479/1217] Compiling libraries/AP_Notify/SerialLED.cpp
[ 480/1217] Compiling libraries/AP_Notify/RGBLed.cpp
[ 481/1217] Compiling libraries/AP_Notify/ScriptingLED.cpp
[ 482/1217] Compiling libraries/AP_Notify/SITL_SFML_LED.cpp
[ 483/1217] Compiling libraries/AP_Notify/PCA9685LED_I2C.cpp
[ 484/1217] Compiling libraries/AP_Notify/NCP5623.cpp
[ 485/1217] Compiling libraries/AP_Notify/PixRacerLED.cpp
[ 486/1217] Compiling libraries/AP_Notify/ProfiLED.cpp
[ 487/1217] Compiling libraries/AP_Notify/NavigatorLED.cpp
[ 488/1217] Compiling libraries/AP_Notify/OreoLED_I2C.cpp
[ 489/1217] Compiling libraries/AP_Notify/Led_Sysfs.cpp
[ 490/1217] Compiling libraries/AP_Notify/IS31FL3195.cpp
[ 491/1217] Compiling libraries/AP_Notify/DroneCAN_RGB_LED.cpp
[ 492/1217] Compiling libraries/AP_Notify/LP5562.cpp
[ 493/1217] Compiling libraries/AP_Notify/GPIO_LED_1.cpp
[ 494/1217] Compiling libraries/AP_Notify/NeoPixel.cpp
[ 495/1217] Compiling libraries/AP_Notify/ExternalLED.cpp
[ 496/1217] Compiling libraries/AP_Notify/Display_SITL.cpp
[ 497/1217] Compiling libraries/AP_Notify/Display.cpp
[ 498/1217] Compiling libraries/AP_Notify/Buzzer.cpp
[ 499/1217] Compiling libraries/AP_Notify/Display_SH1106_I2C.cpp
[ 500/1217] Compiling libraries/AP_Notify/DiscreteRGBLed.cpp
[ 501/1217] Compiling libraries/AP_Notify/DShotLED.cpp
[ 502/1217] Compiling libraries/AP_Notify/DiscoLED.cpp
[ 503/1217] Compiling libraries/AP_Notify/AP_BoardLED2.cpp
[ 504/1217] Compiling libraries/AP_Notify/AP_BoardLED.cpp
[ 505/1217] Compiling libraries/AP_Notify/Display_SSD1306_I2C.cpp
[ 506/1217] Compiling libraries/AP_Notify/AP_Notify.cpp
[ 507/1217] Compiling libraries/AP_OLC/AP_OLC.cpp
[ 508/1217] Compiling libraries/AP_OSD/AP_OSD.cpp
[ 509/1217] Compiling libraries/AP_OSD/AP_OSD_Backend.cpp
[ 510/1217] Compiling libraries/AP_OSD/AP_OSD_Setting.cpp
[ 511/1217] Compiling libraries/AP_OSD/AP_OSD_MSP.cpp
[ 512/1217] Compiling libraries/AP_OSD/AP_OSD_MSP_DisplayPort.cpp
[ 513/1217] Compiling libraries/AP_OSD/AP_OSD_SITL.cpp
[ 514/1217] Compiling libraries/AP_OSD/AP_OSD_MAX7456.cpp
[ 515/1217] Compiling libraries/AP_OpenDroneID/AP_OpenDroneID_DroneCAN.cpp
[ 516/1217] Compiling libraries/AP_OpenDroneID/AP_OpenDroneID.cpp
[ 517/1217] Compiling libraries/AP_OpticalFlow/AP_OpticalFlow_UPFLOW.cpp
[ 518/1217] Compiling libraries/AP_OpticalFlow/AP_OpticalFlow_Pixart.cpp
[ 519/1217] Compiling libraries/AP_OpticalFlow/AP_OpticalFlow_SITL.cpp
[ 520/1217] Compiling libraries/AP_OpticalFlow/AP_OpticalFlow_PX4Flow.cpp
[ 521/1217] Compiling libraries/AP_OpticalFlow/AP_OpticalFlow_MAV.cpp
[ 522/1217] Compiling libraries/AP_OpticalFlow/AP_OpticalFlow_Onboard.cpp
[ 523/1217] Compiling libraries/AP_OpticalFlow/AP_OpticalFlow_HereFlow.cpp
[ 524/1217] Compiling libraries/AP_OpticalFlow/AP_OpticalFlow_MSP.cpp
[ 525/1217] Compiling libraries/AP_OpticalFlow/AP_OpticalFlow.cpp
[ 526/1217] Compiling libraries/AP_OpticalFlow/AP_OpticalFlow_Backend.cpp
[ 527/1217] Compiling libraries/AP_OpticalFlow/AP_OpticalFlow_CXOF.cpp
[ 528/1217] Compiling libraries/AP_OpticalFlow/AP_OpticalFlow_Calibrator.cpp
[ 529/1217] Compiling libraries/AP_Parachute/AP_Parachute.cpp
[ 530/1217] Compiling libraries/AP_Param/AP_ParamT.cpp
[ 531/1217] Compiling libraries/AP_Param/AP_Param.cpp
[ 532/1217] Compiling libraries/AP_PiccoloCAN/AP_PiccoloCAN.cpp
[ 533/1217] Compiling libraries/AP_PiccoloCAN/AP_PiccoloCAN_ECU.cpp
[ 534/1217] Compiling libraries/AP_PiccoloCAN/AP_PiccoloCAN_ESC.cpp
[ 535/1217] Compiling libraries/AP_PiccoloCAN/AP_PiccoloCAN_Servo.cpp
[ 536/1217] Compiling libraries/AP_Proximity/AP_Proximity_Cygbot_D1.cpp
[ 537/1217] Compiling libraries/AP_Proximity/AP_Proximity_TeraRangerTowerEvo.cpp
[ 538/1217] Compiling libraries/AP_Proximity/AP_Proximity_LD06.cpp
[ 539/1217] Compiling libraries/AP_Proximity/AP_Proximity_RangeFinder.cpp
[ 540/1217] Compiling libraries/AP_Proximity/AP_Proximity_SITL.cpp
[ 541/1217] Compiling libraries/AP_Proximity/AP_Proximity_AirSimSITL.cpp
[ 542/1217] Compiling libraries/AP_Proximity/AP_Proximity_Scripting.cpp
[ 543/1217] Compiling libraries/AP_Proximity/AP_Proximity_RPLidarA2.cpp
[ 544/1217] Compiling libraries/AP_Proximity/AP_Proximity_MR72_CAN.cpp
[ 545/1217] Compiling libraries/AP_Proximity/AP_Proximity_LightWareSF40C.cpp
[ 546/1217] Compiling libraries/AP_Proximity/AP_Proximity_TeraRangerTower.cpp
[ 547/1217] Compiling libraries/AP_Proximity/AP_Proximity_MAV.cpp
[ 548/1217] Compiling libraries/AP_Proximity/AP_Proximity_LightWareSF45B.cpp
[ 549/1217] Compiling libraries/AP_Proximity/AP_Proximity_LightWareSerial.cpp
[ 550/1217] Compiling libraries/AP_Proximity/AP_Proximity_Backend.cpp
[ 551/1217] Compiling libraries/AP_Proximity/AP_Proximity_Backend_Serial.cpp
[ 552/1217] Compiling libraries/AP_Proximity/AP_Proximity_DroneCAN.cpp
[ 553/1217] Compiling libraries/AP_Proximity/AP_Proximity.cpp
[ 554/1217] Compiling libraries/AP_Proximity/AP_Proximity_Params.cpp
[ 555/1217] Compiling libraries/AP_Proximity/AP_Proximity_Boundary_3D.cpp
[ 556/1217] Compiling libraries/AP_RAMTRON/AP_RAMTRON.cpp
[ 557/1217] Compiling libraries/AP_RCMapper/AP_RCMapper.cpp
[ 558/1217] Compiling libraries/AP_RCProtocol/AP_RCProtocol_Radio.cpp
[ 559/1217] Compiling libraries/AP_RCProtocol/AP_RCProtocol_IBUS.cpp
[ 560/1217] Compiling libraries/AP_RCProtocol/spm_srxl.cpp
[ 561/1217] Compiling libraries/AP_RCProtocol/AP_RCProtocol_Joystick_SFML.cpp
[ 562/1217] Compiling libraries/AP_RCProtocol/AP_RCProtocol_MAVLinkRadio.cpp
[ 563/1217] Compiling libraries/AP_RCProtocol/AP_RCProtocol_FDM.cpp
[ 564/1217] Compiling libraries/AP_RCProtocol/AP_RCProtocol_DSM.cpp
[ 565/1217] Compiling libraries/AP_RCProtocol/AP_RCProtocol_PPMSum.cpp
[ 566/1217] Compiling libraries/AP_RCProtocol/AP_RCProtocol_DroneCAN.cpp
[ 567/1217] Compiling libraries/AP_RCProtocol/AP_RCProtocol_SBUS.cpp
[ 568/1217] Compiling libraries/AP_RCProtocol/AP_RCProtocol_SRXL.cpp
[ 569/1217] Compiling libraries/AP_RCProtocol/AP_RCProtocol_ST24.cpp
[ 570/1217] Compiling libraries/AP_RCProtocol/AP_RCProtocol_SUMD.cpp
[ 571/1217] Compiling libraries/AP_RCProtocol/AP_RCProtocol_Backend.cpp
[ 572/1217] Compiling libraries/AP_RCProtocol/SoftSerial.cpp
[ 573/1217] Compiling libraries/AP_RCTelemetry/AP_GHST_Telem.cpp
[ 574/1217] Compiling libraries/AP_RCTelemetry/AP_Spektrum_Telem.cpp
[ 575/1217] Compiling libraries/AP_ROMFS/AP_ROMFS.cpp
[ 576/1217] Compiling libraries/AP_ROMFS/tinflate.cpp
[ 577/1217] Compiling libraries/AP_RPM/RPM_Pin.cpp
[ 578/1217] Compiling libraries/AP_RPM/RPM_DroneCAN.cpp
[ 579/1217] Compiling libraries/AP_RPM/RPM_ESC_Telem.cpp
[ 580/1217] Compiling libraries/AP_RPM/RPM_SITL.cpp
[ 581/1217] Compiling libraries/AP_RPM/RPM_Generator.cpp
[ 582/1217] Compiling libraries/AP_RPM/RPM_EFI.cpp
[ 583/1217] Compiling libraries/AP_RPM/RPM_Backend.cpp
[ 584/1217] Compiling libraries/AP_RPM/AP_RPM.cpp
[ 585/1217] Compiling libraries/AP_RPM/AP_RPM_Params.cpp
[ 586/1217] Compiling libraries/AP_RPM/RPM_HarmonicNotch.cpp
[ 587/1217] Compiling libraries/AP_RSSI/AP_RSSI.cpp
[ 588/1217] Compiling libraries/AP_RTC/JitterCorrection.cpp
[ 589/1217] Compiling libraries/AP_RTC/AP_RTC.cpp
[ 590/1217] Compiling libraries/AP_Radio/AP_Radio_backend.cpp
[ 591/1217] Compiling libraries/AP_Radio/driver_cc2500.cpp
[ 592/1217] Compiling libraries/AP_Radio/AP_Radio_bk2425.cpp
[ 593/1217] Compiling libraries/AP_Radio/driver_bk2425.cpp
[ 594/1217] Compiling libraries/AP_Radio/AP_Radio_cc2500.cpp
[ 595/1217] Compiling libraries/AP_Radio/AP_Radio_cypress.cpp
[ 596/1217] Compiling libraries/AP_Radio/AP_Radio.cpp
[ 597/1217] Compiling libraries/AP_RangeFinder/AP_RangeFinder_SITL.cpp
[ 598/1217] Compiling libraries/AP_RangeFinder/AP_RangeFinder_RDS02UF.cpp
[ 599/1217] Compiling libraries/AP_RangeFinder/AP_RangeFinder_Backend.cpp
[ 600/1217] Compiling libraries/AP_RangeFinder/AP_RangeFinder_HC_SR04.cpp
[ 601/1217] Compiling libraries/AP_RangeFinder/AP_RangeFinder_LightWareI2C.cpp
[ 602/1217] Compiling libraries/AP_RangeFinder/AP_RangeFinder_USD1_Serial.cpp
[ 603/1217] Compiling libraries/AP_RangeFinder/AP_RangeFinder_TOFSenseF_I2C.cpp
[ 604/1217] Compiling libraries/AP_RangeFinder/AP_RangeFinder_TOFSenseP_CAN.cpp
[ 605/1217] Compiling libraries/AP_RangeFinder/AP_RangeFinder_Lua.cpp
[ 606/1217] Compiling libraries/AP_RangeFinder/AP_RangeFinder_Lanbao.cpp
[ 607/1217] Compiling libraries/AP_RangeFinder/AP_RangeFinder_JRE_Serial.cpp
[ 608/1217] Compiling libraries/AP_RangeFinder/AP_RangeFinder_NoopLoop.cpp
[ 609/1217] Compiling libraries/AP_RangeFinder/AP_RangeFinder_PulsedLightLRF.cpp
[ 610/1217] Compiling libraries/AP_RangeFinder/AP_RangeFinder_Params.cpp
[ 611/1217] Compiling libraries/AP_RangeFinder/AP_RangeFinder_TeraRangerI2C.cpp
[ 612/1217] Compiling libraries/AP_RangeFinder/AP_RangeFinder_Benewake_TFMiniPlus.cpp
[ 613/1217] Compiling libraries/AP_RangeFinder/AP_RangeFinder_Benewake_CAN.cpp
[ 614/1217] Compiling libraries/AP_RangeFinder/AP_RangeFinder_BLPing.cpp
[ 615/1217] Compiling libraries/AP_RangeFinder/AP_RangeFinder_Ainstein_LR_D1.cpp
[ 616/1217] Compiling libraries/AP_RangeFinder/AP_RangeFinder_MaxsonarSerialLV.cpp
[ 617/1217] Compiling libraries/AP_RangeFinder/AP_RangeFinder_LightWareSerial.cpp
[ 618/1217] Compiling libraries/AP_RangeFinder/AP_RangeFinder_DroneCAN.cpp
[ 619/1217] Compiling libraries/AP_RangeFinder/AP_RangeFinder_LeddarVu8.cpp
[ 620/1217] Compiling libraries/AP_RangeFinder/AP_RangeFinder_Backend_Serial.cpp
[ 621/1217] Compiling libraries/AP_RangeFinder/AP_RangeFinder_BBB_PRU.cpp
[ 622/1217] Compiling libraries/AP_RangeFinder/AP_RangeFinder_Backend_CAN.cpp
[ 623/1217] Compiling libraries/AP_RangeFinder/AP_RangeFinder_Bebop.cpp
[ 624/1217] Compiling libraries/AP_RangeFinder/AP_RangeFinder_TeraRanger_Serial.cpp
[ 625/1217] Compiling libraries/AP_RangeFinder/AP_RangeFinder.cpp
[ 626/1217] Compiling libraries/AP_RangeFinder/AP_RangeFinder_PWM.cpp
[ 627/1217] Compiling libraries/AP_RangeFinder/AP_RangeFinder_GYUS42v2.cpp
[ 628/1217] Compiling libraries/AP_RangeFinder/AP_RangeFinder_LeddarOne.cpp
[ 629/1217] Compiling libraries/AP_RangeFinder/AP_RangeFinder_USD1_CAN.cpp
[ 630/1217] Compiling libraries/AP_RangeFinder/AP_RangeFinder_analog.cpp
[ 631/1217] Compiling libraries/AP_RangeFinder/AP_RangeFinder_Benewake.cpp
[ 632/1217] Compiling libraries/AP_RangeFinder/AP_RangeFinder_VL53L0X.cpp
[ 633/1217] Compiling libraries/AP_RangeFinder/AP_RangeFinder_VL53L1X.cpp
[ 634/1217] Compiling libraries/AP_RangeFinder/AP_RangeFinder_MSP.cpp
[ 635/1217] Compiling libraries/AP_RangeFinder/AP_RangeFinder_MAVLink.cpp
[ 636/1217] Compiling libraries/AP_RangeFinder/AP_RangeFinder_Wasp.cpp
[ 637/1217] Compiling libraries/AP_RangeFinder/AP_RangeFinder_NRA24_CAN.cpp
[ 638/1217] Compiling libraries/AP_RangeFinder/AP_RangeFinder_MaxsonarI2CXL.cpp
[ 639/1217] Compiling libraries/AP_RangeFinder/AP_RangeFinder_NMEA.cpp
[ 640/1217] Compiling libraries/AP_Relay/AP_Relay_Params.cpp
[ 641/1217] Compiling libraries/AP_RobotisServo/AP_RobotisServo.cpp
[ 642/1217] Compiling libraries/AP_SBusOut/AP_SBusOut.cpp
[ 643/1217] Compiling libraries/AP_Scheduler/PerfInfo.cpp
[ 644/1217] Compiling libraries/AP_SerialLED/AP_SerialLED.cpp
[ 645/1217] Compiling libraries/AP_SerialManager/AP_SerialManager.cpp
[ 646/1217] Compiling libraries/AP_ServoRelayEvents/AP_ServoRelayEvents.cpp
[ 647/1217] Compiling libraries/AP_SmartRTL/AP_SmartRTL.cpp
[ 648/1217] Compiling libraries/AP_Stats/AP_Stats.cpp
[ 649/1217] Compiling libraries/AP_SurfaceDistance/AP_SurfaceDistance.cpp
[ 650/1217] Compiling libraries/AP_TempCalibration/AP_TempCalibration.cpp
[ 651/1217] Compiling libraries/AP_TemperatureSensor/AP_TemperatureSensor_Analog.cpp
[ 652/1217] Compiling libraries/AP_TemperatureSensor/AP_TemperatureSensor_Params.cpp
[ 653/1217] Compiling libraries/AP_TemperatureSensor/AP_TemperatureSensor_Backend.cpp
[ 654/1217] Compiling libraries/AP_TemperatureSensor/AP_TemperatureSensor_TSYS01.cpp
[ 655/1217] Compiling libraries/AP_TemperatureSensor/AP_TemperatureSensor_TSYS03.cpp
[ 656/1217] Compiling libraries/AP_TemperatureSensor/AP_TemperatureSensor_MAX31865.cpp
[ 657/1217] Compiling libraries/AP_TemperatureSensor/AP_TemperatureSensor_MLX90614.cpp
[ 658/1217] Compiling libraries/AP_TemperatureSensor/AP_TemperatureSensor_DroneCAN.cpp
[ 659/1217] Compiling libraries/AP_TemperatureSensor/AP_TemperatureSensor_MCP9600.cpp
[ 660/1217] Compiling libraries/AP_Terrain/TerrainUtil.cpp
[ 661/1217] Compiling libraries/AP_Terrain/TerrainMission.cpp
[ 662/1217] Compiling libraries/AP_Terrain/TerrainGCS.cpp
[ 663/1217] Compiling libraries/AP_Terrain/TerrainIO.cpp
[ 664/1217] Compiling libraries/AP_Torqeedo/AP_Torqeedo_Params.cpp
[ 665/1217] Compiling libraries/AP_Torqeedo/AP_Torqeedo_Backend.cpp
[ 666/1217] Compiling libraries/AP_Torqeedo/AP_Torqeedo_TQBus.cpp
[ 667/1217] Compiling libraries/AP_Torqeedo/AP_Torqeedo.cpp
[ 668/1217] Compiling libraries/AP_Tuning/AP_Tuning.cpp
[ 669/1217] Compiling libraries/AP_Vehicle/Parameters.cpp
[ 670/1217] Compiling libraries/AP_VideoTX/AP_VideoTX.cpp
[ 671/1217] Compiling libraries/AP_VideoTX/AP_SmartAudio.cpp
[ 672/1217] Compiling libraries/AP_VideoTX/AP_Tramp.cpp
[ 673/1217] Compiling libraries/AP_VisualOdom/AP_VisualOdom_MAV.cpp
[ 674/1217] Compiling libraries/AP_VisualOdom/AP_VisualOdom_Logging.cpp
[ 675/1217] Compiling libraries/AP_VisualOdom/AP_VisualOdom_Backend.cpp
[ 676/1217] Compiling libraries/AP_VisualOdom/AP_VisualOdom_IntelT265.cpp
[ 677/1217] Compiling libraries/AP_VisualOdom/AP_VisualOdom.cpp
[ 678/1217] Compiling libraries/AP_Volz_Protocol/AP_Volz_Protocol.cpp
[ 679/1217] Compiling libraries/AP_WheelEncoder/WheelEncoder_Quadrature.cpp
[ 680/1217] Compiling libraries/AP_WheelEncoder/WheelEncoder_SITL_Quadrature.cpp
[ 681/1217] Compiling libraries/AP_WheelEncoder/WheelEncoder_Backend.cpp
[ 682/1217] Compiling libraries/AP_WheelEncoder/AP_WheelEncoder.cpp
[ 683/1217] Compiling libraries/AP_WheelEncoder/AP_WheelRateControl.cpp
[ 684/1217] Compiling libraries/AP_Winch/AP_Winch.cpp
[ 685/1217] Compiling libraries/AP_Winch/AP_Winch_Backend.cpp
[ 686/1217] Compiling libraries/AP_Winch/AP_Winch_Daiwa.cpp
[ 687/1217] Compiling libraries/AP_Winch/AP_Winch_PWM.cpp
[ 688/1217] Compiling libraries/Filter/NotchFilter.cpp
[ 689/1217] Compiling libraries/Filter/AP_Filter.cpp
[ 690/1217] Compiling libraries/Filter/HarmonicNotchFilter.cpp
[ 691/1217] Compiling libraries/Filter/AP_NotchFilter_params.cpp
[ 692/1217] Compiling libraries/Filter/LowPassFilter.cpp
[ 693/1217] Compiling libraries/Filter/LowPassFilter2p.cpp
[ 694/1217] Compiling libraries/Filter/ModeFilter.cpp
[ 695/1217] Compiling libraries/Filter/AP_Filter_params.cpp
[ 696/1217] Compiling libraries/Filter/DerivativeFilter.cpp
[ 697/1217] Compiling libraries/Filter/SlewLimiter.cpp
[ 698/1217] Compiling libraries/Filter/SlewCalculator2D.cpp
[ 699/1217] Compiling libraries/GCS_MAVLink/MissionItemProtocol_Fence.cpp
[ 700/1217] Compiling libraries/GCS_MAVLink/GCS_ServoRelay.cpp
[ 701/1217] Compiling libraries/GCS_MAVLink/MissionItemProtocol_Waypoints.cpp
[ 702/1217] Compiling libraries/GCS_MAVLink/MissionItemProtocol.cpp
[ 703/1217] Compiling libraries/GCS_MAVLink/GCS_FTP.cpp
[ 704/1217] Compiling libraries/GCS_MAVLink/GCS_Rally.cpp
[ 705/1217] Compiling libraries/GCS_MAVLink/GCS_Param.cpp
[ 706/1217] Compiling libraries/GCS_MAVLink/GCS_serial_control.cpp
[ 707/1217] Compiling libraries/GCS_MAVLink/GCS_Signing.cpp
[ 708/1217] Compiling libraries/GCS_MAVLink/MAVLink_routing.cpp
[ 709/1217] Compiling libraries/GCS_MAVLink/GCS_MAVLink.cpp
[ 710/1217] Compiling libraries/GCS_MAVLink/GCS_DeviceOp.cpp
[ 711/1217] Compiling libraries/GCS_MAVLink/MissionItemProtocol_Rally.cpp
[ 712/1217] Compiling libraries/GCS_MAVLink/GCS.cpp
[ 713/1217] Compiling libraries/RC_Channel/RC_Channels.cpp
[ 714/1217] Compiling libraries/SRV_Channel/SRV_Channel.cpp
[ 715/1217] Compiling libraries/SRV_Channel/SRV_Channels.cpp
[ 716/1217] Compiling libraries/SRV_Channel/SRV_Channel_aux.cpp
[ 717/1217] Compiling libraries/AP_HAL/utility/RCOutput_Tap.cpp
[ 718/1217] Compiling libraries/AP_HAL/UARTDriver.cpp
[ 719/1217] Compiling libraries/AP_HAL/GPIO.cpp
[ 720/1217] Compiling libraries/AP_HAL/utility/srxl.cpp
[ 721/1217] Compiling libraries/AP_HAL/utility/dsm.cpp
[ 722/1217] Compiling libraries/AP_HAL/Util.cpp
[ 723/1217] Compiling libraries/AP_HAL/system.cpp
[ 724/1217] Compiling libraries/AP_HAL/Semaphores.cpp
[ 725/1217] Compiling libraries/AP_HAL/RCOutput.cpp
[ 726/1217] Compiling libraries/AP_HAL/Scheduler.cpp
[ 727/1217] Compiling libraries/AP_HAL/utility/DataRateLimit.cpp
[ 728/1217] Compiling libraries/AP_HAL/utility/ftoa_engine.cpp
[ 729/1217] Compiling libraries/AP_HAL/Device.cpp
[ 730/1217] Compiling libraries/AP_HAL/utility/getopt_cpp.cpp
[ 731/1217] Compiling libraries/AP_HAL/DSP.cpp
[ 732/1217] Compiling libraries/AP_HAL/utility/RCOutput_Tap_Linux.cpp
[ 733/1217] Compiling libraries/AP_HAL/utility/packetise.cpp
[ 734/1217] Compiling libraries/AP_HAL/CANIface.cpp
[ 735/1217] Compiling libraries/AP_HAL/utility/Socket.cpp
[ 736/1217] Compiling libraries/AP_HAL/HAL.cpp
[ 737/1217] Compiling libraries/AP_HAL/utility/RingBuffer.cpp
[ 738/1217] Compiling libraries/AP_HAL/Storage.cpp
[ 739/1217] Compiling libraries/AP_HAL/utility/BetterStream.cpp
[ 740/1217] Compiling libraries/AP_HAL/utility/utoa_invert.cpp
[ 741/1217] Compiling libraries/AP_HAL/utility/Socket_native.cpp
[ 742/1217] Compiling libraries/AP_HAL/utility/print_vprintf.cpp
[ 743/1217] Compiling libraries/AP_HAL/utility/sumd.cpp
[ 744/1217] Compiling libraries/AP_HAL/utility/replace.cpp
[ 745/1217] Compiling libraries/AP_HAL/utility/st24.cpp
[ 746/1217] Compiling libraries/AP_HAL_Empty/RCOutput.cpp
[ 747/1217] Compiling libraries/AP_HAL_Empty/RCInput.cpp
[ 748/1217] Compiling libraries/AP_HAL_Empty/Semaphores.cpp
[ 749/1217] Compiling libraries/AP_HAL_Empty/Storage.cpp
[ 750/1217] Compiling libraries/AP_HAL_Empty/AnalogIn.cpp
[ 751/1217] Compiling libraries/AP_HAL_Empty/GPIO.cpp
[ 752/1217] Compiling libraries/AP_HAL_Empty/HAL_Empty_Class.cpp
[ 753/1217] Compiling libraries/AP_HAL_Empty/UARTDriver.cpp
[ 754/1217] Compiling libraries/AP_PiccoloCAN/piccolo_protocol/fielddecode.c
[ 755/1217] Compiling libraries/AP_PiccoloCAN/piccolo_protocol/ECUDefines.c
[ 756/1217] Compiling libraries/AP_PiccoloCAN/piccolo_protocol/ServoCommands.c
[ 757/1217] Compiling libraries/AP_PiccoloCAN/piccolo_protocol/ESCCommands.c
[ 758/1217] Compiling libraries/AP_PiccoloCAN/piccolo_protocol/ECUPackets.c
[ 759/1217] Compiling libraries/AP_PiccoloCAN/piccolo_protocol/ECUProtocol.c
[ 760/1217] Compiling libraries/AP_PiccoloCAN/piccolo_protocol/ESCDefines.c
[ 761/1217] Compiling libraries/AP_PiccoloCAN/piccolo_protocol/ESCPackets.c
[ 762/1217] Compiling libraries/AP_PiccoloCAN/piccolo_protocol/ServoPackets.c
[ 763/1217] Compiling libraries/AP_PiccoloCAN/piccolo_protocol/scaleddecode.c
[ 764/1217] Compiling libraries/AP_PiccoloCAN/piccolo_protocol/scaledencode.c
[ 765/1217] Compiling libraries/AP_PiccoloCAN/piccolo_protocol/ServoProtocol.c
[ 766/1217] Compiling libraries/AP_PiccoloCAN/piccolo_protocol/ECUSettings.c
[ 767/1217] Compiling libraries/AP_PiccoloCAN/piccolo_protocol/ESCVelocityProtocol.c
[ 768/1217] Compiling libraries/AP_PiccoloCAN/piccolo_protocol/ServoDefines.c
[ 769/1217] Compiling libraries/AP_PiccoloCAN/piccolo_protocol/fieldencode.c
[ 770/1217] Compiling libraries/AP_HAL_ChibiOS/Semaphores.cpp
[ 771/1217] Compiling libraries/AP_HAL_ChibiOS/sdcard.cpp
[ 772/1217] Compiling libraries/AP_HAL_ChibiOS/UARTDriver.cpp
[ 773/1217] Compiling libraries/AP_HAL_ChibiOS/SPIDevice.cpp
[ 774/1217] Compiling libraries/AP_HAL_ChibiOS/Util.cpp
[ 775/1217] Compiling libraries/AP_HAL_ChibiOS/SoftSigReaderInt.cpp
[ 776/1217] Compiling libraries/AP_HAL_ChibiOS/CanIface.cpp
[ 777/1217] Compiling libraries/AP_HAL_ChibiOS/RCOutput.cpp
[ 778/1217] Compiling libraries/AP_HAL_ChibiOS/RCOutput_bdshot.cpp
[ 779/1217] Compiling libraries/AP_HAL_ChibiOS/stdio.cpp
[ 780/1217] Compiling libraries/AP_HAL_ChibiOS/RCOutput_iofirmware.cpp
[ 781/1217] Compiling libraries/AP_HAL_ChibiOS/AnalogIn.cpp
[ 782/1217] Compiling libraries/AP_HAL_ChibiOS/DSP.cpp
[ 783/1217] Compiling libraries/AP_HAL_ChibiOS/shared_dma.cpp
[ 784/1217] Compiling libraries/AP_HAL_ChibiOS/SoftSigReader.cpp
[ 785/1217] Compiling libraries/AP_HAL_ChibiOS/WSPIDevice.cpp
[ 786/1217] Compiling libraries/AP_HAL_ChibiOS/RCInput.cpp
[ 787/1217] Compiling libraries/AP_HAL_ChibiOS/CANFDIface.cpp
[ 788/1217] Compiling libraries/AP_HAL_ChibiOS/Scheduler.cpp
[ 789/1217] Compiling libraries/AP_HAL_ChibiOS/I2CDevice.cpp
[ 790/1217] Compiling libraries/AP_HAL_ChibiOS/RCOutput_serial.cpp
[ 791/1217] Compiling libraries/AP_HAL_ChibiOS/Device.cpp
[ 792/1217] Compiling libraries/AP_Scripting/AP_Scripting_SerialDevice.cpp
[ 793/1217] Compiling libraries/AP_Scripting/AP_Scripting_CANSensor.cpp
[ 794/1217] Compiling libraries/AP_Scripting/AP_Scripting.cpp
[ 795/1217] Compiling libraries/AP_Scripting/AP_Scripting_SerialAccess.cpp
[ 796/1217] Compiling libraries/AP_Scripting/lua/src/lstate.c
[ 797/1217] Compiling libraries/AP_Scripting/lua/src/lparser.c
[ 798/1217] Compiling libraries/AP_Scripting/lua/src/loadlib.c
[ 799/1217] Compiling libraries/AP_Scripting/lua/src/liolib.c
[ 800/1217] Compiling libraries/AP_Scripting/lua/src/lstrlib.c
[ 801/1217] Compiling libraries/AP_Scripting/lua/src/loslib.c
[ 802/1217] Compiling libraries/AP_Scripting/lua/src/lobject.c
[ 803/1217] Compiling libraries/AP_Scripting/lua/src/ltablib.c
[ 804/1217] Compiling libraries/AP_Scripting/lua/src/lopcodes.c
[ 805/1217] Compiling libraries/AP_Scripting/lua/src/linit.c
[ 806/1217] Compiling libraries/AP_Scripting/lua/src/lstring.c
[ 807/1217] Compiling libraries/AP_Scripting/lua/src/lmem.c
[ 808/1217] Compiling libraries/AP_Scripting/lua/src/llex.c
[ 809/1217] Compiling libraries/AP_Scripting/lua/src/lmathlib.c
[ 810/1217] Compiling libraries/AP_Scripting/lua/src/lfunc.c
[ 811/1217] Compiling libraries/AP_Scripting/lua/src/luac.c
[ 812/1217] Compiling libraries/AP_Scripting/lua/src/lzio.c
[ 813/1217] Compiling libraries/AP_Scripting/lua/src/lctype.c
[ 814/1217] Compiling libraries/AP_Scripting/lua/src/lapi.c
[ 815/1217] Compiling libraries/AP_Scripting/lua/src/lauxlib.c
[ 816/1217] Compiling libraries/AP_Scripting/lua/src/ldo.c
[ 817/1217] Compiling libraries/AP_Scripting/lua/src/lgc.c
[ 818/1217] Compiling libraries/AP_Scripting/lua/src/lua.c
[ 819/1217] Compiling libraries/AP_Scripting/lua/src/ldblib.c
[ 820/1217] Compiling libraries/AP_Scripting/lua/src/lbitlib.c
[ 821/1217] Compiling libraries/AP_Scripting/lua/src/lcorolib.c
[ 822/1217] Compiling libraries/AP_Scripting/lua/src/ltm.c
[ 823/1217] Compiling libraries/AP_Scripting/lua/src/ltable.c
[ 824/1217] Compiling libraries/AP_Scripting/lua/src/lundump.c
[ 825/1217] Compiling libraries/AP_Scripting/lua/src/ldump.c
[ 826/1217] Compiling libraries/AP_Scripting/lua/src/lcode.c
[ 827/1217] Compiling libraries/AP_Scripting/lua/src/lvm.c
[ 828/1217] Compiling libraries/AP_Scripting/lua/src/lbaselib.c
[ 829/1217] Compiling libraries/AP_Scripting/lua/src/lutf8lib.c
[ 830/1217] Compiling libraries/AP_Scripting/lua/src/ldebug.c
[ 831/1217] Compiling modules/DroneCAN/libcanard/canard.c
[ 832/1217] Compiling libraries/AP_ADSB/sagetech-sdk/sgDecodeSVR.c
[ 833/1217] Compiling libraries/AP_ADSB/sagetech-sdk/toInt32.c
[ 834/1217] Compiling libraries/AP_ADSB/sagetech-sdk/sgEncodeOperating.c
[ 835/1217] Compiling libraries/AP_ADSB/sagetech-sdk/sgEncodeFlightId.c
[ 836/1217] Compiling libraries/AP_ADSB/sagetech-sdk/toLatLon.c
[ 837/1217] Compiling libraries/AP_ADSB/sagetech-sdk/toInt16.c
[ 838/1217] Compiling libraries/AP_ADSB/sagetech-sdk/target.c
[ 839/1217] Compiling libraries/AP_ADSB/sagetech-sdk/charArray2Buf.c
[ 840/1217] Compiling libraries/AP_ADSB/sagetech-sdk/toVel.c
[ 841/1217] Compiling libraries/AP_ADSB/sagetech-sdk/sgDecodeMSR.c
[ 842/1217] Compiling libraries/AP_ADSB/sagetech-sdk/icao2Buf.c
[ 843/1217] Compiling libraries/AP_ADSB/sagetech-sdk/sgEncodeGPS.c
[ 844/1217] Compiling libraries/AP_ADSB/sagetech-sdk/uint322Buf.c
[ 845/1217] Compiling libraries/AP_ADSB/sagetech-sdk/sgDecodeInstall.c
[ 846/1217] Compiling libraries/AP_ADSB/sagetech-sdk/toHeading.c
[ 847/1217] Compiling libraries/AP_ADSB/sagetech-sdk/float2Buf.c
[ 848/1217] Compiling libraries/AP_ADSB/sagetech-sdk/sgDecodeAck.c
[ 849/1217] Compiling libraries/AP_ADSB/sagetech-sdk/uint162Buf.c
[ 850/1217] Compiling libraries/AP_ADSB/sagetech-sdk/toHeading2.c
[ 851/1217] Compiling libraries/AP_ADSB/sagetech-sdk/calcChecksum.c
[ 852/1217] Compiling libraries/AP_ADSB/sagetech-sdk/toUint32.c
[ 853/1217] Compiling libraries/AP_ADSB/sagetech-sdk/sgEncodeDataReq.c
[ 854/1217] Compiling libraries/AP_ADSB/sagetech-sdk/toIcao.c
[ 855/1217] Compiling libraries/AP_ADSB/sagetech-sdk/toGS.c
[ 856/1217] Compiling libraries/AP_ADSB/sagetech-sdk/appendChecksum.c
[ 857/1217] Compiling libraries/AP_ADSB/sagetech-sdk/toAlt.c
[ 858/1217] Compiling libraries/AP_ADSB/sagetech-sdk/sgDecodeFlightId.c
[ 859/1217] Compiling libraries/AP_ADSB/sagetech-sdk/toUint16.c
[ 860/1217] Compiling libraries/AP_ADSB/sagetech-sdk/sgEncodeInstall.c
[ 861/1217] Compiling libraries/AP_ADSB/sagetech-sdk/toTOA.c
[ 862/1217] Compiling libraries/AP_ADSB/sagetech-sdk/sgEncodeTargetReq.c
[ 863/1217] Compiling libraries/AP_Airspeed/AP_Airspeed.cpp
[ 864/1217] Compiling libraries/AP_Airspeed/AP_Airspeed_Params.cpp
[ 865/1217] Compiling libraries/AP_Airspeed/AP_Airspeed_NMEA.cpp
[ 866/1217] Compiling libraries/AP_AHRS/AP_AHRS_DCM.cpp
[ 867/1217] Compiling libraries/AP_AHRS/AP_AHRS.cpp
[ 868/1217] Compiling libraries/AP_AHRS/AP_AHRS_Backend.cpp
[ 869/1217] Compiling libraries/AP_Baro/AP_Baro_SITL.cpp
[ 870/1217] Compiling libraries/AP_Baro/AP_Baro.cpp
[ 871/1217] Compiling libraries/AP_BattMonitor/AP_BattMonitor.cpp
[ 872/1217] Compiling libraries/AP_BattMonitor/AP_BattMonitor_Params.cpp
[ 873/1217] Compiling libraries/AP_BoardConfig/AP_BoardConfig.cpp
[ 874/1217] Compiling libraries/AP_HAL/SIMState.cpp
[ 875/1217] Compiling libraries/AP_InertialSensor/AP_InertialSensor.cpp
[ 876/1217] Compiling libraries/AP_Math/SCurve.cpp
[ 877/1217] Compiling libraries/AP_Mission/AP_Mission.cpp
[ 878/1217] Compiling libraries/AP_DAL/AP_DAL_VisualOdom.cpp
[ 879/1217] Compiling libraries/AP_DAL/AP_DAL_Beacon.cpp
[ 880/1217] Compiling libraries/AP_DAL/AP_DAL.cpp
[ 881/1217] Compiling libraries/AP_DAL/AP_DAL_RangeFinder.cpp
[ 882/1217] Compiling libraries/AP_NavEKF2/AP_NavEKF2_OptFlowFusion.cpp
[ 883/1217] Compiling libraries/AP_NavEKF2/AP_NavEKF2.cpp
[ 884/1217] Compiling libraries/AP_NavEKF3/AP_NavEKF3_Outputs.cpp
[ 885/1217] Compiling libraries/AP_NavEKF3/AP_NavEKF3_Measurements.cpp
[ 886/1217] Compiling libraries/AP_NavEKF3/AP_NavEKF3_core.cpp
[ 887/1217] Compiling libraries/AP_NavEKF3/AP_NavEKF3_Logging.cpp
[ 888/1217] Compiling libraries/AP_NavEKF3/AP_NavEKF3_RngBcnFusion.cpp
[ 889/1217] Compiling libraries/AP_NavEKF3/AP_NavEKF3_Control.cpp
[ 890/1217] Compiling libraries/AP_NavEKF3/AP_NavEKF3_GyroBias.cpp
[ 891/1217] Compiling libraries/AP_NavEKF3/AP_NavEKF3_MagFusion.cpp
[ 892/1217] Compiling libraries/AP_NavEKF3/AP_NavEKF3_VehicleStatus.cpp
[ 893/1217] Compiling libraries/AP_NavEKF3/AP_NavEKF3.cpp
[ 894/1217] Compiling libraries/AP_NavEKF3/AP_NavEKF3_PosVelFusion.cpp
[ 895/1217] Compiling libraries/AP_NavEKF3/AP_NavEKF3_OptFlowFusion.cpp
[ 896/1217] Compiling libraries/AP_NavEKF3/AP_NavEKF3_AirDataFusion.cpp
[ 897/1217] Compiling libraries/AP_Rally/AP_Rally.cpp
[ 898/1217] Compiling libraries/AP_Scheduler/AP_Scheduler.cpp
[ 899/1217] Compiling libraries/AP_Terrain/AP_Terrain.cpp
[ 900/1217] Compiling libraries/AP_Vehicle/AP_Vehicle.cpp
[ 901/1217] Compiling libraries/AP_Logger/AP_Logger_Backend.cpp
[ 902/1217] Compiling libraries/AP_Logger/LoggerMessageWriter.cpp
[ 903/1217] Compiling libraries/AP_Logger/AP_Logger_File.cpp
[ 904/1217] Compiling libraries/AP_Logger/AP_Logger.cpp
[ 905/1217] Compiling libraries/GCS_MAVLink/GCS_Dummy.cpp
[ 906/1217] Compiling libraries/GCS_MAVLink/GCS_Fence.cpp
[ 907/1217] Compiling libraries/GCS_MAVLink/GCS_Common.cpp
[ 908/1217] Compiling libraries/RC_Channel/RC_Channel.cpp
[ 909/1217] Compiling libraries/StorageManager/StorageManager.cpp
[ 910/1217] Compiling libraries/AP_Frsky_Telem/AP_Frsky_SPort_Passthrough.cpp
[ 911/1217] Compiling libraries/AP_IBus_Telem/AP_IBus_Telem.cpp
[ 912/1217] Compiling libraries/AP_Relay/AP_Relay.cpp
[ 913/1217] Compiling libraries/AP_RCProtocol/AP_RCProtocol_GHST.cpp
[ 914/1217] Compiling libraries/AP_RCProtocol/AP_RCProtocol_FPort.cpp
[ 915/1217] Compiling libraries/AP_RCProtocol/AP_RCProtocol.cpp
[ 916/1217] Compiling libraries/AP_RCProtocol/AP_RCProtocol_UDP.cpp
[ 917/1217] Compiling libraries/AP_RCProtocol/AP_RCProtocol_SRXL2.cpp
[ 918/1217] Compiling libraries/AP_RCProtocol/AP_RCProtocol_CRSF.cpp
[ 919/1217] Compiling libraries/AP_RCProtocol/AP_RCProtocol_FPort2.cpp
[ 920/1217] Compiling libraries/AP_BLHeli/AP_BLHeli.cpp
[ 921/1217] Compiling libraries/AP_Proximity/AP_Proximity_Utils.cpp
[ 922/1217] Compiling libraries/AC_Fence/AC_Fence.cpp
[ 923/1217] Compiling libraries/AC_Fence/AC_PolyFence_loader.cpp
[ 924/1217] Compiling libraries/AC_Avoidance/AP_OADatabase.cpp
[ 925/1217] Compiling libraries/AC_Avoidance/AC_Avoid.cpp
[ 926/1217] Compiling libraries/AC_Avoidance/AP_OABendyRuler.cpp
[ 927/1217] Compiling libraries/AP_LandingGear/AP_LandingGear.cpp
[ 928/1217] Compiling libraries/AP_OSD/AP_OSD_ParamSetting.cpp
[ 929/1217] Compiling libraries/AP_OSD/AP_OSD_ParamScreen.cpp
[ 930/1217] Compiling libraries/AP_OSD/AP_OSD_Screen.cpp
[ 931/1217] Compiling libraries/AP_Filesystem/AP_Filesystem_posix.cpp
[ 932/1217] Compiling libraries/AP_ADSB/AP_ADSB_Sagetech_MXS.cpp
[ 933/1217] Compiling libraries/AP_ADSB/AP_ADSB.cpp
[ 934/1217] Compiling libraries/AP_ESC_Telem/AP_ESC_Telem_Backend.cpp
[ 935/1217] Compiling libraries/AP_GyroFFT/AP_GyroFFT.cpp
[ 936/1217] Compiling libraries/AP_RCTelemetry/AP_CRSF_Telem.cpp
[ 937/1217] Compiling libraries/AP_RCTelemetry/AP_RCTelemetry.cpp
[ 938/1217] Compiling libraries/AP_ExternalAHRS/AP_ExternalAHRS_InertialLabs.cpp
[ 939/1217] Compiling libraries/AP_TemperatureSensor/AP_TemperatureSensor.cpp
[ 940/1217] Compiling libraries/AP_AIS/AP_AIS.cpp
[ 941/1217] Compiling libraries/AP_Arming/AP_Arming.cpp
[ 942/1217] Compiling libraries/AC_AttitudeControl/AC_WeatherVane.cpp
[ 943/1217] Compiling libraries/AC_AttitudeControl/AC_AttitudeControl.cpp
[ 944/1217] Compiling libraries/AC_AttitudeControl/AC_PosControl.cpp
[ 945/1217] Compiling libraries/AC_PrecLand/AC_PrecLand.cpp
[ 946/1217] Compiling libraries/AC_WPNav/AC_Loiter.cpp
[ 947/1217] Compiling libraries/AP_Motors/AP_MotorsMulticopter.cpp
[ 948/1217] Compiling libraries/AP_Motors/AP_MotorsTri.cpp
[ 949/1217] Compiling libraries/AP_Motors/AP_Motors_Thrust_Linearization.cpp
[ 950/1217] Compiling libraries/AP_Motors/AP_MotorsMatrix.cpp
[ 951/1217] Compiling libraries/AP_Avoidance/AP_Avoidance.cpp
[ 952/1217] Compiling libraries/AP_Follow/AP_Follow.cpp
[ 953/1217] Compiling libraries/AC_AutoTune/AC_AutoTune.cpp
[ 954/1217] Compiling libraries/AP_HAL_ChibiOS/HAL_ChibiOS_Class.cpp
[ 955/1217] Compiling libraries/AP_HAL_ChibiOS/GPIO.cpp
[ 956/1217] Compiling libraries/AP_HAL_ChibiOS/Storage.cpp
[ 957/1217] Compiling libraries/AP_HAL_ChibiOS/system.cpp
[ 958/1217] Compiling libraries/AP_Scripting/lua_scripts.cpp
[ 959/1217] Compiling libraries/AP_Scripting/lua_bindings.cpp
[ 960/1217] Compiling build/H4H32N9_A6U828N_C463OP/libraries/AP_Scripting/lua_generated_bindings.cpp
[ 961/1217] Compiling libraries/AP_Scripting/AP_Scripting_helpers.cpp
[ 962/1217] Compiling libraries/AP_Scripting/lua_boxed_numerics.cpp
[ 963/1217] Compiling build/H4H32N9_A6U828N_C463OP/modules/DroneCAN/libcanard/dsdlc_generated/src/dronecan.remoteid.SecureCommand_res.c
[ 964/1217] Compiling build/H4H32N9_A6U828N_C463OP/modules/DroneCAN/libcanard/dsdlc_generated/src/com.hobbywing.esc.SetThrottleSource_res.c
[ 965/1217] Compiling build/H4H32N9_A6U828N_C463OP/modules/DroneCAN/libcanard/dsdlc_generated/src/uavcan.protocol.GetTransportStats_req.c
[ 966/1217] Compiling build/H4H32N9_A6U828N_C463OP/modules/DroneCAN/libcanard/dsdlc_generated/src/com.hobbywing.esc.GetMaintenanceInformation_res.c
[ 967/1217] Compiling build/H4H32N9_A6U828N_C463OP/modules/DroneCAN/libcanard/dsdlc_generated/src/uavcan.equipment.camera_gimbal.Mode.c
[ 968/1217] Compiling build/H4H32N9_A6U828N_C463OP/modules/DroneCAN/libcanard/dsdlc_generated/src/com.hobbywing.esc.StatusMsg2.c
[ 969/1217] Compiling build/H4H32N9_A6U828N_C463OP/modules/DroneCAN/libcanard/dsdlc_generated/src/uavcan.protocol.GetNodeInfo_req.c
[ 970/1217] Compiling build/H4H32N9_A6U828N_C463OP/modules/DroneCAN/libcanard/dsdlc_generated/src/mppt.OutputEnable_req.c
[ 971/1217] Compiling build/H4H32N9_A6U828N_C463OP/modules/DroneCAN/libcanard/dsdlc_generated/src/uavcan.protocol.enumeration.Begin_res.c
[ 972/1217] Compiling build/H4H32N9_A6U828N_C463OP/modules/DroneCAN/libcanard/dsdlc_generated/src/com.hobbywing.esc.SetBaud_req.c
[ 973/1217] Compiling build/H4H32N9_A6U828N_C463OP/modules/DroneCAN/libcanard/dsdlc_generated/src/cuav.equipment.power.CBAT.c
[ 974/1217] Compiling build/H4H32N9_A6U828N_C463OP/modules/DroneCAN/libcanard/dsdlc_generated/src/ardupilot.gnss.RelPosHeading.c
[ 975/1217] Compiling build/H4H32N9_A6U828N_C463OP/modules/DroneCAN/libcanard/dsdlc_generated/src/mppt.Stream.c
[ 976/1217] Compiling build/H4H32N9_A6U828N_C463OP/modules/DroneCAN/libcanard/dsdlc_generated/src/ardupilot.indication.NotifyState.c
[ 977/1217] Compiling build/H4H32N9_A6U828N_C463OP/modules/DroneCAN/libcanard/dsdlc_generated/src/uavcan.protocol.param.Empty.c
[ 978/1217] Compiling build/H4H32N9_A6U828N_C463OP/modules/DroneCAN/libcanard/dsdlc_generated/src/uavcan.protocol.dynamic_node_id.server.RequestVote_res.c
[ 979/1217] Compiling build/H4H32N9_A6U828N_C463OP/modules/DroneCAN/libcanard/dsdlc_generated/src/ardupilot.gnss.MovingBaselineData.c
[ 980/1217] Compiling build/H4H32N9_A6U828N_C463OP/modules/DroneCAN/libcanard/dsdlc_generated/src/com.tmotor.esc.FocCtrl.c
[ 981/1217] Compiling build/H4H32N9_A6U828N_C463OP/modules/DroneCAN/libcanard/dsdlc_generated/src/com.tmotor.esc.ParamGet.c
[ 982/1217] Compiling build/H4H32N9_A6U828N_C463OP/modules/DroneCAN/libcanard/dsdlc_generated/src/uavcan.tunnel.Call_req.c
[ 983/1217] Compiling build/H4H32N9_A6U828N_C463OP/modules/DroneCAN/libcanard/dsdlc_generated/src/uavcan.protocol.param.GetSet_req.c
[ 984/1217] Compiling build/H4H32N9_A6U828N_C463OP/modules/DroneCAN/libcanard/dsdlc_generated/src/uavcan.protocol.param.ExecuteOpcode_res.c
[ 985/1217] Compiling build/H4H32N9_A6U828N_C463OP/modules/DroneCAN/libcanard/dsdlc_generated/src/dronecan.protocol.Stats.c
[ 986/1217] Compiling build/H4H32N9_A6U828N_C463OP/modules/DroneCAN/libcanard/dsdlc_generated/src/dronecan.remoteid.SelfID.c
[ 987/1217] Compiling build/H4H32N9_A6U828N_C463OP/modules/DroneCAN/libcanard/dsdlc_generated/src/dronecan.sensors.hygrometer.Hygrometer.c
[ 988/1217] Compiling build/H4H32N9_A6U828N_C463OP/modules/DroneCAN/libcanard/dsdlc_generated/src/uavcan.protocol.GetDataTypeInfo_res.c
[ 989/1217] Compiling build/H4H32N9_A6U828N_C463OP/modules/DroneCAN/libcanard/dsdlc_generated/src/com.hobbywing.esc.SetReportingFrequency_res.c
[ 990/1217] Compiling build/H4H32N9_A6U828N_C463OP/modules/DroneCAN/libcanard/dsdlc_generated/src/ardupilot.equipment.power.BatteryPeriodic.c
[ 991/1217] Compiling build/H4H32N9_A6U828N_C463OP/modules/DroneCAN/libcanard/dsdlc_generated/src/dronecan.remoteid.Location.c
[ 992/1217] Compiling build/H4H32N9_A6U828N_C463OP/modules/DroneCAN/libcanard/dsdlc_generated/src/uavcan.equipment.indication.RGB565.c
[ 993/1217] Compiling build/H4H32N9_A6U828N_C463OP/modules/DroneCAN/libcanard/dsdlc_generated/src/uavcan.protocol.file.GetDirectoryEntryInfo_req.c
[ 994/1217] Compiling build/H4H32N9_A6U828N_C463OP/modules/DroneCAN/libcanard/dsdlc_generated/src/uavcan.protocol.GetDataTypeInfo_req.c
[ 995/1217] Compiling build/H4H32N9_A6U828N_C463OP/modules/DroneCAN/libcanard/dsdlc_generated/src/dronecan.protocol.FlexDebug.c
[ 996/1217] Compiling build/H4H32N9_A6U828N_C463OP/modules/DroneCAN/libcanard/dsdlc_generated/src/dronecan.remoteid.OperatorID.c
[ 997/1217] Compiling build/H4H32N9_A6U828N_C463OP/modules/DroneCAN/libcanard/dsdlc_generated/src/uavcan.protocol.file.Path.c
[ 998/1217] Compiling build/H4H32N9_A6U828N_C463OP/modules/DroneCAN/libcanard/dsdlc_generated/src/uavcan.protocol.file.GetDirectoryEntryInfo_res.c
[ 999/1217] Compiling build/H4H32N9_A6U828N_C463OP/modules/DroneCAN/libcanard/dsdlc_generated/src/uavcan.equipment.gnss.Auxiliary.c
[1000/1217] Compiling build/H4H32N9_A6U828N_C463OP/modules/DroneCAN/libcanard/dsdlc_generated/src/dronecan.sensors.magnetometer.MagneticFieldStrengthHiRes.c
[1001/1217] Compiling build/H4H32N9_A6U828N_C463OP/modules/DroneCAN/libcanard/dsdlc_generated/src/com.hobbywing.esc.SetID_res.c
[1002/1217] Compiling build/H4H32N9_A6U828N_C463OP/modules/DroneCAN/libcanard/dsdlc_generated/src/uavcan.protocol.dynamic_node_id.server.RequestVote_req.c
[1003/1217] Compiling build/H4H32N9_A6U828N_C463OP/modules/DroneCAN/libcanard/dsdlc_generated/src/uavcan.equipment.device.Temperature.c
[1004/1217] Compiling build/H4H32N9_A6U828N_C463OP/modules/DroneCAN/libcanard/dsdlc_generated/src/uavcan.protocol.file.GetInfo_res.c
[1005/1217] Compiling build/H4H32N9_A6U828N_C463OP/modules/DroneCAN/libcanard/dsdlc_generated/src/uavcan.equipment.camera_gimbal.AngularCommand.c
[1006/1217] Compiling build/H4H32N9_A6U828N_C463OP/modules/DroneCAN/libcanard/dsdlc_generated/src/uavcan.equipment.esc.RawCommand.c
[1007/1217] Compiling build/H4H32N9_A6U828N_C463OP/modules/DroneCAN/libcanard/dsdlc_generated/src/uavcan.equipment.esc.RPMCommand.c
[1008/1217] Compiling build/H4H32N9_A6U828N_C463OP/modules/DroneCAN/libcanard/dsdlc_generated/src/uavcan.protocol.enumeration.Indication.c
[1009/1217] Compiling build/H4H32N9_A6U828N_C463OP/modules/DroneCAN/libcanard/dsdlc_generated/src/uavcan.protocol.NodeStatus.c
[1010/1217] Compiling build/H4H32N9_A6U828N_C463OP/modules/DroneCAN/libcanard/dsdlc_generated/src/uavcan.equipment.gnss.RTCMStream.c
[1011/1217] Compiling build/H4H32N9_A6U828N_C463OP/modules/DroneCAN/libcanard/dsdlc_generated/src/uavcan.equipment.gnss.Fix.c
[1012/1217] Compiling build/H4H32N9_A6U828N_C463OP/modules/DroneCAN/libcanard/dsdlc_generated/src/uavcan.equipment.range_sensor.Measurement.c
[1013/1217] Compiling build/H4H32N9_A6U828N_C463OP/modules/DroneCAN/libcanard/dsdlc_generated/src/dronecan.remoteid.SecureCommand_req.c
[1014/1217] Compiling build/H4H32N9_A6U828N_C463OP/modules/DroneCAN/libcanard/dsdlc_generated/src/uavcan.equipment.camera_gimbal.GEOPOICommand.c
[1015/1217] Compiling build/H4H32N9_A6U828N_C463OP/modules/DroneCAN/libcanard/dsdlc_generated/src/uavcan.protocol.GetNodeInfo_res.c
[1016/1217] Compiling build/H4H32N9_A6U828N_C463OP/modules/DroneCAN/libcanard/dsdlc_generated/src/uavcan.protocol.Panic.c
[1017/1217] Compiling build/H4H32N9_A6U828N_C463OP/modules/DroneCAN/libcanard/dsdlc_generated/src/dronecan.remoteid.ArmStatus.c
[1018/1217] Compiling build/H4H32N9_A6U828N_C463OP/modules/DroneCAN/libcanard/dsdlc_generated/src/uavcan.equipment.actuator.Status.c
[1019/1217] Compiling build/H4H32N9_A6U828N_C463OP/modules/DroneCAN/libcanard/dsdlc_generated/src/uavcan.protocol.debug.LogLevel.c
[1020/1217] Compiling build/H4H32N9_A6U828N_C463OP/modules/DroneCAN/libcanard/dsdlc_generated/src/com.xacti.CopterAttStatus.c
[1021/1217] Compiling build/H4H32N9_A6U828N_C463OP/modules/DroneCAN/libcanard/dsdlc_generated/src/uavcan.protocol.debug.LogMessage.c
[1022/1217] Compiling build/H4H32N9_A6U828N_C463OP/modules/DroneCAN/libcanard/dsdlc_generated/src/com.hobbywing.esc.GetMajorConfig_res.c
[1023/1217] Compiling build/H4H32N9_A6U828N_C463OP/modules/DroneCAN/libcanard/dsdlc_generated/src/uavcan.Timestamp.c
[1024/1217] Compiling build/H4H32N9_A6U828N_C463OP/modules/DroneCAN/libcanard/dsdlc_generated/src/uavcan.equipment.ahrs.RawIMU.c
[1025/1217] Compiling build/H4H32N9_A6U828N_C463OP/modules/DroneCAN/libcanard/dsdlc_generated/src/uavcan.protocol.file.Delete_req.c
[1026/1217] Compiling build/H4H32N9_A6U828N_C463OP/modules/DroneCAN/libcanard/dsdlc_generated/src/ardupilot.equipment.power.BatteryInfoAux.c
[1027/1217] Compiling build/H4H32N9_A6U828N_C463OP/modules/DroneCAN/libcanard/dsdlc_generated/src/uavcan.protocol.SoftwareVersion.c
[1028/1217] Compiling build/H4H32N9_A6U828N_C463OP/modules/DroneCAN/libcanard/dsdlc_generated/src/ardupilot.equipment.power.BatteryCells.c
[1029/1217] Compiling build/H4H32N9_A6U828N_C463OP/modules/DroneCAN/libcanard/dsdlc_generated/src/com.hobbywing.esc.SetAngle_res.c
[1030/1217] Compiling build/H4H32N9_A6U828N_C463OP/modules/DroneCAN/libcanard/dsdlc_generated/src/com.hobbywing.esc.SetBaud_res.c
[1031/1217] Compiling build/H4H32N9_A6U828N_C463OP/modules/DroneCAN/libcanard/dsdlc_generated/src/uavcan.equipment.actuator.ArrayCommand.c
[1032/1217] Compiling build/H4H32N9_A6U828N_C463OP/modules/DroneCAN/libcanard/dsdlc_generated/src/uavcan.tunnel.Targetted.c
[1033/1217] Compiling build/H4H32N9_A6U828N_C463OP/modules/DroneCAN/libcanard/dsdlc_generated/src/uavcan.equipment.power.PrimaryPowerSupplyStatus.c
[1034/1217] Compiling build/H4H32N9_A6U828N_C463OP/modules/DroneCAN/libcanard/dsdlc_generated/src/uavcan.protocol.file.Read_req.c
[1035/1217] Compiling build/H4H32N9_A6U828N_C463OP/modules/DroneCAN/libcanard/dsdlc_generated/src/uavcan.protocol.file.Write_res.c
[1036/1217] Compiling build/H4H32N9_A6U828N_C463OP/modules/DroneCAN/libcanard/dsdlc_generated/src/uavcan.protocol.dynamic_node_id.server.Discovery.c
[1037/1217] Compiling build/H4H32N9_A6U828N_C463OP/modules/DroneCAN/libcanard/dsdlc_generated/src/uavcan.equipment.air_data.AngleOfAttack.c
[1038/1217] Compiling build/H4H32N9_A6U828N_C463OP/modules/DroneCAN/libcanard/dsdlc_generated/src/uavcan.tunnel.SerialConfig.c
[1039/1217] Compiling build/H4H32N9_A6U828N_C463OP/modules/DroneCAN/libcanard/dsdlc_generated/src/uavcan.protocol.RestartNode_res.c
[1040/1217] Compiling build/H4H32N9_A6U828N_C463OP/modules/DroneCAN/libcanard/dsdlc_generated/src/uavcan.protocol.file.Write_req.c
[1041/1217] Compiling build/H4H32N9_A6U828N_C463OP/modules/DroneCAN/libcanard/dsdlc_generated/src/uavcan.equipment.indication.SingleLightCommand.c
[1042/1217] Compiling build/H4H32N9_A6U828N_C463OP/modules/DroneCAN/libcanard/dsdlc_generated/src/uavcan.equipment.indication.LightsCommand.c
[1043/1217] Compiling build/H4H32N9_A6U828N_C463OP/modules/DroneCAN/libcanard/dsdlc_generated/src/uavcan.protocol.enumeration.Begin_req.c
[1044/1217] Compiling build/H4H32N9_A6U828N_C463OP/modules/DroneCAN/libcanard/dsdlc_generated/src/uavcan.equipment.air_data.IndicatedAirspeed.c
[1045/1217] Compiling build/H4H32N9_A6U828N_C463OP/modules/DroneCAN/libcanard/dsdlc_generated/src/uavcan.equipment.esc.Status.c
[1046/1217] Compiling build/H4H32N9_A6U828N_C463OP/modules/DroneCAN/libcanard/dsdlc_generated/src/ardupilot.equipment.proximity_sensor.Proximity.c
[1047/1217] Compiling build/H4H32N9_A6U828N_C463OP/modules/DroneCAN/libcanard/dsdlc_generated/src/uavcan.equipment.ahrs.MagneticFieldStrength2.c
[1048/1217] Compiling build/H4H32N9_A6U828N_C463OP/modules/DroneCAN/libcanard/dsdlc_generated/src/uavcan.protocol.file.EntryType.c
[1049/1217] Compiling build/H4H32N9_A6U828N_C463OP/modules/DroneCAN/libcanard/dsdlc_generated/src/com.xacti.GnssStatus.c
[1050/1217] Compiling build/H4H32N9_A6U828N_C463OP/modules/DroneCAN/libcanard/dsdlc_generated/src/uavcan.equipment.camera_gimbal.Status.c
[1051/1217] Compiling build/H4H32N9_A6U828N_C463OP/modules/DroneCAN/libcanard/dsdlc_generated/src/com.hobbywing.esc.SetAngle_req.c
[1052/1217] Compiling build/H4H32N9_A6U828N_C463OP/modules/DroneCAN/libcanard/dsdlc_generated/src/uavcan.protocol.dynamic_node_id.server.AppendEntries_res.c
[1053/1217] Compiling build/H4H32N9_A6U828N_C463OP/modules/DroneCAN/libcanard/dsdlc_generated/src/dronecan.sensors.rc.RCInput.c
[1054/1217] Compiling build/H4H32N9_A6U828N_C463OP/modules/DroneCAN/libcanard/dsdlc_generated/src/uavcan.equipment.air_data.RawAirData.c
[1055/1217] Compiling build/H4H32N9_A6U828N_C463OP/modules/DroneCAN/libcanard/dsdlc_generated/src/uavcan.CoarseOrientation.c
[1056/1217] Compiling build/H4H32N9_A6U828N_C463OP/modules/DroneCAN/libcanard/dsdlc_generated/src/ardupilot.gnss.Heading.c
[1057/1217] Compiling build/H4H32N9_A6U828N_C463OP/modules/DroneCAN/libcanard/dsdlc_generated/src/uavcan.equipment.power.CircuitStatus.c
[1058/1217] Compiling build/H4H32N9_A6U828N_C463OP/modules/DroneCAN/libcanard/dsdlc_generated/src/uavcan.protocol.param.NumericValue.c
[1059/1217] Compiling build/H4H32N9_A6U828N_C463OP/modules/DroneCAN/libcanard/dsdlc_generated/src/uavcan.protocol.debug.KeyValue.c
[1060/1217] Compiling build/H4H32N9_A6U828N_C463OP/modules/DroneCAN/libcanard/dsdlc_generated/src/uavcan.equipment.air_data.StaticPressure.c
[1061/1217] Compiling build/H4H32N9_A6U828N_C463OP/modules/DroneCAN/libcanard/dsdlc_generated/src/com.hobbywing.esc.StatusMsg1.c
[1062/1217] Compiling build/H4H32N9_A6U828N_C463OP/modules/DroneCAN/libcanard/dsdlc_generated/src/com.hobbywing.esc.SetReportingFrequency_req.c
[1063/1217] Compiling build/H4H32N9_A6U828N_C463OP/modules/DroneCAN/libcanard/dsdlc_generated/src/uavcan.protocol.GlobalTimeSync.c
[1064/1217] Compiling build/H4H32N9_A6U828N_C463OP/modules/DroneCAN/libcanard/dsdlc_generated/src/uavcan.equipment.hardpoint.Status.c
[1065/1217] Compiling build/H4H32N9_A6U828N_C463OP/modules/DroneCAN/libcanard/dsdlc_generated/src/com.hobbywing.esc.SetThrottleSource_req.c
[1066/1217] Compiling build/H4H32N9_A6U828N_C463OP/modules/DroneCAN/libcanard/dsdlc_generated/src/uavcan.equipment.safety.ArmingStatus.c
[1067/1217] Compiling build/H4H32N9_A6U828N_C463OP/modules/DroneCAN/libcanard/dsdlc_generated/src/uavcan.tunnel.Protocol.c
[1068/1217] Compiling build/H4H32N9_A6U828N_C463OP/modules/DroneCAN/libcanard/dsdlc_generated/src/uavcan.protocol.HardwareVersion.c
[1069/1217] Compiling build/H4H32N9_A6U828N_C463OP/modules/DroneCAN/libcanard/dsdlc_generated/src/uavcan.equipment.ahrs.MagneticFieldStrength.c
[1070/1217] Compiling build/H4H32N9_A6U828N_C463OP/modules/DroneCAN/libcanard/dsdlc_generated/src/uavcan.equipment.actuator.Command.c
[1071/1217] Compiling build/H4H32N9_A6U828N_C463OP/modules/DroneCAN/libcanard/dsdlc_generated/src/uavcan.protocol.AccessCommandShell_req.c
[1072/1217] Compiling build/H4H32N9_A6U828N_C463OP/modules/DroneCAN/libcanard/dsdlc_generated/src/uavcan.equipment.ahrs.Solution.c
[1073/1217] Compiling build/H4H32N9_A6U828N_C463OP/modules/DroneCAN/libcanard/dsdlc_generated/src/uavcan.protocol.DataTypeKind.c
[1074/1217] Compiling build/H4H32N9_A6U828N_C463OP/modules/DroneCAN/libcanard/dsdlc_generated/src/uavcan.tunnel.Call_res.c
[1075/1217] Compiling build/H4H32N9_A6U828N_C463OP/modules/DroneCAN/libcanard/dsdlc_generated/src/com.hobbywing.esc.SelfTest_res.c
[1076/1217] Compiling build/H4H32N9_A6U828N_C463OP/modules/DroneCAN/libcanard/dsdlc_generated/src/uavcan.equipment.ice.reciprocating.CylinderStatus.c
[1077/1217] Compiling build/H4H32N9_A6U828N_C463OP/modules/DroneCAN/libcanard/dsdlc_generated/src/uavcan.protocol.CANIfaceStats.c
[1078/1217] Compiling build/H4H32N9_A6U828N_C463OP/modules/DroneCAN/libcanard/dsdlc_generated/src/uavcan.equipment.ice.FuelTankStatus.c
[1079/1217] Compiling build/H4H32N9_A6U828N_C463OP/modules/DroneCAN/libcanard/dsdlc_generated/src/com.hobbywing.esc.SetDirection_req.c
[1080/1217] Compiling build/H4H32N9_A6U828N_C463OP/modules/DroneCAN/libcanard/dsdlc_generated/src/uavcan.equipment.hardpoint.Command.c
[1081/1217] Compiling build/H4H32N9_A6U828N_C463OP/modules/DroneCAN/libcanard/dsdlc_generated/src/uavcan.equipment.power.BatteryInfo.c
[1082/1217] Compiling build/H4H32N9_A6U828N_C463OP/modules/DroneCAN/libcanard/dsdlc_generated/src/uavcan.navigation.GlobalNavigationSolution.c
[1083/1217] Compiling build/H4H32N9_A6U828N_C463OP/modules/DroneCAN/libcanard/dsdlc_generated/src/uavcan.protocol.param.ExecuteOpcode_req.c
[1084/1217] Compiling build/H4H32N9_A6U828N_C463OP/modules/DroneCAN/libcanard/dsdlc_generated/src/uavcan.equipment.indication.BeepCommand.c
[1085/1217] Compiling build/H4H32N9_A6U828N_C463OP/modules/DroneCAN/libcanard/dsdlc_generated/src/uavcan.protocol.param.GetSet_res.c
[1086/1217] Compiling build/H4H32N9_A6U828N_C463OP/modules/DroneCAN/libcanard/dsdlc_generated/src/com.hobbywing.esc.SetID_req.c
[1087/1217] Compiling build/H4H32N9_A6U828N_C463OP/modules/DroneCAN/libcanard/dsdlc_generated/src/uavcan.protocol.file.Delete_res.c
[1088/1217] Compiling build/H4H32N9_A6U828N_C463OP/modules/DroneCAN/libcanard/dsdlc_generated/src/uavcan.equipment.air_data.Sideslip.c
[1089/1217] Compiling build/H4H32N9_A6U828N_C463OP/modules/DroneCAN/libcanard/dsdlc_generated/src/uavcan.protocol.GetTransportStats_res.c
[1090/1217] Compiling build/H4H32N9_A6U828N_C463OP/modules/DroneCAN/libcanard/dsdlc_generated/src/uavcan.protocol.AccessCommandShell_res.c
[1091/1217] Compiling build/H4H32N9_A6U828N_C463OP/modules/DroneCAN/libcanard/dsdlc_generated/src/uavcan.equipment.gnss.Fix2.c
[1092/1217] Compiling build/H4H32N9_A6U828N_C463OP/modules/DroneCAN/libcanard/dsdlc_generated/src/uavcan.equipment.gnss.ECEFPositionVelocity.c
[1093/1217] Compiling build/H4H32N9_A6U828N_C463OP/modules/DroneCAN/libcanard/dsdlc_generated/src/uavcan.equipment.air_data.StaticTemperature.c
[1094/1217] Compiling build/H4H32N9_A6U828N_C463OP/modules/DroneCAN/libcanard/dsdlc_generated/src/com.xacti.GnssStatusReq.c
[1095/1217] Compiling build/H4H32N9_A6U828N_C463OP/modules/DroneCAN/libcanard/dsdlc_generated/src/com.hobbywing.esc.GetMaintenanceInformation_req.c
[1096/1217] Compiling build/H4H32N9_A6U828N_C463OP/modules/DroneCAN/libcanard/dsdlc_generated/src/uavcan.protocol.file.BeginFirmwareUpdate_res.c
[1097/1217] Compiling build/H4H32N9_A6U828N_C463OP/modules/DroneCAN/libcanard/dsdlc_generated/src/uavcan.protocol.file.Read_res.c
[1098/1217] Compiling build/H4H32N9_A6U828N_C463OP/modules/DroneCAN/libcanard/dsdlc_generated/src/uavcan.equipment.air_data.TrueAirspeed.c
[1099/1217] Compiling build/H4H32N9_A6U828N_C463OP/modules/DroneCAN/libcanard/dsdlc_generated/src/ardupilot.indication.Button.c
[1100/1217] Compiling build/H4H32N9_A6U828N_C463OP/modules/DroneCAN/libcanard/dsdlc_generated/src/com.tmotor.esc.PUSHSCI.c
[1101/1217] Compiling build/H4H32N9_A6U828N_C463OP/modules/DroneCAN/libcanard/dsdlc_generated/src/com.hobbywing.esc.GetMajorConfig_req.c
[1102/1217] Compiling build/H4H32N9_A6U828N_C463OP/modules/DroneCAN/libcanard/dsdlc_generated/src/uavcan.equipment.ice.reciprocating.Status.c
[1103/1217] Compiling build/H4H32N9_A6U828N_C463OP/modules/DroneCAN/libcanard/dsdlc_generated/src/com.himark.servo.ServoCmd.c
[1104/1217] Compiling build/H4H32N9_A6U828N_C463OP/modules/DroneCAN/libcanard/dsdlc_generated/src/uavcan.protocol.dynamic_node_id.server.AppendEntries_req.c
[1105/1217] Compiling build/H4H32N9_A6U828N_C463OP/modules/DroneCAN/libcanard/dsdlc_generated/src/dronecan.protocol.CanStats.c
[1106/1217] Compiling build/H4H32N9_A6U828N_C463OP/modules/DroneCAN/libcanard/dsdlc_generated/src/ardupilot.indication.SafetyState.c
[1107/1217] Compiling build/H4H32N9_A6U828N_C463OP/modules/DroneCAN/libcanard/dsdlc_generated/src/uavcan.protocol.file.Error.c
[1108/1217] Compiling build/H4H32N9_A6U828N_C463OP/modules/DroneCAN/libcanard/dsdlc_generated/src/uavcan.protocol.file.BeginFirmwareUpdate_req.c
[1109/1217] Compiling build/H4H32N9_A6U828N_C463OP/modules/DroneCAN/libcanard/dsdlc_generated/src/com.hobbywing.esc.StatusMsg3.c
[1110/1217] Compiling build/H4H32N9_A6U828N_C463OP/modules/DroneCAN/libcanard/dsdlc_generated/src/uavcan.protocol.param.Value.c
[1111/1217] Compiling build/H4H32N9_A6U828N_C463OP/modules/DroneCAN/libcanard/dsdlc_generated/src/com.tmotor.esc.ParamCfg.c
[1112/1217] Compiling build/H4H32N9_A6U828N_C463OP/modules/DroneCAN/libcanard/dsdlc_generated/src/ardupilot.gnss.Status.c
[1113/1217] Compiling build/H4H32N9_A6U828N_C463OP/modules/DroneCAN/libcanard/dsdlc_generated/src/uavcan.protocol.RestartNode_req.c
[1114/1217] Compiling build/H4H32N9_A6U828N_C463OP/modules/DroneCAN/libcanard/dsdlc_generated/src/com.hobbywing.esc.SetLED_res.c
[1115/1217] Compiling build/H4H32N9_A6U828N_C463OP/modules/DroneCAN/libcanard/dsdlc_generated/src/com.hobbywing.esc.SetDirection_res.c
[1116/1217] Compiling build/H4H32N9_A6U828N_C463OP/modules/DroneCAN/libcanard/dsdlc_generated/src/dronecan.remoteid.BasicID.c
[1117/1217] Compiling build/H4H32N9_A6U828N_C463OP/modules/DroneCAN/libcanard/dsdlc_generated/src/uavcan.protocol.dynamic_node_id.Allocation.c
[1118/1217] Compiling build/H4H32N9_A6U828N_C463OP/modules/DroneCAN/libcanard/dsdlc_generated/src/ardupilot.equipment.power.BatteryContinuous.c
[1119/1217] Compiling build/H4H32N9_A6U828N_C463OP/modules/DroneCAN/libcanard/dsdlc_generated/src/com.volz.servo.ActuatorStatus.c
[1120/1217] Compiling build/H4H32N9_A6U828N_C463OP/modules/DroneCAN/libcanard/dsdlc_generated/src/uavcan.tunnel.Broadcast.c
[1121/1217] Compiling build/H4H32N9_A6U828N_C463OP/modules/DroneCAN/libcanard/dsdlc_generated/src/com.hobbywing.esc.RawCommand.c
[1122/1217] Compiling build/H4H32N9_A6U828N_C463OP/modules/DroneCAN/libcanard/dsdlc_generated/src/com.hobbywing.esc.SelfTest_req.c
[1123/1217] Compiling build/H4H32N9_A6U828N_C463OP/modules/DroneCAN/libcanard/dsdlc_generated/src/dronecan.remoteid.System.c
[1124/1217] Compiling build/H4H32N9_A6U828N_C463OP/modules/DroneCAN/libcanard/dsdlc_generated/src/uavcan.equipment.esc.StatusExtended.c
[1125/1217] Compiling build/H4H32N9_A6U828N_C463OP/modules/DroneCAN/libcanard/dsdlc_generated/src/dronecan.sensors.rpm.RPM.c
[1126/1217] Compiling build/H4H32N9_A6U828N_C463OP/modules/DroneCAN/libcanard/dsdlc_generated/src/uavcan.protocol.dynamic_node_id.server.Entry.c
[1127/1217] Compiling build/H4H32N9_A6U828N_C463OP/modules/DroneCAN/libcanard/dsdlc_generated/src/com.himark.servo.ServoInfo.c
[1128/1217] Compiling build/H4H32N9_A6U828N_C463OP/modules/DroneCAN/libcanard/dsdlc_generated/src/com.hobbywing.esc.GetEscID.c
[1129/1217] Compiling build/H4H32N9_A6U828N_C463OP/modules/DroneCAN/libcanard/dsdlc_generated/src/com.xacti.GimbalAttitudeStatus.c
[1130/1217] Compiling build/H4H32N9_A6U828N_C463OP/modules/DroneCAN/libcanard/dsdlc_generated/src/uavcan.protocol.file.GetInfo_req.c
[1131/1217] Compiling build/H4H32N9_A6U828N_C463OP/modules/DroneCAN/libcanard/dsdlc_generated/src/com.hobbywing.esc.SetLED_req.c
[1132/1217] Compiling build/H4H32N9_A6U828N_C463OP/modules/DroneCAN/libcanard/dsdlc_generated/src/com.hex.equipment.flow.Measurement.c
[1133/1217] Compiling build/H4H32N9_A6U828N_C463OP/modules/DroneCAN/libcanard/dsdlc_generated/src/com.xacti.GimbalControlData.c
[1134/1217] Compiling build/H4H32N9_A6U828N_C463OP/modules/DroneCAN/libcanard/dsdlc_generated/src/com.tmotor.esc.PUSHCAN.c
[1135/1217] Compiling build/H4H32N9_A6U828N_C463OP/modules/DroneCAN/libcanard/dsdlc_generated/src/ardupilot.equipment.trafficmonitor.TrafficReport.c
[1136/1217] Compiling build/H4H32N9_A6U828N_C463OP/modules/DroneCAN/libcanard/dsdlc_generated/src/mppt.OutputEnable_res.c
[1137/1217] Compiling ArduCopter/toy_mode.cpp
[1138/1217] Compiling ArduCopter/motors.cpp
[1139/1217] Compiling ArduCopter/events.cpp
[1140/1217] Compiling ArduCopter/AP_Rally.cpp
[1141/1217] Compiling ArduCopter/compassmot.cpp
[1142/1217] Compiling ArduCopter/mode_autotune.cpp
[1143/1217] Compiling ArduCopter/mode_zigzag.cpp
[1144/1217] Compiling ArduCopter/precision_landing.cpp
[1145/1217] Compiling ArduCopter/mode_guided.cpp
[1146/1217] Compiling ArduCopter/UserParameters.cpp
[1147/1217] Compiling ArduCopter/landing_gear.cpp
[1148/1217] Compiling ArduCopter/mode_avoid_adsb.cpp
[1149/1217] Compiling ArduCopter/esc_calibration.cpp
[1150/1217] Compiling ArduCopter/mode_stabilize.cpp
[1151/1217] Compiling ArduCopter/mode_follow.cpp
[1152/1217] Compiling ArduCopter/GCS_Copter.cpp
[1153/1217] Compiling ArduCopter/mode_althold.cpp
[1154/1217] Compiling ArduCopter/avoidance_adsb.cpp
[1155/1217] Compiling ArduCopter/system.cpp
[1156/1217] Compiling ArduCopter/mode_autorotate.cpp
[1157/1217] Compiling ArduCopter/terrain.cpp
[1158/1217] Compiling ArduCopter/mode_loiter.cpp
[1159/1217] Compiling ArduCopter/GCS_Mavlink.cpp
[1160/1217] Compiling ArduCopter/radio.cpp
[1161/1217] Compiling ArduCopter/commands.cpp
[1162/1217] Linking build/H4H32N9_A6U828N_C463OP/lib/libArduCopter_libs.a
[1163/1217] Compiling ArduCopter/autoyaw.cpp
[1164/1217] Compiling ArduCopter/land_detector.cpp
[1165/1217] Compiling ArduCopter/mode_throw.cpp
[1166/1217] Compiling ArduCopter/mode_flowhold.cpp
[1167/1217] Compiling ArduCopter/UserCode.cpp
[1168/1217] Compiling ArduCopter/AP_State.cpp
[1169/1217] Compiling ArduCopter/Log.cpp
[1170/1217] Compiling ArduCopter/standby.cpp
[1171/1217] Compiling ArduCopter/mode.cpp
[1172/1217] Compiling ArduCopter/mode_acro.cpp
[1173/1217] Compiling ArduCopter/crash_check.cpp
[1174/1217] Compiling ArduCopter/Parameters.cpp
[1175/1217] Compiling ArduCopter/mode_land.cpp
[1176/1217] Compiling ArduCopter/takeoff.cpp
[1177/1217] Compiling ArduCopter/AP_ExternalControl_Copter.cpp
[1178/1217] Compiling ArduCopter/mode_brake.cpp
[1179/1217] Compiling ArduCopter/takeoff_check.cpp
[1180/1217] Compiling ArduCopter/inertia.cpp
[1181/1217] Compiling ArduCopter/mode_smart_rtl.cpp
[1182/1217] Compiling ArduCopter/sensors.cpp
[1183/1217] Compiling ArduCopter/mode_guided_nogps.cpp
[1184/1217] Compiling ArduCopter/AP_Arming.cpp
[1185/1217] Compiling ArduCopter/ekf_check.cpp
[1186/1217] Compiling ArduCopter/mode_sport.cpp
[1187/1217] Compiling ArduCopter/baro_ground_effect.cpp
[1188/1217] Compiling ArduCopter/mode_systemid.cpp
[1189/1217] Compiling ArduCopter/surface_tracking.cpp
[1190/1217] Compiling ArduCopter/mode_rtl.cpp
[1191/1217] Compiling ArduCopter/failsafe.cpp
[1192/1217] Compiling ArduCopter/Copter.cpp
[1193/1217] Compiling ArduCopter/heli.cpp
[1194/1217] Compiling ArduCopter/motor_test.cpp
[1195/1217] Compiling ArduCopter/mode_stabilize_heli.cpp
[1196/1217] Compiling ArduCopter/tuning.cpp
[1197/1217] Compiling ArduCopter/Attitude.cpp
[1198/1217] Compiling ArduCopter/mode_acro_heli.cpp
[1199/1217] Compiling ArduCopter/mode_circle.cpp
[1200/1217] Compiling ArduCopter/mode_auto.cpp
[1201/1217] Compiling ArduCopter/navigation.cpp
[1202/1217] Compiling ArduCopter/avoidance.cpp
[1203/1217] Compiling ArduCopter/mode_turtle.cpp
[1204/1217] Compiling ArduCopter/mode_poshold.cpp
[1205/1217] Compiling ArduCopter/mode_drift.cpp
[1206/1217] Compiling ArduCopter/fence.cpp
[1207/1217] Compiling ArduCopter/mode_flip.cpp
[1208/1217] Compiling ArduCopter/afs_copter.cpp
[1209/1217] Compiling ArduCopter/RC_Channel.cpp
[1210/1217] Linking build/H4H32N9_A6U828N_C463OP/bin/arducopter
[1211/1217] Generating bin/arducopter.bin
[1212/1217] checking symbols build/H4H32N9_A6U828N_C463OP/bin/arducopter
[1213/1217] app_descriptor set_app_descriptor: build/H4H32N9_A6U828N_C463OP/bin/arducopter build/H4H32N9_A6U828N_C463OP/bin/arducopter.bin
Applying APP_DESCRIPTOR 94f5d66fb9f770c3
Applying APP_DESCRIPTOR 94f5d66fb9f770c3 to elf
[1214/1217] apj_gen build/H4H32N9_A6U828N_C463OP/bin/arducopter.bin
[1215/1217] bin cleanup build/H4H32N9_A6U828N_C463OP/bin/arducopter.bin
[1216/1217] Generating bin/arducopter.abin
[1217/1217] Generating bin/arducopter_with_bl.hex
githash 5169af900952dedd83e8f6e5a6a65114b97f8273 md5 9bacd3ee25ebc91ebea685fc3e203edd
Created bin/arducopter.abin

Waf: Leaving directory `/home/blacksquare/ardupilot/build/H4H32N9_A6U828N_C463OP'

BUILD SUMMARY
Build directory: /home/blacksquare/ardupilot/build/H4H32N9_A6U828N_C463OP
Target          Text (B)  Data (B)  BSS (B)  Total Flash Used (B)  Free Flash (B)  External Flash Used (B)
----------------------------------------------------------------------------------------------------------
bin/arducopter   1887604      4164   258132               1891768           74300  Not Applicable         
'copter' finished successfully (2m26.210s)
--- Copying outputs ---
Done: H4H32N9_A6U828N_C463OP

================================================================
  Building: H8H32N9_A6U828N_C463OP
================================================================
--- Bootloader ---
Setting top to                           : /home/blacksquare/ardupilot 
Setting out to                           : /home/blacksquare/ardupilot/build 
Autoconfiguration                        : enabled 
Checking for program 'python'            : /usr/bin/python3 
Checking for python version >= 3.6.9     : 3.12.3 
Setting board to                         : H8H32N9_A6U828N_C463OP 
Using toolchain                          : arm-none-eabi 
Checking for 'g++' (C++ compiler)        : /usr/bin/arm-none-eabi-g++ 
Checking for 'gcc' (C compiler)          : /usr/bin/arm-none-eabi-gcc 
Checking for program 'arm-none-eabi-nm'  : /usr/bin/arm-none-eabi-nm 
Checking for c flags '-MMD'              : yes 
Checking for cxx flags '-MMD'            : yes 
CXX Compiler                             : g++ 13.2.1 
Checking for program 'make'              : /usr/bin/make 
Checking for program 'arm-none-eabi-objcopy' : /usr/bin/arm-none-eabi-objcopy 
Including /home/blacksquare/ardupilot/libraries/AP_HAL_ChibiOS/hwdef/CubeOrange/hwdef-bl.inc
Including /home/blacksquare/ardupilot/libraries/AP_HAL_ChibiOS/hwdef/CubeOrange/sdcard.inc
Removing USB_STRING_PRODUCT
Removing USB_STRING_MANUFACTURER
Removing APJ_BOARD_ID
Removing USB_PRODUCT
Setup for MCU STM32H757xx
Writing hwdef setup in /home/blacksquare/ardupilot/build/H8H32N9_A6U828N_C463OP/hwdef.h
MCU Flags: cortex-m7 ['-mcpu=cortex-m7', '-mfpu=fpv5-d16', '-mfloat-abi=hard']
Writing DMA map
Setting up as bootloader
Generating ldscript.ld
Checking for env.py
env set ENABLE_DFU_BOOT=1
env set WITH_FATFS=1
env set PROCESS_STACK=0x1C00
env set MAIN_STACK=0x600
env set IOMCU_FW=0
env set PERIPH_FW=0
env set BOARD_FLASH_SIZE=2048
env set EXT_FLASH_SIZE_MB=0
env set INT_FLASH_PRIMARY=False
env set ENABLE_CRASHDUMP=False
env set CPU_FLAGS=['-mcpu=cortex-m7', '-mfpu=fpv5-d16', '-mfloat-abi=hard']
env set CORTEX=cortex-m7
env set APJ_BOARD_ID=1063
env set APJ_BOARD_TYPE=STM32H757xx
env set USBID=0x2dae/0x1058
env set FLASH_RESERVE_START_KB=0
env set EXT_FLASH_RESERVE_START_KB=0
env set FLASH_TOTAL=131072
env set HAS_EXTERNAL_FLASH_SECTIONS=0
env set CHIBIOS_BUILD_FLAGS=USE_FATFS=yes CHIBIOS_STARTUP_MK=os/common/startup/ARMCMx/compilers/GCC/mk/startup_stm32h7xx.mk CHIBIOS_PLATFORM_MK=os/hal/ports/STM32/STM32H7xx/platform.mk MCU=cortex-m7
Enabling ChibiOS asserts                     : no 
Disabling Watchdog                           : no 
Enabling malloc guard                        : no 
Enabling ChibiOS thread statistics           : no 
Enabling -Werror                             : yes 
Checking for intelhex module:                : OK 
Enabled OpenDroneID                          : no 
Enabled firmware ID checking                 : no 
GPS Debug Logging                            : no 
Enabled custom controller                    : no 
Checking for HAVE_CMATH_ISFINITE             : yes 
Checking for HAVE_CMATH_ISINF                : yes 
Checking for HAVE_CMATH_ISNAN                : yes 
Checking for NEED_CMATH_ISFINITE_STD_NAMESPACE : yes 
Checking for NEED_CMATH_ISINF_STD_NAMESPACE    : yes 
Checking for NEED_CMATH_ISNAN_STD_NAMESPACE    : yes 
Checking for header endian.h                   : not found 
Checking for header byteswap.h                 : not found 
Checking for HAVE_MEMRCHR                      : no 
Configured VSCode Intellisense:                : no 
DC_DSDL compiler in                            : /home/blacksquare/ardupilot/modules/DroneCAN/dronecan_dsdlc 
Source is git repository                       : yes 
Update submodules                              : no 
Checking for program 'git'                     : /usr/bin/git 
Gtest                                          : STM32 boards currently don't support compiling gtest 
Checking for program 'arm-none-eabi-size'      : /usr/bin/arm-none-eabi-size 
Benchmarks                                     : disabled 
Unit tests                                     : disabled 
Scripting                                      : disabled 
Scripting runtime checks                       : enabled 
Debug build                                    : disabled 
Coverage build                                 : disabled 
Force 32-bit build                             : disabled 
Checking for program 'rsync'                   : /usr/bin/rsync 
Removing target_list file /home/blacksquare/ardupilot/build/H8H32N9_A6U828N_C463OP/target_list
'configure' finished successfully (0.803s)
'clean' finished successfully (0.906s)
Waf: Entering directory `/home/blacksquare/ardupilot/build/H8H32N9_A6U828N_C463OP'
Checking for env.py
No env.py found
Generating hwdef.h
Including /home/blacksquare/ardupilot/libraries/AP_HAL_ChibiOS/hwdef/CubeOrange/hwdef-bl.inc
Including /home/blacksquare/ardupilot/libraries/AP_HAL_ChibiOS/hwdef/CubeOrange/sdcard.inc
Removing USB_STRING_PRODUCT
Removing USB_STRING_MANUFACTURER
Removing APJ_BOARD_ID
Removing USB_PRODUCT
Setup for MCU STM32H757xx
Writing hwdef setup in /home/blacksquare/ardupilot/build/H8H32N9_A6U828N_C463OP/hwdef.h
MCU Flags: cortex-m7 ['-mcpu=cortex-m7', '-mfpu=fpv5-d16', '-mfloat-abi=hard']
Writing DMA map
Setting up as bootloader
Generating ldscript.ld
Embedding file hwdef.dat:/home/blacksquare/ardupilot/build/H8H32N9_A6U828N_C463OP/hw.dat
[1/7] Creating build/H8H32N9_A6U828N_C463OP/hwdef.h
[2/7] Creating build/H8H32N9_A6U828N_C463OP/modules/ChibiOS/include_dirs
[3/7] Compiling libraries/AP_Scripting/generator/src/main.c
[4/7] Creating build/H8H32N9_A6U828N_C463OP/ap_version.h
[5/7] Creating build/H8H32N9_A6U828N_C463OP/chibios_flags.h
Including /home/blacksquare/ardupilot/libraries/AP_HAL_ChibiOS/hwdef/CubeOrange/hwdef-bl.inc
Including /home/blacksquare/ardupilot/libraries/AP_HAL_ChibiOS/hwdef/CubeOrange/sdcard.inc
Removing USB_STRING_PRODUCT
Removing USB_STRING_MANUFACTURER
Removing APJ_BOARD_ID
Removing USB_PRODUCT
Setup for MCU STM32H757xx
Writing hwdef setup in /home/blacksquare/ardupilot/build/H8H32N9_A6U828N_C463OP/hwdef.h
MCU Flags: cortex-m7 ['-mcpu=cortex-m7', '-mfpu=fpv5-d16', '-mfloat-abi=hard']
Writing DMA map
Setting up as bootloader
No change in hwdef.h
Generating ldscript.ld

[6/7] Linking build/H8H32N9_A6U828N_C463OP/modules/ChibiOS/libch.a
[7/7] Processing /home/blacksquare/ardupilot/build/H8H32N9_A6U828N_C463OP/libraries/AP_Scripting/lua_generated_bindings.cpp,/home/blacksquare/ardupilot/build/H8H32N9_A6U828N_C463OP/libraries/AP_Scripting/lua_generated_bindings.h: libraries/AP_Scripting/generator/description/bindings.desc build/H8H32N9_A6U828N_C463OP/gen-bindings -> build/H8H32N9_A6U828N_C463OP/libraries/AP_Scripting/lua_generated_bindings.cpp build/H8H32N9_A6U828N_C463OP/libraries/AP_Scripting/lua_generated_bindings.h
[1/113] ChibiOS: Compiling crt0_v7m.S
[2/113] ChibiOS: Compiling vectors.S
[3/113] ChibiOS: Compiling chcoreasm.S
[4/113] ChibiOS: Compiling ff.c
[5/113] ChibiOS: Compiling ffunicode.c
[6/113] ChibiOS: Compiling chcore.c
[7/113] ChibiOS: Compiling crt1.c
[8/113] ChibiOS: Compiling bufstreams.c
[9/113] ChibiOS: Compiling chprintf.c
[10/113] ChibiOS: Compiling chscanf.c
[11/113] ChibiOS: Compiling memstreams.c
[12/113] ChibiOS: Compiling nullstreams.c
[13/113] ChibiOS: Compiling osal.c
[14/113] ChibiOS: Compiling hal_adc_lld.c
[15/113] ChibiOS: Compiling stm32_bdma.c
[16/113] ChibiOS: Compiling hal_crypto_lld.c
[17/113] ChibiOS: Compiling hal_dac_lld.c
[18/113] ChibiOS: Compiling stm32_dma.c
[19/113] ChibiOS: Compiling stm32_exti.c
[20/113] ChibiOS: Compiling hal_can_lld.c
[21/113] ChibiOS: Compiling hal_pal_lld.c
[22/113] ChibiOS: Compiling hal_i2c_lld.c
[23/113] ChibiOS: Compiling hal_mac_lld.c
[24/113] ChibiOS: Compiling stm32_mdma.c
[25/113] ChibiOS: Compiling hal_usb_lld.c
[26/113] ChibiOS: Compiling hal_wspi_lld.c
[27/113] ChibiOS: Compiling hal_trng_lld.c
[28/113] ChibiOS: Compiling hal_rtc_lld.c
[29/113] ChibiOS: Compiling hal_sdc_lld.c
[30/113] ChibiOS: Compiling hal_spi_lld.c
[31/113] ChibiOS: Compiling hal_st_lld.c
[32/113] ChibiOS: Compiling hal_eicu_lld.c
[33/113] ChibiOS: Compiling hal_gpt_lld.c
[34/113] ChibiOS: Compiling hal_icu_lld.c
[35/113] ChibiOS: Compiling hal_pwm_lld.c
[36/113] ChibiOS: Compiling hal_serial_lld.c
[37/113] ChibiOS: Compiling hal_sio_lld.c
[38/113] ChibiOS: Compiling hal_uart_lld.c
[39/113] ChibiOS: Compiling hal_wdg_lld.c
[40/113] ChibiOS: Compiling hal_lld.c
[41/113] ChibiOS: Compiling stm32_isr.c
[42/113] ChibiOS: Compiling nvic.c
[43/113] ChibiOS: Compiling hal.c
[44/113] ChibiOS: Compiling hal_adc.c
[45/113] ChibiOS: Compiling hal_buffers.c
[46/113] ChibiOS: Compiling hal_can.c
[47/113] ChibiOS: Compiling hal_crypto.c
[48/113] ChibiOS: Compiling hal_dac.c
[49/113] ChibiOS: Compiling hal_efl.c
[50/113] ChibiOS: Compiling hal_eicu.c
[51/113] ChibiOS: Compiling hal_flash.c
[52/113] ChibiOS: Compiling hal_gpt.c
[53/113] ChibiOS: Compiling hal_i2c.c
[54/113] ChibiOS: Compiling hal_i2s.c
[55/113] ChibiOS: Compiling hal_icu.c
[56/113] ChibiOS: Compiling hal_mac.c
[57/113] ChibiOS: Compiling hal_mmc_spi.c
[58/113] ChibiOS: Compiling hal_mmcsd.c
[59/113] ChibiOS: Compiling hal_pal.c
[60/113] ChibiOS: Compiling hal_pwm.c
[61/113] ChibiOS: Compiling hal_queues.c
[62/113] ChibiOS: Compiling hal_rtc.c
[63/113] ChibiOS: Compiling hal_sdc.c
[64/113] ChibiOS: Compiling hal_serial.c
[65/113] ChibiOS: Compiling hal_serial_usb.c
[66/113] ChibiOS: Compiling hal_sio.c
[67/113] ChibiOS: Compiling hal_spi.c
[68/113] ChibiOS: Compiling hal_st.c
[69/113] ChibiOS: Compiling hal_trng.c
[70/113] ChibiOS: Compiling hal_uart.c
[71/113] ChibiOS: Compiling hal_usb.c
[72/113] ChibiOS: Compiling hal_wdg.c
[73/113] ChibiOS: Compiling hal_wspi.c
[74/113] ChibiOS: Compiling chdelegates.c
[75/113] ChibiOS: Compiling chfactory.c
[76/113] ChibiOS: Compiling chmboxes.c
[77/113] ChibiOS: Compiling chmemcore.c
[78/113] ChibiOS: Compiling chmemheaps.c
[79/113] ChibiOS: Compiling chmempools.c
[80/113] ChibiOS: Compiling chobjcaches.c
[81/113] ChibiOS: Compiling chpipes.c
[82/113] ChibiOS: Compiling chcond.c
[83/113] ChibiOS: Compiling chdebug.c
[84/113] ChibiOS: Compiling chdynamic.c
[85/113] ChibiOS: Compiling chevents.c
[86/113] ChibiOS: Compiling chinstances.c
[87/113] ChibiOS: Compiling chmsg.c
[88/113] ChibiOS: Compiling chmtx.c
[89/113] ChibiOS: Compiling chregistry.c
[90/113] ChibiOS: Compiling chrfcu.c
[91/113] ChibiOS: Compiling chschd.c
[92/113] ChibiOS: Compiling chsem.c
[93/113] ChibiOS: Compiling chstats.c
[94/113] ChibiOS: Compiling chsys.c
[95/113] ChibiOS: Compiling chthreads.c
[96/113] ChibiOS: Compiling chtm.c
[97/113] ChibiOS: Compiling chtrace.c
[98/113] ChibiOS: Compiling chvt.c
[99/113] ChibiOS: Compiling fatfs_diskio.c
[100/113] ChibiOS: Compiling fatfs_syscall.c
[101/113] ChibiOS: Compiling syscalls.c
[102/113] ChibiOS: Compiling stubs.c
[103/113] ChibiOS: Compiling board.c
[104/113] ChibiOS: Compiling usbcfg.c
[105/113] ChibiOS: Compiling usbcfg_dualcdc.c
[106/113] ChibiOS: Compiling usbcfg_common.c
[107/113] ChibiOS: Compiling flash.c
[108/113] ChibiOS: Compiling malloc.c
[109/113] ChibiOS: Compiling hrt.c
[110/113] ChibiOS: Compiling stm32_util.c
[111/113] ChibiOS: Compiling bouncebuffer.c
[112/113] ChibiOS: Compiling watchdog.c
[113/113] ChibiOS: Compiling ch.cpp

ChibiOS: Done!

arm-none-eabi-ar: creating modules/ChibiOS/libch.a

No target_list file found, creating
Generating compile_commands.json
Build commands will be stored in build/H8H32N9_A6U828N_C463OP/compile_commands.json
Generating compile_commands.json
Build commands will be stored in build/H8H32N9_A6U828N_C463OP/compile_commands.json
[  8/238] Compiling libraries/AP_HAL/utility/RCOutput_Tap.cpp
[  9/238] Compiling libraries/AP_HAL/Device.cpp
[ 10/238] Compiling libraries/AP_HAL/CANIface.cpp
[ 11/238] Compiling libraries/AP_HAL/utility/DataRateLimit.cpp
[ 12/238] Compiling libraries/AP_HAL/utility/BetterStream.cpp
[ 13/238] Compiling libraries/AP_HAL/RCOutput.cpp
[ 14/238] Compiling libraries/AP_HAL/system.cpp
[ 15/238] Compiling libraries/AP_HAL/utility/replace.cpp
[ 16/238] Compiling libraries/AP_HAL/utility/st24.cpp
[ 17/238] Compiling libraries/AP_HAL/utility/print_vprintf.cpp
[ 18/238] Compiling libraries/AP_HAL/utility/packetise.cpp
[ 19/238] Compiling libraries/AP_HAL/Util.cpp
[ 20/238] Compiling libraries/AP_HAL/HAL.cpp
[ 21/238] Compiling libraries/AP_HAL/utility/dsm.cpp
[ 22/238] Compiling libraries/AP_HAL/utility/Socket.cpp
[ 23/238] Compiling libraries/AP_HAL/GPIO.cpp
[ 24/238] Compiling libraries/AP_HAL/utility/srxl.cpp
[ 25/238] Compiling libraries/AP_HAL/Storage.cpp
[ 26/238] Compiling libraries/AP_HAL/utility/Socket_native.cpp
[ 27/238] Compiling libraries/AP_HAL/Scheduler.cpp
[ 28/238] Compiling libraries/AP_HAL/utility/sumd.cpp
[ 29/238] Compiling libraries/AP_HAL/UARTDriver.cpp
[ 30/238] Compiling libraries/AP_HAL/utility/ftoa_engine.cpp
[ 31/238] Compiling libraries/AP_HAL/utility/utoa_invert.cpp
[ 32/238] Compiling libraries/AP_HAL/utility/getopt_cpp.cpp
[ 33/238] Compiling libraries/AP_HAL/utility/RCOutput_Tap_Linux.cpp
[ 34/238] Compiling libraries/AP_HAL/DSP.cpp
[ 35/238] Compiling libraries/AP_HAL/Semaphores.cpp
[ 36/238] Compiling libraries/AP_HAL/utility/RingBuffer.cpp
[ 37/238] Compiling libraries/AP_HAL_ChibiOS/UARTDriver.cpp
[ 38/238] Compiling libraries/AP_HAL_ChibiOS/RCOutput_serial.cpp
[ 39/238] Compiling libraries/AP_HAL_ChibiOS/SPIDevice.cpp
[ 40/238] Compiling libraries/AP_HAL_ChibiOS/Scheduler.cpp
[ 41/238] Compiling libraries/AP_HAL_ChibiOS/Semaphores.cpp
[ 42/238] Compiling libraries/AP_HAL_ChibiOS/SoftSigReader.cpp
[ 43/238] Compiling libraries/AP_HAL_ChibiOS/SoftSigReaderInt.cpp
[ 44/238] Compiling libraries/AP_HAL_ChibiOS/Util.cpp
[ 45/238] Compiling libraries/AP_HAL_ChibiOS/WSPIDevice.cpp
[ 46/238] Compiling libraries/AP_HAL_ChibiOS/sdcard.cpp
[ 47/238] Compiling libraries/AP_HAL_ChibiOS/shared_dma.cpp
[ 48/238] Compiling libraries/AP_HAL_ChibiOS/stdio.cpp
[ 49/238] Compiling libraries/AP_HAL_ChibiOS/AnalogIn.cpp
[ 50/238] Compiling libraries/AP_HAL_ChibiOS/CANFDIface.cpp
[ 51/238] Compiling libraries/AP_HAL_ChibiOS/CanIface.cpp
[ 52/238] Compiling libraries/AP_HAL_ChibiOS/DSP.cpp
[ 53/238] Compiling libraries/AP_HAL_ChibiOS/Device.cpp
[ 54/238] Compiling libraries/AP_HAL_ChibiOS/I2CDevice.cpp
[ 55/238] Compiling libraries/AP_HAL_ChibiOS/RCInput.cpp
[ 56/238] Compiling libraries/AP_HAL_ChibiOS/RCOutput.cpp
[ 57/238] Compiling libraries/AP_HAL_ChibiOS/RCOutput_bdshot.cpp
[ 58/238] Compiling libraries/AP_HAL_ChibiOS/RCOutput_iofirmware.cpp
[ 59/238] Compiling libraries/AP_Scripting/AP_Scripting.cpp
[ 60/238] Compiling libraries/AP_Scripting/AP_Scripting_CANSensor.cpp
[ 61/238] Compiling libraries/AP_Scripting/AP_Scripting_SerialAccess.cpp
[ 62/238] Compiling libraries/AP_Scripting/AP_Scripting_SerialDevice.cpp
[ 63/238] Compiling libraries/AP_Scripting/lua/src/lbitlib.c
[ 64/238] Compiling libraries/AP_Scripting/lua/src/loslib.c
[ 65/238] Compiling libraries/AP_Scripting/lua/src/lstrlib.c
[ 66/238] Compiling libraries/AP_Scripting/lua/src/linit.c
[ 67/238] Compiling libraries/AP_Scripting/lua/src/lapi.c
[ 68/238] Compiling libraries/AP_Scripting/lua/src/lbaselib.c
[ 69/238] Compiling libraries/AP_Scripting/lua/src/lobject.c
[ 70/238] Compiling libraries/AP_Scripting/lua/src/lopcodes.c
[ 71/238] Compiling libraries/AP_Scripting/lua/src/lauxlib.c
[ 72/238] Compiling libraries/AP_Scripting/lua/src/lmem.c
[ 73/238] Compiling libraries/AP_Scripting/lua/src/liolib.c
[ 74/238] Compiling libraries/AP_Scripting/lua/src/lvm.c
[ 75/238] Compiling libraries/AP_Scripting/lua/src/lzio.c
[ 76/238] Compiling libraries/AP_Scripting/lua/src/llex.c
[ 77/238] Compiling libraries/AP_Scripting/lua/src/loadlib.c
[ 78/238] Compiling libraries/AP_Scripting/lua/src/lcode.c
[ 79/238] Compiling libraries/AP_Scripting/lua/src/lundump.c
[ 80/238] Compiling libraries/AP_Scripting/lua/src/lparser.c
[ 81/238] Compiling libraries/AP_Scripting/lua/src/lcorolib.c
[ 82/238] Compiling libraries/AP_Scripting/lua/src/lctype.c
[ 83/238] Compiling libraries/AP_Scripting/lua/src/luac.c
[ 84/238] Compiling libraries/AP_Scripting/lua/src/ldblib.c
[ 85/238] Compiling libraries/AP_Scripting/lua/src/lua.c
[ 86/238] Compiling libraries/AP_Scripting/lua/src/ldump.c
[ 87/238] Compiling libraries/AP_Scripting/lua/src/lmathlib.c
[ 88/238] Compiling libraries/AP_Scripting/lua/src/lgc.c
[ 89/238] Compiling libraries/AP_Scripting/lua/src/ltablib.c
[ 90/238] Compiling libraries/AP_Scripting/lua/src/ldo.c
[ 91/238] Compiling libraries/AP_Scripting/lua/src/lstate.c
[ 92/238] Compiling libraries/AP_Scripting/lua/src/ltm.c
[ 93/238] Compiling libraries/AP_Scripting/lua/src/ldebug.c
[ 94/238] Compiling libraries/AP_Scripting/lua/src/ltable.c
[ 95/238] Compiling libraries/AP_Scripting/lua/src/lstring.c
[ 96/238] Compiling libraries/AP_Scripting/lua/src/lutf8lib.c
[ 97/238] Compiling libraries/AP_Scripting/lua/src/lfunc.c
[ 98/238] Compiling libraries/AP_Common/Location.cpp
[ 99/238] Compiling libraries/AP_Common/AP_Common.cpp
[100/238] Compiling libraries/AP_Common/AP_ExpandingArray.cpp
[101/238] Compiling libraries/AP_Common/AP_FWVersion.cpp
[102/238] Compiling libraries/AP_Common/sorting.cpp
[103/238] Compiling libraries/AP_Common/ExpandingString.cpp
[104/238] Compiling libraries/AP_Common/time.cpp
[105/238] Compiling libraries/AP_Common/float16.cpp
[106/238] Compiling libraries/AP_Common/NMEA.cpp
[107/238] Compiling libraries/AP_Common/c++.cpp
[108/238] Compiling libraries/AP_Math/spline5.cpp
[109/238] Compiling libraries/AP_Math/matrixN.cpp
[110/238] Compiling libraries/AP_Math/AP_GeodesicGrid.cpp
[111/238] Compiling libraries/AP_Math/quaternion.cpp
[112/238] Compiling libraries/AP_Math/polyfit.cpp
[113/238] Compiling libraries/AP_Math/matrix3.cpp
[114/238] Compiling libraries/AP_Math/matrix_alg.cpp
[115/238] Compiling libraries/AP_Math/location_double.cpp
[116/238] Compiling libraries/AP_Math/polygon.cpp
[117/238] Compiling libraries/AP_Math/AP_Math.cpp
[118/238] Compiling libraries/AP_Math/location.cpp
[119/238] Compiling libraries/AP_Math/control.cpp
[120/238] Compiling libraries/AP_Math/SplineCurve.cpp
[121/238] Compiling libraries/AP_Math/crc.cpp
[122/238] Compiling libraries/AP_Math/vector3.cpp
[123/238] Compiling libraries/AP_Math/chirp.cpp
[124/238] Compiling libraries/AP_Math/vector2.cpp
[125/238] Compiling modules/lwip/src/netif/ppp/vj.c
[126/238] Compiling modules/lwip/src/api/netdb.c
[127/238] Compiling modules/lwip/src/core/netif.c
[128/238] Compiling modules/lwip/src/core/pbuf.c
[129/238] Compiling modules/lwip/src/netif/ppp/eap.c
[130/238] Compiling modules/lwip/src/core/def.c
[131/238] Compiling modules/lwip/src/netif/ppp/upap.c
[132/238] Compiling modules/lwip/src/netif/ppp/pppoe.c
[133/238] Compiling modules/lwip/src/api/netifapi.c
[134/238] Compiling modules/lwip/src/core/sys.c
[135/238] Compiling modules/lwip/src/netif/ppp/pppapi.c
[136/238] Compiling modules/lwip/src/netif/lowpan6_ble.c
[137/238] Compiling modules/lwip/src/netif/ppp/multilink.c
[138/238] Compiling modules/lwip/src/netif/ppp/ipv6cp.c
[139/238] Compiling modules/lwip/src/netif/ppp/lcp.c
[140/238] Compiling modules/lwip/src/netif/ppp/ecp.c
[141/238] Compiling modules/lwip/src/netif/ppp/chap-new.c
[142/238] Compiling modules/lwip/src/core/tcp.c
[143/238] Compiling modules/lwip/src/netif/ppp/eui64.c
[144/238] Compiling modules/lwip/src/netif/zepif.c
[145/238] Compiling modules/lwip/src/netif/lowpan6.c
[146/238] Compiling libraries/AP_Networking/lwip_hal/arch/sys_arch.cpp
[147/238] Compiling modules/lwip/src/api/tcpip.c
[148/238] Compiling modules/lwip/src/api/netbuf.c
[149/238] Compiling modules/lwip/src/api/if_api.c
[150/238] Compiling modules/lwip/src/core/ipv4/icmp.c
[151/238] Compiling modules/lwip/src/core/ipv4/dhcp.c
[152/238] Compiling modules/lwip/src/api/api_lib.c
[153/238] Compiling modules/lwip/src/core/ipv4/igmp.c
[154/238] Compiling modules/lwip/src/core/ipv4/etharp.c
[155/238] Compiling modules/lwip/src/core/ipv4/autoip.c
[156/238] Compiling modules/lwip/src/core/tcp_out.c
[157/238] Compiling modules/lwip/src/core/tcp_in.c
[158/238] Compiling modules/lwip/src/core/stats.c
[159/238] Compiling modules/lwip/src/netif/ppp/chap_ms.c
[160/238] Compiling modules/lwip/src/core/mem.c
[161/238] Compiling modules/lwip/src/core/inet_chksum.c
[162/238] Compiling modules/lwip/src/netif/ppp/chap-md5.c
[163/238] Compiling modules/lwip/src/api/api_msg.c
[164/238] Compiling modules/lwip/src/api/err.c
[165/238] Compiling modules/lwip/src/core/init.c
[166/238] Compiling modules/lwip/src/netif/ppp/pppol2tp.c
[167/238] Compiling modules/lwip/src/core/ipv4/ip4_addr.c
[168/238] Compiling modules/lwip/src/core/ipv4/acd.c
[169/238] Compiling modules/lwip/src/core/raw.c
[170/238] Compiling modules/lwip/src/netif/ppp/ipcp.c
[171/238] Compiling modules/lwip/src/core/timeouts.c
[172/238] Compiling modules/lwip/src/core/udp.c
[173/238] Compiling libraries/AP_Networking/AP_Networking_port.cpp
[174/238] Compiling modules/lwip/src/core/memp.c
[175/238] Compiling modules/lwip/src/core/altcp_alloc.c
[176/238] Compiling modules/lwip/src/netif/bridgeif_fdb.c
[177/238] Compiling libraries/AP_Networking/lwip_hal/arch/evtimer.c
[178/238] Compiling modules/lwip/src/netif/ppp/pppos.c
[179/238] Compiling modules/lwip/src/core/ip.c
[180/238] Compiling modules/lwip/src/netif/ppp/demand.c
[181/238] Compiling modules/lwip/src/core/altcp.c
[182/238] Compiling libraries/AP_Networking/AP_Networking_ChibiOS.cpp
[183/238] Compiling modules/lwip/src/netif/ppp/utils.c
[184/238] Compiling libraries/AP_Networking/AP_Networking_address.cpp
[185/238] Compiling libraries/AP_Networking/AP_Networking_CAN.cpp
[186/238] Compiling modules/lwip/src/api/sockets.c
[187/238] Compiling libraries/AP_Networking/AP_Networking_macaddr.cpp
[188/238] Compiling libraries/AP_Networking/AP_Networking_PPP.cpp
[189/238] Compiling modules/lwip/src/netif/ppp/fsm.c
[190/238] Compiling libraries/AP_Networking/AP_Networking.cpp
[191/238] Compiling modules/lwip/src/netif/ppp/mppe.c
[192/238] Compiling modules/lwip/src/core/altcp_tcp.c
[193/238] Compiling modules/lwip/src/netif/ppp/pppcrypt.c
[194/238] Compiling modules/lwip/src/core/ipv4/ip4_frag.c
[195/238] Compiling modules/lwip/src/core/dns.c
[196/238] Compiling modules/lwip/src/netif/ppp/magic.c
[197/238] Compiling modules/lwip/src/netif/slipif.c
[198/238] Compiling modules/lwip/src/netif/bridgeif.c
[199/238] Compiling modules/lwip/src/netif/ppp/ppp.c
[200/238] Compiling modules/lwip/src/netif/lowpan6_common.c
[201/238] Compiling modules/lwip/src/core/ipv4/ip4.c
[202/238] Compiling modules/lwip/src/netif/ppp/ccp.c
[203/238] Compiling modules/lwip/src/netif/ppp/auth.c
[204/238] Compiling libraries/AP_Networking/AP_Networking_tests.cpp
[205/238] Compiling modules/lwip/src/netif/ethernet.c
[206/238] Compiling libraries/AP_ROMFS/tinflate.cpp
[207/238] Compiling libraries/AP_ROMFS/AP_ROMFS.cpp
[208/238] Compiling libraries/AP_CheckFirmware/monocypher.cpp
[209/238] Compiling libraries/AP_CheckFirmware/AP_CheckFirmware.cpp
[210/238] Compiling libraries/AP_CheckFirmware/AP_CheckFirmware_secure_command.cpp
[211/238] Compiling libraries/AP_Math/SCurve.cpp
[212/238] Compiling libraries/AP_HAL/SIMState.cpp
[213/238] Compiling libraries/AP_HAL_ChibiOS/system.cpp
[214/238] Compiling libraries/AP_HAL_ChibiOS/GPIO.cpp
[215/238] Compiling libraries/AP_HAL_ChibiOS/HAL_ChibiOS_Class.cpp
[216/238] Compiling libraries/AP_HAL_ChibiOS/Storage.cpp
[217/238] Compiling libraries/AP_Scripting/AP_Scripting_helpers.cpp
[218/238] Compiling libraries/AP_Scripting/lua_boxed_numerics.cpp
[219/238] Compiling libraries/AP_Scripting/lua_bindings.cpp
[220/238] Compiling libraries/AP_Scripting/lua_scripts.cpp
[221/238] Compiling build/H8H32N9_A6U828N_C463OP/libraries/AP_Scripting/lua_generated_bindings.cpp
[222/238] Compiling modules/DroneCAN/libcanard/canard.c
[223/238] Compiling Tools/AP_Bootloader/can.cpp
[224/238] Compiling Tools/AP_Bootloader/bl_protocol.cpp
[225/238] Compiling Tools/AP_Bootloader/network.cpp
[226/238] Compiling Tools/AP_Bootloader/custom.cpp
[227/238] Compiling Tools/AP_Bootloader/AP_Bootloader.cpp
[228/238] Compiling Tools/AP_Bootloader/flash_from_sd.cpp
[229/238] Compiling Tools/AP_Bootloader/md5.cpp
[230/238] Compiling Tools/AP_Bootloader/support.cpp
[231/238] Linking build/H8H32N9_A6U828N_C463OP/Tools/AP_Bootloader/liblibcanard.a
[232/238] Linking build/H8H32N9_A6U828N_C463OP/lib/libAP_Bootloader_libs.a
[233/238] Linking build/H8H32N9_A6U828N_C463OP/bootloader/AP_Bootloader
[234/238] Generating bin/AP_Bootloader.bin
[235/238] checking symbols build/H8H32N9_A6U828N_C463OP/bootloader/AP_Bootloader
[236/238] apj_gen build/H8H32N9_A6U828N_C463OP/bin/AP_Bootloader.bin
[237/238] bin cleanup build/H8H32N9_A6U828N_C463OP/bin/AP_Bootloader.bin
[238/238] Generating bin/AP_Bootloader.hex
Waf: Leaving directory `/home/blacksquare/ardupilot/build/H8H32N9_A6U828N_C463OP'

BUILD SUMMARY
Build directory: /home/blacksquare/ardupilot/build/H8H32N9_A6U828N_C463OP
Target                    Text (B)  Data (B)  BSS (B)  Total Flash Used (B)  Free Flash (B)  External Flash Used (B)
--------------------------------------------------------------------------------------------------------------------
bootloader/AP_Bootloader     40616       116   130952                 40732           90340  Not Applicable         
'bootloader' finished successfully (9.010s)
Building for H8H32N9_A6U828N_C463OP
Running (./waf configure --board H8H32N9_A6U828N_C463OP --bootloader --no-submodule-update --Werror)
Running (./waf clean)
Running (./waf bootloader)
Created Tools/bootloaders/H8H32N9_A6U828N_C463OP_bl.bin
Created Tools/bootloaders/H8H32N9_A6U828N_C463OP_bl.elf
Running (/usr/bin/python3 Tools/scripts/bin2hex.py --offset 0x08000000 Tools/bootloaders/H8H32N9_A6U828N_C463OP_bl.bin Tools/bootloaders/H8H32N9_A6U828N_C463OP_bl.hex)
Created Tools/bootloaders/H8H32N9_A6U828N_C463OP_bl.hex
--- Configure for Copter ---
Setting top to                           : /home/blacksquare/ardupilot 
Setting out to                           : /home/blacksquare/ardupilot/build 
Autoconfiguration                        : enabled 
Checking for program 'python'            : /usr/bin/python3 
Checking for python version >= 3.6.9     : 3.12.3 
Setting board to                         : H8H32N9_A6U828N_C463OP 
Using toolchain                          : arm-none-eabi 
Checking for 'g++' (C++ compiler)        : /usr/bin/arm-none-eabi-g++ 
Checking for 'gcc' (C compiler)          : /usr/bin/arm-none-eabi-gcc 
Checking for program 'arm-none-eabi-nm'  : /usr/bin/arm-none-eabi-nm 
Checking for c flags '-MMD'              : yes 
Checking for cxx flags '-MMD'            : yes 
CXX Compiler                             : g++ 13.2.1 
Checking for program 'make'              : /usr/bin/make 
Checking for program 'arm-none-eabi-objcopy' : /usr/bin/arm-none-eabi-objcopy 
Including /home/blacksquare/ardupilot/libraries/AP_HAL_ChibiOS/hwdef/CubeOrange/hwdef.inc
Adding environment OPTIMIZE -O2
Including /home/blacksquare/ardupilot/libraries/AP_HAL_ChibiOS/hwdef/CubeOrange/sdcard.inc
Removing AP_BATTERY_SMBUS_SOLO_ENABLED
Removing USB_STRING_PRODUCT
Removing USB_STRING_MANUFACTURER
Removing APJ_BOARD_ID
Removing USB_PRODUCT
Removing CHECK_ICM20602_EXT
Removing CHECK_IMU0_PRESENT
Removing CHECK_IMU1_PRESENT
Removing CHECK_IMU2_PRESENT
Removing CHECK_ICM20649
Removing BOARD_VALIDATE
Removing IMU
Removing I2C_ORDER
Adding environment BUILD_ABIN True
Setup for MCU STM32H757xx
Default parameters path from hwdef: /home/blacksquare/ardupilot/libraries/AP_HAL_ChibiOS/hwdef/H8H32N9_A6U828N_C463OP/defaults.parm
Writing hwdef setup in /home/blacksquare/ardupilot/build/H8H32N9_A6U828N_C463OP/hwdef.h
MCU Flags: cortex-m7 ['-mcpu=cortex-m7', '-mfpu=fpv5-d16', '-mfloat-abi=hard']
Writing DMA map
Setting up as normal
Generating ldscript.ld
Checking for env.py
env set OPTIMIZE=-O2
env set BUILD_ABIN=True
env set ENABLE_DFU_BOOT=1
env set WITH_FATFS=1
env set PROCESS_STACK=0x1C00
env set MAIN_STACK=0x600
env set IOMCU_FW=0
env set PERIPH_FW=0
env set HAL_NUM_CAN_IFACES=2
env set HAL_CANFD_SUPPORTED=8
env set BOARD_FLASH_SIZE=2048
env set EXT_FLASH_SIZE_MB=0
env set INT_FLASH_PRIMARY=False
env set ENABLE_CRASHDUMP=True
env set CPU_FLAGS=['-mcpu=cortex-m7', '-mfpu=fpv5-d16', '-mfloat-abi=hard', '-DARM_MATH_CM7', '-u_printf_float']
env set CORTEX=cortex-m7
env set APJ_BOARD_ID=1063
env set APJ_BOARD_TYPE=STM32H757xx
env set USBID=0x2dae/0x1058
env set FLASH_RESERVE_START_KB=128
env set EXT_FLASH_RESERVE_START_KB=0
env set FLASH_TOTAL=1966080
env set HAS_EXTERNAL_FLASH_SECTIONS=0
env set CHIBIOS_BUILD_FLAGS=USE_FATFS=yes CHIBIOS_STARTUP_MK=os/common/startup/ARMCMx/compilers/GCC/mk/startup_stm32h7xx.mk CHIBIOS_PLATFORM_MK=os/hal/ports/STM32/STM32H7xx/platform.mk MCU=cortex-m7 ENV_UDEFS=-DCHPRINTF_USE_FLOAT=1
Enabling ChibiOS asserts                     : no 
Disabling Watchdog                           : no 
Enabling malloc guard                        : no 
Enabling ChibiOS thread statistics           : no 
Enabling -Werror                             : no 
Checking for intelhex module:                : OK 
Enabled OpenDroneID                          : no 
Enabled firmware ID checking                 : no 
GPS Debug Logging                            : no 
Enabled custom controller                    : no 
Checking for HAVE_CMATH_ISFINITE             : yes 
Checking for HAVE_CMATH_ISINF                : yes 
Checking for HAVE_CMATH_ISNAN                : yes 
Checking for NEED_CMATH_ISFINITE_STD_NAMESPACE : yes 
Checking for NEED_CMATH_ISINF_STD_NAMESPACE    : yes 
Checking for NEED_CMATH_ISNAN_STD_NAMESPACE    : yes 
Checking for header endian.h                   : not found 
Checking for header byteswap.h                 : not found 
Checking for HAVE_MEMRCHR                      : no 
Configured VSCode Intellisense:                : no 
DC_DSDL compiler in                            : /home/blacksquare/ardupilot/modules/DroneCAN/dronecan_dsdlc 
Source is git repository                       : yes 
Update submodules                              : no 
Checking for program 'git'                     : /usr/bin/git 
Gtest                                          : STM32 boards currently don't support compiling gtest 
Checking for program 'arm-none-eabi-size'      : /usr/bin/arm-none-eabi-size 
Benchmarks                                     : disabled 
Unit tests                                     : disabled 
Scripting                                      : maybe 
Scripting runtime checks                       : enabled 
Debug build                                    : disabled 
Coverage build                                 : disabled 
Force 32-bit build                             : disabled 
Checking for program 'rsync'                   : /usr/bin/rsync 
Removing target_list file /home/blacksquare/ardupilot/build/H8H32N9_A6U828N_C463OP/target_list
'configure' finished successfully (0.889s)
--- Build Copter ---
Waf: Entering directory `/home/blacksquare/ardupilot/build/H8H32N9_A6U828N_C463OP'
Checking for env.py
env added OPTIMIZE=-O2
env added BUILD_ABIN=True
env added ENABLE_DFU_BOOT=1
env added WITH_FATFS=1
env added PROCESS_STACK=0x1C00
env added MAIN_STACK=0x600
env added IOMCU_FW=0
env added PERIPH_FW=0
env added HAL_NUM_CAN_IFACES=2
env added HAL_CANFD_SUPPORTED=8
env added BOARD_FLASH_SIZE=2048
env added EXT_FLASH_SIZE_MB=0
env added INT_FLASH_PRIMARY=False
env added ENABLE_CRASHDUMP=True
env appended CPU_FLAGS=['-mcpu=cortex-m7', '-mfpu=fpv5-d16', '-mfloat-abi=hard', '-DARM_MATH_CM7', '-u_printf_float']
env added CORTEX=cortex-m7
env added APJ_BOARD_ID=1063
env added APJ_BOARD_TYPE=STM32H757xx
env added USBID=0x2dae/0x1058
env added FLASH_RESERVE_START_KB=128
env added EXT_FLASH_RESERVE_START_KB=0
env added FLASH_TOTAL=1966080
env added HAS_EXTERNAL_FLASH_SECTIONS=0
env added CHIBIOS_BUILD_FLAGS=USE_FATFS=yes CHIBIOS_STARTUP_MK=os/common/startup/ARMCMx/compilers/GCC/mk/startup_stm32h7xx.mk CHIBIOS_PLATFORM_MK=os/hal/ports/STM32/STM32H7xx/platform.mk MCU=cortex-m7 ENV_UDEFS=-DCHPRINTF_USE_FLOAT=1
Padded 4 bytes for bootloader.bin to 40736
Embedding file bootloader.bin:/home/blacksquare/ardupilot/Tools/bootloaders/H8H32N9_A6U828N_C463OP_bl.bin
Embedding file defaults.parm:/home/blacksquare/ardupilot/build/H8H32N9_A6U828N_C463OP/processed_defaults.parm
Embedding file hwdef.dat:/home/blacksquare/ardupilot/build/H8H32N9_A6U828N_C463OP/hw.dat
Embedding file io_firmware.bin:Tools/IO_Firmware/iofirmware_highpolh.bin
Embedding file io_firmware_dshot.bin:Tools/IO_Firmware/iofirmware_dshot_highpolh.bin
Embedding file scripts/Hobbywing_DataLink.lua:/home/blacksquare/ardupilot/libraries/AP_HAL_ChibiOS/hwdef/H8H32N9_A6U828N_C463OP/scripts/Hobbywing_DataLink.lua
Embedding file scripts/MotorSafeStop.lua:/home/blacksquare/ardupilot/libraries/AP_HAL_ChibiOS/hwdef/H8H32N9_A6U828N_C463OP/scripts/MotorSafeStop.lua
[1/9] Creating build/H8H32N9_A6U828N_C463OP/hwdef.h
[2/9] Creating build/H8H32N9_A6U828N_C463OP/modules/ChibiOS/include_dirs
[4/9] Processing modules/mavlink/message_definitions/v1.0/all.xml
Validation skipped for /home/blacksquare/ardupilot/modules/mavlink/message_definitions/v1.0/all.xml.
Parsing /home/blacksquare/ardupilot/modules/mavlink/message_definitions/v1.0/all.xml
Validation skipped for /home/blacksquare/ardupilot/modules/mavlink/message_definitions/v1.0/ardupilotmega.xml.
Parsing /home/blacksquare/ardupilot/modules/mavlink/message_definitions/v1.0/ardupilotmega.xml
Validation skipped for /home/blacksquare/ardupilot/modules/mavlink/message_definitions/v1.0/ASLUAV.xml.
Parsing /home/blacksquare/ardupilot/modules/mavlink/message_definitions/v1.0/ASLUAV.xml
Validation skipped for /home/blacksquare/ardupilot/modules/mavlink/message_definitions/v1.0/common.xml.
Parsing /home/blacksquare/ardupilot/modules/mavlink/message_definitions/v1.0/common.xml
Validation skipped for /home/blacksquare/ardupilot/modules/mavlink/message_definitions/v1.0/development.xml.
Parsing /home/blacksquare/ardupilot/modules/mavlink/message_definitions/v1.0/development.xml
Validation skipped for /home/blacksquare/ardupilot/modules/mavlink/message_definitions/v1.0/icarous.xml.
Parsing /home/blacksquare/ardupilot/modules/mavlink/message_definitions/v1.0/icarous.xml
Validation skipped for /home/blacksquare/ardupilot/modules/mavlink/message_definitions/v1.0/minimal.xml.
Parsing /home/blacksquare/ardupilot/modules/mavlink/message_definitions/v1.0/minimal.xml
Validation skipped for /home/blacksquare/ardupilot/modules/mavlink/message_definitions/v1.0/python_array_test.xml.
Parsing /home/blacksquare/ardupilot/modules/mavlink/message_definitions/v1.0/python_array_test.xml
Validation skipped for /home/blacksquare/ardupilot/modules/mavlink/message_definitions/v1.0/standard.xml.
Parsing /home/blacksquare/ardupilot/modules/mavlink/message_definitions/v1.0/standard.xml
Validation skipped for /home/blacksquare/ardupilot/modules/mavlink/message_definitions/v1.0/test.xml.
Parsing /home/blacksquare/ardupilot/modules/mavlink/message_definitions/v1.0/test.xml
Validation skipped for /home/blacksquare/ardupilot/modules/mavlink/message_definitions/v1.0/ualberta.xml.
Parsing /home/blacksquare/ardupilot/modules/mavlink/message_definitions/v1.0/ualberta.xml
Validation skipped for /home/blacksquare/ardupilot/modules/mavlink/message_definitions/v1.0/uAvionix.xml.
Parsing /home/blacksquare/ardupilot/modules/mavlink/message_definitions/v1.0/uAvionix.xml
Validation skipped for /home/blacksquare/ardupilot/modules/mavlink/message_definitions/v1.0/loweheiser.xml.
Parsing /home/blacksquare/ardupilot/modules/mavlink/message_definitions/v1.0/loweheiser.xml
Validation skipped for /home/blacksquare/ardupilot/modules/mavlink/message_definitions/v1.0/storm32.xml.
Parsing /home/blacksquare/ardupilot/modules/mavlink/message_definitions/v1.0/storm32.xml
Validation skipped for /home/blacksquare/ardupilot/modules/mavlink/message_definitions/v1.0/AVSSUAS.xml.
Parsing /home/blacksquare/ardupilot/modules/mavlink/message_definitions/v1.0/AVSSUAS.xml
Validation skipped for /home/blacksquare/ardupilot/modules/mavlink/message_definitions/v1.0/cubepilot.xml.
Parsing /home/blacksquare/ardupilot/modules/mavlink/message_definitions/v1.0/cubepilot.xml
Validation skipped for /home/blacksquare/ardupilot/modules/mavlink/message_definitions/v1.0/csAirLink.xml.
Parsing /home/blacksquare/ardupilot/modules/mavlink/message_definitions/v1.0/csAirLink.xml
Merged enum MAV_CMD
Merged enum MAV_CMD
Merged enum MAV_CMD
Merged enum MAV_CMD
Merged enum MAV_CMD
Merged enum MAV_CMD
Found 342 MAVLink message types in 17 XML files
Generating C implementation in directory /home/blacksquare/ardupilot/build/H8H32N9_A6U828N_C463OP/libraries/GCS_MAVLink/include/mavlink/v2.0/all
Generating C implementation in directory /home/blacksquare/ardupilot/build/H8H32N9_A6U828N_C463OP/libraries/GCS_MAVLink/include/mavlink/v2.0/ardupilotmega
Generating C implementation in directory /home/blacksquare/ardupilot/build/H8H32N9_A6U828N_C463OP/libraries/GCS_MAVLink/include/mavlink/v2.0/ASLUAV
Generating C implementation in directory /home/blacksquare/ardupilot/build/H8H32N9_A6U828N_C463OP/libraries/GCS_MAVLink/include/mavlink/v2.0/common
[5/9] Processing dronecangen: modules/DroneCAN/DSDL/ardupilot modules/DroneCAN/DSDL/com modules/DroneCAN/DSDL/cuav modules/DroneCAN/DSDL/dronecan modules/DroneCAN/DSDL/mppt modules/DroneCAN/DSDL/tests modules/DroneCAN/DSDL/uavcan
[7/9] Creating build/H8H32N9_A6U828N_C463OP/chibios_flags.h
Including /home/blacksquare/ardupilot/libraries/AP_HAL_ChibiOS/hwdef/CubeOrange/hwdef.inc
Adding environment OPTIMIZE -O2
Including /home/blacksquare/ardupilot/libraries/AP_HAL_ChibiOS/hwdef/CubeOrange/sdcard.inc
Removing AP_BATTERY_SMBUS_SOLO_ENABLED
Removing USB_STRING_PRODUCT
Removing USB_STRING_MANUFACTURER
Removing APJ_BOARD_ID
Removing USB_PRODUCT
Removing CHECK_ICM20602_EXT
Removing CHECK_IMU0_PRESENT
Removing CHECK_IMU1_PRESENT
Removing CHECK_IMU2_PRESENT
Removing CHECK_ICM20649
Removing BOARD_VALIDATE
Removing IMU
Removing I2C_ORDER
Adding environment BUILD_ABIN True
Setup for MCU STM32H757xx
Default parameters path from hwdef: /home/blacksquare/ardupilot/libraries/AP_HAL_ChibiOS/hwdef/H8H32N9_A6U828N_C463OP/defaults.parm
Writing hwdef setup in /home/blacksquare/ardupilot/build/H8H32N9_A6U828N_C463OP/hwdef.h
MCU Flags: cortex-m7 ['-mcpu=cortex-m7', '-mfpu=fpv5-d16', '-mfloat-abi=hard']
Writing DMA map
Setting up as normal
No change in hwdef.h
Generating ldscript.ld

Generating C implementation in directory /home/blacksquare/ardupilot/build/H8H32N9_A6U828N_C463OP/libraries/GCS_MAVLink/include/mavlink/v2.0/development
Generating C implementation in directory /home/blacksquare/ardupilot/build/H8H32N9_A6U828N_C463OP/libraries/GCS_MAVLink/include/mavlink/v2.0/icarous
Generating C implementation in directory /home/blacksquare/ardupilot/build/H8H32N9_A6U828N_C463OP/libraries/GCS_MAVLink/include/mavlink/v2.0/minimal
Generating C implementation in directory /home/blacksquare/ardupilot/build/H8H32N9_A6U828N_C463OP/libraries/GCS_MAVLink/include/mavlink/v2.0/python_array_test
Generating C implementation in directory /home/blacksquare/ardupilot/build/H8H32N9_A6U828N_C463OP/libraries/GCS_MAVLink/include/mavlink/v2.0/standard
Generating C implementation in directory /home/blacksquare/ardupilot/build/H8H32N9_A6U828N_C463OP/libraries/GCS_MAVLink/include/mavlink/v2.0/test
Generating C implementation in directory /home/blacksquare/ardupilot/build/H8H32N9_A6U828N_C463OP/libraries/GCS_MAVLink/include/mavlink/v2.0/ualberta
Generating C implementation in directory /home/blacksquare/ardupilot/build/H8H32N9_A6U828N_C463OP/libraries/GCS_MAVLink/include/mavlink/v2.0/uAvionix
Generating C implementation in directory /home/blacksquare/ardupilot/build/H8H32N9_A6U828N_C463OP/libraries/GCS_MAVLink/include/mavlink/v2.0/loweheiser
Generating C implementation in directory /home/blacksquare/ardupilot/build/H8H32N9_A6U828N_C463OP/libraries/GCS_MAVLink/include/mavlink/v2.0/storm32
Generating C implementation in directory /home/blacksquare/ardupilot/build/H8H32N9_A6U828N_C463OP/libraries/GCS_MAVLink/include/mavlink/v2.0/AVSSUAS
Generating C implementation in directory /home/blacksquare/ardupilot/build/H8H32N9_A6U828N_C463OP/libraries/GCS_MAVLink/include/mavlink/v2.0/cubepilot
Generating C implementation in directory /home/blacksquare/ardupilot/build/H8H32N9_A6U828N_C463OP/libraries/GCS_MAVLink/include/mavlink/v2.0/csAirLink
Copying fixed headers for protocol 2.0 to /home/blacksquare/ardupilot/build/H8H32N9_A6U828N_C463OP/libraries/GCS_MAVLink/include/mavlink/v2.0
[9/9] Linking build/H8H32N9_A6U828N_C463OP/modules/ChibiOS/libch.a
expanding ardupilot.equipment.trafficmonitor.TrafficReport
expanding com.hobbywing.esc.StatusMsg1
expanding com.tmotor.esc.PUSHCAN
expanding com.xacti.GimbalAttitudeStatus
expanding dronecan.remoteid.ArmStatus
expanding mppt.Stream
expanding uavcan.protocol.HardwareVersion
expanding uavcan.protocol.file.BeginFirmwareUpdate
expanding uavcan.protocol.debug.LogLevel
expanding uavcan.tunnel.Broadcast
expanding uavcan.equipment.indication.SingleLightCommand
expanding uavcan.equipment.actuator.ArrayCommand
expanding uavcan.equipment.camera_gimbal.GEOPOICommand
expanding uavcan.equipment.air_data.Sideslip
expanding ardupilot.equipment.power.BatteryContinuous
expanding com.hobbywing.esc.SetReportingFrequency
expanding com.tmotor.esc.ParamCfg
expanding dronecan.remoteid.SelfID
expanding dronecan.protocol.CanStats
expanding uavcan.protocol.NodeStatus
expanding uavcan.protocol.DataTypeKind
expanding uavcan.protocol.file.EntryType
expanding uavcan.protocol.dynamic_node_id.server.Entry
expanding uavcan.protocol.param.Value
expanding uavcan.navigation.GlobalNavigationSolution
expanding uavcan.equipment.actuator.Status
expanding uavcan.equipment.esc.Status
expanding uavcan.equipment.gnss.RTCMStream
expanding ardupilot.indication.NotifyState
expanding com.hobbywing.esc.StatusMsg3
expanding com.hobbywing.esc.GetEscID
expanding com.tmotor.esc.ParamGet
expanding cuav.equipment.power.CBAT
expanding dronecan.sensors.rc.RCInput
expanding uavcan.protocol.RestartNode
expanding uavcan.protocol.dynamic_node_id.Allocation
expanding uavcan.protocol.debug.LogMessage
expanding uavcan.tunnel.Targetted
expanding uavcan.equipment.indication.BeepCommand
expanding uavcan.equipment.device.Temperature
expanding uavcan.equipment.camera_gimbal.Mode
expanding uavcan.equipment.air_data.StaticTemperature
expanding ardupilot.indication.SafetyState
expanding ardupilot.equipment.power.BatteryCells
expanding com.hobbywing.esc.SetThrottleSource
expanding com.himark.servo.ServoInfo
expanding dronecan.remoteid.Location
expanding uavcan.CoarseOrientation
expanding uavcan.protocol.GetTransportStats
expanding uavcan.protocol.dynamic_node_id.server.RequestVote
expanding uavcan.tunnel.SerialConfig
expanding uavcan.equipment.ahrs.MagneticFieldStrength
expanding uavcan.equipment.ice.reciprocating.Status
expanding ardupilot.gnss.MovingBaselineData
expanding com.hobbywing.esc.SelfTest
expanding com.volz.servo.ActuatorStatus
expanding com.xacti.CopterAttStatus
expanding dronecan.protocol.Stats
expanding uavcan.Timestamp
expanding uavcan.protocol.GlobalTimeSync
expanding uavcan.protocol.file.Read
expanding uavcan.protocol.enumeration.Begin
expanding uavcan.equipment.hardpoint.Command
expanding uavcan.equipment.ice.reciprocating.CylinderStatus
expanding uavcan.equipment.esc.RPMCommand
expanding uavcan.equipment.gnss.ECEFPositionVelocity
expanding ardupilot.equipment.power.BatteryInfoAux
expanding com.hobbywing.esc.SetBaud
expanding uavcan.protocol.GetDataTypeInfo
expanding uavcan.protocol.enumeration.Indication
expanding uavcan.equipment.safety.ArmingStatus
expanding uavcan.equipment.ice.FuelTankStatus
expanding uavcan.equipment.gnss.Fix
expanding ardupilot.equipment.proximity_sensor.Proximity
expanding com.hobbywing.esc.RawCommand
expanding com.hobbywing.esc.SetLED
expanding com.xacti.GnssStatusReq
expanding dronecan.remoteid.System
expanding uavcan.protocol.SoftwareVersion
expanding uavcan.protocol.file.Path
expanding uavcan.protocol.dynamic_node_id.server.Discovery
expanding uavcan.protocol.debug.KeyValue
expanding uavcan.tunnel.Call
expanding uavcan.equipment.actuator.Command
expanding uavcan.equipment.esc.StatusExtended
expanding uavcan.equipment.air_data.TrueAirspeed
expanding uavcan.equipment.power.CircuitStatus
expanding ardupilot.gnss.Status
expanding com.hobbywing.esc.SetID
expanding dronecan.sensors.hygrometer.Hygrometer
expanding uavcan.protocol.AccessCommandShell
expanding uavcan.protocol.file.Write
expanding uavcan.protocol.param.ExecuteOpcode
expanding uavcan.equipment.hardpoint.Status
expanding uavcan.equipment.air_data.RawAirData
expanding ardupilot.gnss.Heading
expanding com.hobbywing.esc.StatusMsg2
expanding com.tmotor.esc.FocCtrl
expanding com.himark.servo.ServoCmd
expanding dronecan.remoteid.OperatorID
expanding dronecan.sensors.rpm.RPM
expanding uavcan.protocol.GetNodeInfo
expanding uavcan.protocol.file.Delete
expanding uavcan.protocol.param.NumericValue
expanding uavcan.equipment.indication.RGB565
expanding uavcan.equipment.ahrs.RawIMU
expanding uavcan.equipment.camera_gimbal.Status
expanding uavcan.equipment.gnss.Auxiliary
expanding ardupilot.equipment.power.BatteryPeriodic
expanding com.hobbywing.esc.SetDirection
expanding com.hex.equipment.flow.Measurement
expanding dronecan.remoteid.BasicID
expanding dronecan.sensors.magnetometer.MagneticFieldStrengthHiRes
expanding uavcan.protocol.Panic
expanding uavcan.protocol.file.GetInfo
expanding uavcan.protocol.param.Empty
expanding uavcan.tunnel.Protocol
expanding uavcan.equipment.indication.LightsCommand
expanding uavcan.equipment.range_sensor.Measurement
expanding uavcan.equipment.air_data.IndicatedAirspeed
expanding uavcan.equipment.gnss.Fix2
expanding ardupilot.indication.Button
expanding com.hobbywing.esc.GetMajorConfig
expanding com.hobbywing.esc.GetMaintenanceInformation
expanding com.xacti.GimbalControlData
expanding dronecan.protocol.FlexDebug
expanding mppt.OutputEnable
expanding uavcan.protocol.file.GetDirectoryEntryInfo
expanding uavcan.protocol.param.GetSet
expanding uavcan.equipment.ahrs.Solution
expanding uavcan.equipment.camera_gimbal.AngularCommand
expanding uavcan.equipment.air_data.AngleOfAttack
expanding uavcan.equipment.power.BatteryInfo
expanding ardupilot.gnss.RelPosHeading
expanding com.hobbywing.esc.SetAngle
expanding com.tmotor.esc.PUSHSCI
expanding com.xacti.GnssStatus
expanding dronecan.remoteid.SecureCommand
expanding uavcan.protocol.CANIfaceStats
expanding uavcan.protocol.file.Error
expanding uavcan.protocol.dynamic_node_id.server.AppendEntries
expanding uavcan.equipment.ahrs.MagneticFieldStrength2
expanding uavcan.equipment.esc.RawCommand
expanding uavcan.equipment.air_data.StaticPressure
expanding uavcan.equipment.power.PrimaryPowerSupplyStatus

[1/116] ChibiOS: Compiling crt0_v7m.S
[2/116] ChibiOS: Compiling vectors.S
[3/116] ChibiOS: Compiling chcoreasm.S
[4/116] ChibiOS: Compiling ff.c
[5/116] ChibiOS: Compiling ffunicode.c
[6/116] ChibiOS: Compiling chcore.c
[7/116] ChibiOS: Compiling crt1.c
[8/116] ChibiOS: Compiling bufstreams.c
[9/116] ChibiOS: Compiling chprintf.c
[10/116] ChibiOS: Compiling chscanf.c
[11/116] ChibiOS: Compiling memstreams.c
[12/116] ChibiOS: Compiling nullstreams.c
[13/116] ChibiOS: Compiling osal.c
[14/116] ChibiOS: Compiling hal_adc_lld.c
[15/116] ChibiOS: Compiling stm32_bdma.c
[16/116] ChibiOS: Compiling hal_crypto_lld.c
[17/116] ChibiOS: Compiling hal_dac_lld.c
[18/116] ChibiOS: Compiling stm32_dma.c
[19/116] ChibiOS: Compiling stm32_exti.c
[20/116] ChibiOS: Compiling hal_can_lld.c
[21/116] ChibiOS: Compiling hal_pal_lld.c
[22/116] ChibiOS: Compiling hal_i2c_lld.c
[23/116] ChibiOS: Compiling hal_mac_lld.c
[24/116] ChibiOS: Compiling stm32_mdma.c
[25/116] ChibiOS: Compiling hal_usb_lld.c
[26/116] ChibiOS: Compiling hal_wspi_lld.c
[27/116] ChibiOS: Compiling hal_trng_lld.c
[28/116] ChibiOS: Compiling hal_rtc_lld.c
[29/116] ChibiOS: Compiling hal_sdc_lld.c
[30/116] ChibiOS: Compiling hal_spi_lld.c
[31/116] ChibiOS: Compiling hal_st_lld.c
[32/116] ChibiOS: Compiling hal_eicu_lld.c
[33/116] ChibiOS: Compiling hal_gpt_lld.c
[34/116] ChibiOS: Compiling hal_icu_lld.c
[35/116] ChibiOS: Compiling hal_pwm_lld.c
[36/116] ChibiOS: Compiling hal_serial_lld.c
[37/116] ChibiOS: Compiling hal_sio_lld.c
[38/116] ChibiOS: Compiling hal_uart_lld.c
[39/116] ChibiOS: Compiling hal_wdg_lld.c
[40/116] ChibiOS: Compiling hal_lld.c
[41/116] ChibiOS: Compiling stm32_isr.c
[42/116] ChibiOS: Compiling nvic.c
[43/116] ChibiOS: Compiling hal.c
[44/116] ChibiOS: Compiling hal_adc.c
[45/116] ChibiOS: Compiling hal_buffers.c
[46/116] ChibiOS: Compiling hal_can.c
[47/116] ChibiOS: Compiling hal_crypto.c
[48/116] ChibiOS: Compiling hal_dac.c
[49/116] ChibiOS: Compiling hal_efl.c
[50/116] ChibiOS: Compiling hal_eicu.c
[51/116] ChibiOS: Compiling hal_flash.c
[52/116] ChibiOS: Compiling hal_gpt.c
[53/116] ChibiOS: Compiling hal_i2c.c
[54/116] ChibiOS: Compiling hal_i2s.c
[55/116] ChibiOS: Compiling hal_icu.c
[56/116] ChibiOS: Compiling hal_mac.c
[57/116] ChibiOS: Compiling hal_mmc_spi.c
[58/116] ChibiOS: Compiling hal_mmcsd.c
[59/116] ChibiOS: Compiling hal_pal.c
[60/116] ChibiOS: Compiling hal_pwm.c
[61/116] ChibiOS: Compiling hal_queues.c
[62/116] ChibiOS: Compiling hal_rtc.c
[63/116] ChibiOS: Compiling hal_sdc.c
[64/116] ChibiOS: Compiling hal_serial.c
[65/116] ChibiOS: Compiling hal_serial_usb.c
[66/116] ChibiOS: Compiling hal_sio.c
[67/116] ChibiOS: Compiling hal_spi.c
[68/116] ChibiOS: Compiling hal_st.c
[69/116] ChibiOS: Compiling hal_trng.c
[70/116] ChibiOS: Compiling hal_uart.c
[71/116] ChibiOS: Compiling hal_usb.c
[72/116] ChibiOS: Compiling hal_wdg.c
[73/116] ChibiOS: Compiling hal_wspi.c
[74/116] ChibiOS: Compiling chdelegates.c
[75/116] ChibiOS: Compiling chfactory.c
[76/116] ChibiOS: Compiling chmboxes.c
[77/116] ChibiOS: Compiling chmemcore.c
[78/116] ChibiOS: Compiling chmemheaps.c
[79/116] ChibiOS: Compiling chmempools.c
[80/116] ChibiOS: Compiling chobjcaches.c
[81/116] ChibiOS: Compiling chpipes.c
[82/116] ChibiOS: Compiling chcond.c
[83/116] ChibiOS: Compiling chdebug.c
[84/116] ChibiOS: Compiling chdynamic.c
[85/116] ChibiOS: Compiling chevents.c
[86/116] ChibiOS: Compiling chinstances.c
[87/116] ChibiOS: Compiling chmsg.c
[88/116] ChibiOS: Compiling chmtx.c
[89/116] ChibiOS: Compiling chregistry.c
[90/116] ChibiOS: Compiling chrfcu.c
[91/116] ChibiOS: Compiling chschd.c
[92/116] ChibiOS: Compiling chsem.c
[93/116] ChibiOS: Compiling chstats.c
[94/116] ChibiOS: Compiling chsys.c
[95/116] ChibiOS: Compiling chthreads.c
[96/116] ChibiOS: Compiling chtm.c
[97/116] ChibiOS: Compiling chtrace.c
[98/116] ChibiOS: Compiling chvt.c
[99/116] ChibiOS: Compiling fatfs_diskio.c
[100/116] ChibiOS: Compiling fatfs_syscall.c
[101/116] ChibiOS: Compiling syscalls.c
[102/116] ChibiOS: Compiling stubs.c
[103/116] ChibiOS: Compiling board.c
[104/116] ChibiOS: Compiling usbcfg.c
[105/116] ChibiOS: Compiling usbcfg_dualcdc.c
[106/116] ChibiOS: Compiling usbcfg_common.c
[107/116] ChibiOS: Compiling flash.c
[108/116] ChibiOS: Compiling malloc.c
[109/116] ChibiOS: Compiling hrt.c
[110/116] ChibiOS: Compiling stm32_util.c
[111/116] ChibiOS: Compiling bouncebuffer.c
[112/116] ChibiOS: Compiling watchdog.c
[113/116] ChibiOS: Compiling ch.cpp
[114/116] ChibiOS: Compiling CrashCatcher_armv7m.S
[115/116] ChibiOS: Compiling CrashCatcher.c
[116/116] ChibiOS: Compiling crashdump.c

ChibiOS: Done!

CrashCatcher: Done!

arm-none-eabi-ar: creating modules/ChibiOS/libcc.a

No target_list file found, creating
Generating compile_commands.json
Build commands will be stored in build/H8H32N9_A6U828N_C463OP/compile_commands.json
Generating compile_commands.json
Build commands will be stored in build/H8H32N9_A6U828N_C463OP/compile_commands.json
[  10/1217] Compiling libraries/AC_AttitudeControl/AC_CommandModel.cpp
[  11/1217] Compiling libraries/AC_AttitudeControl/AC_AttitudeControl_Multi.cpp
[  12/1217] Compiling libraries/AC_AttitudeControl/AC_AttitudeControl_Heli.cpp
[  13/1217] Compiling libraries/AC_AttitudeControl/AC_AttitudeControl_Sub.cpp
[  14/1217] Compiling libraries/AC_AttitudeControl/AC_AttitudeControl_Multi_6DoF.cpp
[  15/1217] Compiling libraries/AC_AttitudeControl/AC_PosControl_Logging.cpp
[  16/1217] Compiling libraries/AC_AttitudeControl/AC_AttitudeControl_TS.cpp
[  17/1217] Compiling libraries/AC_AttitudeControl/AC_AttitudeControl_Logging.cpp
[  18/1217] Compiling libraries/AC_AttitudeControl/ControlMonitor.cpp
[  19/1217] Compiling libraries/AC_AutoTune/AC_AutoTune_Multi.cpp
[  20/1217] Compiling libraries/AC_AutoTune/AC_AutoTune_Heli.cpp
[  21/1217] Compiling libraries/AC_AutoTune/AC_AutoTune_FreqResp.cpp
[  22/1217] Compiling libraries/AC_Autorotation/RSC_Autorotation.cpp
[  23/1217] Compiling libraries/AC_Autorotation/AC_Autorotation.cpp
[  24/1217] Compiling libraries/AC_Avoidance/AP_OAVisGraph.cpp
[  25/1217] Compiling libraries/AC_Avoidance/AC_Avoidance_Logging.cpp
[  26/1217] Compiling libraries/AC_Avoidance/AP_OADijkstra.cpp
[  27/1217] Compiling libraries/AC_Avoidance/AP_OAPathPlanner.cpp
[  28/1217] Compiling libraries/AC_InputManager/AC_InputManager.cpp
[  29/1217] Compiling libraries/AC_InputManager/AC_InputManager_Heli.cpp
[  30/1217] Compiling libraries/AC_PID/AC_P.cpp
[  31/1217] Compiling libraries/AC_PID/AC_PI.cpp
[  32/1217] Compiling libraries/AC_PID/AC_PID.cpp
[  33/1217] Compiling libraries/AC_PID/AC_PID_2D.cpp
[  34/1217] Compiling libraries/AC_PID/AC_PID_Basic.cpp
[  35/1217] Compiling libraries/AC_PID/AC_PI_2D.cpp
[  36/1217] Compiling libraries/AC_PID/AC_P_1D.cpp
[  37/1217] Compiling libraries/AC_PID/AC_P_2D.cpp
[  38/1217] Compiling libraries/AC_PID/AC_HELI_PID.cpp
[  39/1217] Compiling libraries/AC_PrecLand/AC_PrecLand_SITL.cpp
[  40/1217] Compiling libraries/AC_PrecLand/AC_PrecLand_SITL_Gazebo.cpp
[  41/1217] Compiling libraries/AC_PrecLand/AC_PrecLand_StateMachine.cpp
[  42/1217] Compiling libraries/AC_PrecLand/PosVelEKF.cpp
[  43/1217] Compiling libraries/AC_PrecLand/AC_PrecLand_Companion.cpp
[  44/1217] Compiling libraries/AC_PrecLand/AC_PrecLand_IRLock.cpp
[  45/1217] Compiling libraries/AC_Sprayer/AC_Sprayer.cpp
[  46/1217] Compiling libraries/AC_WPNav/AC_Circle.cpp
[  47/1217] Compiling libraries/AC_WPNav/AC_WPNav.cpp
[  48/1217] Compiling libraries/AC_WPNav/AC_WPNav_OA.cpp
[  49/1217] Compiling libraries/AP_ADC/AP_ADC_ADS1115.cpp
[  50/1217] Compiling libraries/AP_ADSB/AP_ADSB_Backend.cpp
[  51/1217] Compiling libraries/AP_ADSB/AP_ADSB_Sagetech.cpp
[  52/1217] Compiling libraries/AP_ADSB/AP_ADSB_uAvionix_MAVLink.cpp
[  53/1217] Compiling libraries/AP_ADSB/AP_ADSB_uAvionix_UCP.cpp
[  54/1217] Compiling libraries/AP_AHRS/AP_AHRS_External.cpp
[  55/1217] Compiling libraries/AP_AHRS/AP_AHRS_Logging.cpp
[  56/1217] Compiling libraries/AP_AHRS/AP_AHRS_SIM.cpp
[  57/1217] Compiling libraries/AP_AHRS/AP_AHRS_View.cpp
[  58/1217] Compiling libraries/AP_AccelCal/AP_AccelCal.cpp
[  59/1217] Compiling libraries/AP_AccelCal/AccelCalibrator.cpp
[  60/1217] Compiling libraries/AP_AdvancedFailsafe/AP_AdvancedFailsafe.cpp
[  61/1217] Compiling libraries/AP_Airspeed/AP_Airspeed_Backend.cpp
[  62/1217] Compiling libraries/AP_Airspeed/AP_Airspeed_DroneCAN.cpp
[  63/1217] Compiling libraries/AP_Airspeed/Airspeed_Calibration.cpp
[  64/1217] Compiling libraries/AP_Airspeed/AP_Airspeed_External.cpp
[  65/1217] Compiling libraries/AP_Airspeed/AP_Airspeed_Health.cpp
[  66/1217] Compiling libraries/AP_Airspeed/AP_Airspeed_ASP5033.cpp
[  67/1217] Compiling libraries/AP_Airspeed/AP_Airspeed_MS4525.cpp
[  68/1217] Compiling libraries/AP_Airspeed/AP_Airspeed_MS5525.cpp
[  69/1217] Compiling libraries/AP_Airspeed/AP_Airspeed_MSP.cpp
[  70/1217] Compiling libraries/AP_Airspeed/AP_Airspeed_SDP3X.cpp
[  71/1217] Compiling libraries/AP_Airspeed/AP_Airspeed_SITL.cpp
[  72/1217] Compiling libraries/AP_Airspeed/AP_Airspeed_analog.cpp
[  73/1217] Compiling libraries/AP_Airspeed/AP_Airspeed_DLVR.cpp
[  74/1217] Compiling libraries/AP_Baro/AP_Baro_ExternalAHRS.cpp
[  75/1217] Compiling libraries/AP_Baro/AP_Baro_Wind.cpp
[  76/1217] Compiling libraries/AP_Baro/AP_Baro_KellerLD.cpp
[  77/1217] Compiling libraries/AP_Baro/AP_Baro_BMP085.cpp
[  78/1217] Compiling libraries/AP_Baro/AP_Baro_BMP280.cpp
[  79/1217] Compiling libraries/AP_Baro/AP_Baro_MS5611.cpp
[  80/1217] Compiling libraries/AP_Baro/AP_Baro_BMP388.cpp
[  81/1217] Compiling libraries/AP_Baro/AP_Baro_Logging.cpp
[  82/1217] Compiling libraries/AP_Baro/AP_Baro_SPL06.cpp
[  83/1217] Compiling libraries/AP_Baro/AP_Baro_HIL.cpp
[  84/1217] Compiling libraries/AP_Baro/AP_Baro_LPS2XH.cpp
[  85/1217] Compiling libraries/AP_Baro/AP_Baro_Backend.cpp
[  86/1217] Compiling libraries/AP_Baro/AP_Baro_atmosphere.cpp
[  87/1217] Compiling libraries/AP_Baro/AP_Baro_FBM320.cpp
[  88/1217] Compiling libraries/AP_Baro/AP_Baro_MSP.cpp
[  89/1217] Compiling libraries/AP_Baro/AP_Baro_ICM20789.cpp
[  90/1217] Compiling libraries/AP_Baro/AP_Baro_Dummy.cpp
[  91/1217] Compiling libraries/AP_Baro/AP_Baro_ICP101XX.cpp
[  92/1217] Compiling libraries/AP_Baro/AP_Baro_DPS280.cpp
[  93/1217] Compiling libraries/AP_Baro/AP_Baro_DroneCAN.cpp
[  94/1217] Compiling libraries/AP_Baro/AP_Baro_ICP201XX.cpp
[  95/1217] Compiling libraries/AP_Baro/AP_Baro_BMP581.cpp
[  96/1217] Compiling libraries/AP_BattMonitor/AP_BattMonitor_Scripting.cpp
[  97/1217] Compiling libraries/AP_BattMonitor/AP_BattMonitor_Generator.cpp
[  98/1217] Compiling libraries/AP_BattMonitor/AP_BattMonitor_INA2xx.cpp
[  99/1217] Compiling libraries/AP_BattMonitor/AP_BattMonitor_Sum.cpp
[ 100/1217] Compiling libraries/AP_BattMonitor/AP_BattMonitor_SMBus_Solo.cpp
[ 101/1217] Compiling libraries/AP_BattMonitor/AP_BattMonitor_Synthetic_Current.cpp
[ 102/1217] Compiling libraries/AP_BattMonitor/AP_BattMonitor_INA239.cpp
[ 103/1217] Compiling libraries/AP_BattMonitor/AP_BattMonitor_FuelLevel_Analog.cpp
[ 104/1217] Compiling libraries/AP_BattMonitor/AP_BattMonitor_Logging.cpp
[ 105/1217] Compiling libraries/AP_BattMonitor/AP_BattMonitor_AD7091R5.cpp
[ 106/1217] Compiling libraries/AP_BattMonitor/AP_BattMonitor_Bebop.cpp
[ 107/1217] Compiling libraries/AP_BattMonitor/AP_BattMonitor_FuelLevel_PWM.cpp
[ 108/1217] Compiling libraries/AP_BattMonitor/AP_BattMonitor_LTC2946.cpp
[ 109/1217] Compiling libraries/AP_BattMonitor/AP_BattMonitor_FuelFlow.cpp
[ 110/1217] Compiling libraries/AP_BattMonitor/AP_BattMonitor_DroneCAN.cpp
[ 111/1217] Compiling libraries/AP_BattMonitor/AP_BattMonitor_EFI.cpp
[ 112/1217] Compiling libraries/AP_BattMonitor/AP_BattMonitor_ESC.cpp
[ 113/1217] Compiling libraries/AP_BattMonitor/AP_BattMonitor_SMBus_Generic.cpp
[ 114/1217] Compiling libraries/AP_BattMonitor/AP_BattMonitor_SMBus.cpp
[ 115/1217] Compiling libraries/AP_BattMonitor/AP_BattMonitor_SMBus_NeoDesign.cpp
[ 116/1217] Compiling libraries/AP_BattMonitor/AP_BattMonitor_SMBus_Rotoye.cpp
[ 117/1217] Compiling libraries/AP_BattMonitor/AP_BattMonitor_Analog.cpp
[ 118/1217] Compiling libraries/AP_BattMonitor/AP_BattMonitor_Backend.cpp
[ 119/1217] Compiling libraries/AP_BattMonitor/AP_BattMonitor_Torqeedo.cpp
[ 120/1217] Compiling libraries/AP_BattMonitor/AP_BattMonitor_SMBus_SUI.cpp
[ 121/1217] Compiling libraries/AP_Beacon/AP_Beacon_SITL.cpp
[ 122/1217] Compiling libraries/AP_Beacon/AP_Beacon_Nooploop.cpp
[ 123/1217] Compiling libraries/AP_Beacon/AP_Beacon_Marvelmind.cpp
[ 124/1217] Compiling libraries/AP_Beacon/AP_Beacon.cpp
[ 125/1217] Compiling libraries/AP_Beacon/AP_Beacon_Pozyx.cpp
[ 126/1217] Compiling libraries/AP_Beacon/AP_Beacon_Backend.cpp
[ 127/1217] Compiling libraries/AP_BoardConfig/IMU_heater.cpp
[ 128/1217] Compiling libraries/AP_BoardConfig/board_drivers.cpp
[ 129/1217] Compiling libraries/AP_Button/AP_Button.cpp
[ 130/1217] Compiling libraries/AP_CANManager/AP_SLCANIface.cpp
[ 131/1217] Compiling libraries/AP_CANManager/AP_CANIfaceParams.cpp
[ 132/1217] Compiling libraries/AP_CANManager/AP_CANSensor.cpp
[ 133/1217] Compiling libraries/AP_CANManager/AP_CANManager.cpp
[ 134/1217] Compiling libraries/AP_CANManager/AP_CANManager_CANDriver_Params.cpp
[ 135/1217] Compiling libraries/AP_Camera/AP_Camera_Mount.cpp
[ 136/1217] Compiling libraries/AP_Camera/AP_Camera_MAVLinkCamV2.cpp
[ 137/1217] Compiling libraries/AP_Camera/AP_Camera_Logging.cpp
[ 138/1217] Compiling libraries/AP_Camera/AP_Camera_MAVLink.cpp
[ 139/1217] Compiling libraries/AP_Camera/AP_Camera_Params.cpp
[ 140/1217] Compiling libraries/AP_Camera/AP_Camera_Backend.cpp
[ 141/1217] Compiling libraries/AP_Camera/AP_Camera_Relay.cpp
[ 142/1217] Compiling libraries/AP_Camera/AP_RunCam.cpp
[ 143/1217] Compiling libraries/AP_Camera/AP_Camera_Scripting.cpp
[ 144/1217] Compiling libraries/AP_Camera/AP_Camera.cpp
[ 145/1217] Compiling libraries/AP_Camera/AP_Camera_Servo.cpp
[ 146/1217] Compiling libraries/AP_Camera/AP_Camera_SoloGimbal.cpp
[ 147/1217] Compiling libraries/AP_CheckFirmware/AP_CheckFirmware_secure_command.cpp
[ 148/1217] Compiling libraries/AP_CheckFirmware/monocypher.cpp
[ 149/1217] Compiling libraries/AP_CheckFirmware/AP_CheckFirmware.cpp
[ 150/1217] Compiling libraries/AP_Common/AP_ExpandingArray.cpp
[ 151/1217] Compiling libraries/AP_Common/time.cpp
[ 152/1217] Compiling libraries/AP_Common/c++.cpp
[ 153/1217] Compiling libraries/AP_Common/sorting.cpp
[ 154/1217] Compiling libraries/AP_Common/NMEA.cpp
[ 155/1217] Compiling libraries/AP_Common/AP_FWVersion.cpp
[ 156/1217] Compiling libraries/AP_Common/ExpandingString.cpp
[ 157/1217] Compiling libraries/AP_Common/Location.cpp
[ 158/1217] Compiling libraries/AP_Common/AP_Common.cpp
[ 159/1217] Compiling libraries/AP_Common/float16.cpp
[ 160/1217] Compiling libraries/AP_Compass/AP_Compass_LSM303D.cpp
[ 161/1217] Compiling libraries/AP_Compass/AP_Compass_AK09916.cpp
[ 162/1217] Compiling libraries/AP_Compass/AP_Compass_AK8963.cpp
[ 163/1217] Compiling libraries/AP_Compass/AP_Compass_IIS2MDC.cpp
[ 164/1217] Compiling libraries/AP_Compass/AP_Compass_BMM150.cpp
[ 165/1217] Compiling libraries/AP_Compass/AP_Compass_BMM350.cpp
[ 166/1217] Compiling libraries/AP_Compass/AP_Compass_LSM9DS1.cpp
[ 167/1217] Compiling libraries/AP_Compass/AP_Compass_IST8308.cpp
[ 168/1217] Compiling libraries/AP_Compass/AP_Compass_IST8310.cpp
[ 169/1217] Compiling libraries/AP_Compass/AP_Compass_MMC5xx3.cpp
[ 170/1217] Compiling libraries/AP_Compass/AP_Compass_MMC3416.cpp
[ 171/1217] Compiling libraries/AP_Compass/CompassCalibrator.cpp
[ 172/1217] Compiling libraries/AP_Compass/AP_Compass_MSP.cpp
[ 173/1217] Compiling libraries/AP_Compass/AP_Compass_Calibration.cpp
[ 174/1217] Compiling libraries/AP_Compass/AP_Compass_LIS3MDL.cpp
[ 175/1217] Compiling libraries/AP_Compass/AP_Compass_Backend.cpp
[ 176/1217] Compiling libraries/AP_Compass/AP_Compass_HMC5843.cpp
[ 177/1217] Compiling libraries/AP_Compass/AP_Compass_DroneCAN.cpp
[ 178/1217] Compiling libraries/AP_Compass/AP_Compass_ExternalAHRS.cpp
[ 179/1217] Compiling libraries/AP_Compass/AP_Compass_QMC5883L.cpp
[ 180/1217] Compiling libraries/AP_Compass/AP_Compass.cpp
[ 181/1217] Compiling libraries/AP_Compass/AP_Compass_SITL.cpp
[ 182/1217] Compiling libraries/AP_Compass/Compass_learn.cpp
[ 183/1217] Compiling libraries/AP_Compass/Compass_PerMotor.cpp
[ 184/1217] Compiling libraries/AP_Compass/AP_Compass_QMC5883P.cpp
[ 185/1217] Compiling libraries/AP_Compass/AP_Compass_RM3100.cpp
[ 186/1217] Compiling libraries/AP_Compass/AP_Compass_MAG3110.cpp
[ 187/1217] Compiling libraries/AP_CustomRotations/AP_CustomRotations.cpp
[ 188/1217] Compiling libraries/AP_CustomRotations/AP_CustomRotations_params.cpp
[ 189/1217] Compiling libraries/AP_DAL/AP_DAL_Airspeed.cpp
[ 190/1217] Compiling libraries/AP_DAL/AP_DAL_GPS.cpp
[ 191/1217] Compiling libraries/AP_DAL/AP_DAL_Baro.cpp
[ 192/1217] Compiling libraries/AP_DAL/AP_DAL_Compass.cpp
[ 193/1217] Compiling libraries/AP_DAL/AP_DAL_InertialSensor.cpp
[ 194/1217] Compiling libraries/AP_Declination/tables.cpp
[ 195/1217] Compiling libraries/AP_Declination/AP_Declination.cpp
[ 196/1217] Compiling libraries/AP_Devo_Telem/AP_Devo_Telem.cpp
[ 197/1217] Compiling libraries/AP_DroneCAN/AP_DroneCAN_DNA_Server.cpp
[ 198/1217] Compiling libraries/AP_DroneCAN/AP_DroneCAN_serial.cpp
[ 199/1217] Compiling libraries/AP_DroneCAN/AP_Canard_iface.cpp
[ 200/1217] Compiling libraries/AP_DroneCAN/AP_DroneCAN.cpp
[ 201/1217] Compiling libraries/AP_EFI/AP_EFI_Scripting.cpp
[ 202/1217] Compiling libraries/AP_EFI/AP_EFI.cpp
[ 203/1217] Compiling libraries/AP_EFI/AP_EFI_MAV.cpp
[ 204/1217] Compiling libraries/AP_EFI/AP_EFI_Backend.cpp
[ 205/1217] Compiling libraries/AP_EFI/AP_EFI_Currawong_ECU.cpp
[ 206/1217] Compiling libraries/AP_EFI/AP_EFI_DroneCAN.cpp
[ 207/1217] Compiling libraries/AP_EFI/AP_EFI_NWPMU.cpp
[ 208/1217] Compiling libraries/AP_EFI/AP_EFI_Serial_Lutan.cpp
[ 209/1217] Compiling libraries/AP_EFI/AP_EFI_Serial_MS.cpp
[ 210/1217] Compiling libraries/AP_EFI/AP_EFI_ThrottleLinearisation.cpp
[ 211/1217] Compiling libraries/AP_EFI/AP_EFI_Serial_Hirth.cpp
[ 212/1217] Compiling libraries/AP_ESC_Telem/AP_ESC_Telem.cpp
[ 213/1217] Compiling libraries/AP_ESC_Telem/AP_ESC_Telem_SITL.cpp
[ 214/1217] Compiling libraries/AP_ExternalAHRS/AP_ExternalAHRS_MicroStrain7.cpp
[ 215/1217] Compiling libraries/AP_ExternalAHRS/MicroStrain_common.cpp
[ 216/1217] Compiling libraries/AP_ExternalAHRS/AP_ExternalAHRS_MicroStrain5.cpp
[ 217/1217] Compiling libraries/AP_ExternalAHRS/AP_ExternalAHRS_backend.cpp
[ 218/1217] Compiling libraries/AP_ExternalAHRS/AP_ExternalAHRS_VectorNav.cpp
[ 219/1217] Compiling libraries/AP_ExternalAHRS/AP_ExternalAHRS.cpp
[ 220/1217] Compiling libraries/AP_ExternalControl/AP_ExternalControl.cpp
[ 221/1217] Compiling libraries/AP_FETtecOneWire/AP_FETtecOneWire.cpp
[ 222/1217] Compiling libraries/AP_Filesystem/AP_Filesystem_FATFS.cpp
[ 223/1217] Compiling libraries/AP_Filesystem/AP_Filesystem_backend.cpp
[ 224/1217] Compiling libraries/AP_Filesystem/posix_compat.cpp
[ 225/1217] Compiling libraries/AP_Filesystem/AP_Filesystem_Sys.cpp
[ 226/1217] Compiling libraries/AP_Filesystem/AP_Filesystem_Mission.cpp
[ 227/1217] Compiling libraries/AP_Filesystem/AP_Filesystem_ROMFS.cpp
[ 228/1217] Compiling libraries/AP_Filesystem/AP_Filesystem_Param.cpp
[ 229/1217] Compiling libraries/AP_Filesystem/AP_Filesystem_ESP32.cpp
[ 230/1217] Compiling libraries/AP_Filesystem/AP_Filesystem.cpp
[ 231/1217] Compiling libraries/AP_FlashStorage/AP_FlashStorage.cpp
[ 232/1217] Compiling libraries/AP_Frsky_Telem/AP_Frsky_MAVlite_Message.cpp
[ 233/1217] Compiling libraries/AP_Frsky_Telem/AP_Frsky_Backend.cpp
[ 234/1217] Compiling libraries/AP_Frsky_Telem/AP_Frsky_MAVlite_SPortToMAVlite.cpp
[ 235/1217] Compiling libraries/AP_Frsky_Telem/AP_Frsky_D.cpp
[ 236/1217] Compiling libraries/AP_Frsky_Telem/AP_Frsky_Parameters.cpp
[ 237/1217] Compiling libraries/AP_Frsky_Telem/AP_Frsky_Telem.cpp
[ 238/1217] Compiling libraries/AP_Frsky_Telem/AP_Frsky_SPort.cpp
[ 239/1217] Compiling libraries/AP_Frsky_Telem/AP_Frsky_MAVlite_MAVliteToSPort.cpp
[ 240/1217] Compiling libraries/AP_Frsky_Telem/AP_Frsky_MAVliteMsgHandler.cpp
[ 241/1217] Compiling libraries/AP_GPS/MovingBase.cpp
[ 242/1217] Compiling libraries/AP_GPS/AP_GPS_NOVA.cpp
[ 243/1217] Compiling libraries/AP_GPS/RTCM3_Parser.cpp
[ 244/1217] Compiling libraries/AP_GPS/AP_GPS_SBP.cpp
[ 245/1217] Compiling libraries/AP_GPS/AP_GPS_Params.cpp
[ 246/1217] Compiling libraries/AP_GPS/GPS_Backend.cpp
[ 247/1217] Compiling libraries/AP_GPS/AP_GPS_MSP.cpp
[ 248/1217] Compiling libraries/AP_GPS/AP_GPS_Blended.cpp
[ 249/1217] Compiling libraries/AP_GPS/AP_GPS_NMEA.cpp
[ 250/1217] Compiling libraries/AP_GPS/AP_GPS.cpp
[ 251/1217] Compiling libraries/AP_GPS/AP_GPS_ERB.cpp
[ 252/1217] Compiling libraries/AP_GPS/AP_GPS_SITL.cpp
[ 253/1217] Compiling libraries/AP_GPS/AP_GPS_SBP2.cpp
[ 254/1217] Compiling libraries/AP_GPS/AP_GPS_ExternalAHRS.cpp
[ 255/1217] Compiling libraries/AP_GPS/AP_GPS_DroneCAN.cpp
[ 256/1217] Compiling libraries/AP_GPS/AP_GPS_UBLOX.cpp
[ 257/1217] Compiling libraries/AP_GPS/AP_GPS_GSOF.cpp
[ 258/1217] Compiling libraries/AP_GPS/AP_GPS_MAV.cpp
[ 259/1217] Compiling libraries/AP_GPS/AP_GPS_SIRF.cpp
[ 260/1217] Compiling libraries/AP_GPS/AP_GPS_SBF.cpp
[ 261/1217] Compiling libraries/AP_GSOF/AP_GSOF.cpp
[ 262/1217] Compiling libraries/AP_Generator/AP_Generator_Backend.cpp
[ 263/1217] Compiling libraries/AP_Generator/AP_Generator_IE_2400.cpp
[ 264/1217] Compiling libraries/AP_Generator/AP_Generator_RichenPower.cpp
[ 265/1217] Compiling libraries/AP_Generator/AP_Generator_IE_650_800.cpp
[ 266/1217] Compiling libraries/AP_Generator/AP_Generator_IE_FuelCell.cpp
[ 267/1217] Compiling libraries/AP_Generator/AP_Generator.cpp
[ 268/1217] Compiling libraries/AP_Gripper/AP_Gripper_Backend.cpp
[ 269/1217] Compiling libraries/AP_Gripper/AP_Gripper_Servo.cpp
[ 270/1217] Compiling libraries/AP_Gripper/AP_Gripper.cpp
[ 271/1217] Compiling libraries/AP_Gripper/AP_Gripper_EPM.cpp
[ 272/1217] Compiling libraries/AP_Hott_Telem/AP_Hott_Telem.cpp
[ 273/1217] Compiling libraries/AP_ICEngine/AP_ICEngine_TCA9554.cpp
[ 274/1217] Compiling libraries/AP_ICEngine/AP_ICEngine.cpp
[ 275/1217] Compiling libraries/AP_IOMCU/AP_IOMCU.cpp
[ 276/1217] Compiling libraries/AP_IOMCU/fw_uploader.cpp
[ 277/1217] Compiling libraries/AP_IRLock/AP_IRLock_SITL.cpp
[ 278/1217] Compiling libraries/AP_IRLock/AP_IRLock_I2C.cpp
[ 279/1217] Compiling libraries/AP_IRLock/AP_IRLock_SITL_Gazebo.cpp
[ 280/1217] Compiling libraries/AP_IRLock/IRLock.cpp
[ 281/1217] Compiling libraries/AP_InertialNav/AP_InertialNav.cpp
[ 282/1217] Compiling libraries/AP_InertialSensor/AP_InertialSensor_SCHA63T.cpp
[ 283/1217] Compiling libraries/AP_InertialSensor/AP_InertialSensor_Backend.cpp
[ 284/1217] Compiling libraries/AP_InertialSensor/AP_InertialSensor_LSM9DS0.cpp
[ 285/1217] Compiling libraries/AP_InertialSensor/AP_InertialSensor_NONE.cpp
[ 286/1217] Compiling libraries/AP_InertialSensor/AP_InertialSensor_LSM9DS1.cpp
[ 287/1217] Compiling libraries/AP_InertialSensor/AP_InertialSensor_Logging.cpp
[ 288/1217] Compiling libraries/AP_InertialSensor/AP_InertialSensor_Invensensev3.cpp
[ 289/1217] Compiling libraries/AP_InertialSensor/AP_InertialSensor_ExternalAHRS.cpp
[ 290/1217] Compiling libraries/AP_InertialSensor/AP_InertialSensor_L3G4200D.cpp
[ 291/1217] Compiling libraries/AP_InertialSensor/AP_InertialSensor_Invensense.cpp
[ 292/1217] Compiling libraries/AP_InertialSensor/AP_InertialSensor_Params.cpp
[ 293/1217] Compiling libraries/AP_InertialSensor/AP_InertialSensor_BMI160.cpp
[ 294/1217] Compiling libraries/AP_InertialSensor/AP_InertialSensor_BMI270.cpp
[ 295/1217] Compiling libraries/AP_InertialSensor/AP_InertialSensor_RST.cpp
[ 296/1217] Compiling libraries/AP_InertialSensor/AP_InertialSensor_Invensensev2.cpp
[ 297/1217] Compiling libraries/AP_InertialSensor/AP_InertialSensor_ADIS1647x.cpp
[ 298/1217] Compiling libraries/AP_InertialSensor/AP_InertialSensor_BMI055.cpp
[ 299/1217] Compiling libraries/AP_InertialSensor/AP_InertialSensor_BMI088.cpp
[ 300/1217] Compiling libraries/AP_InertialSensor/AP_InertialSensor_SITL.cpp
[ 301/1217] Compiling libraries/AP_InertialSensor/AuxiliaryBus.cpp
[ 302/1217] Compiling libraries/AP_InertialSensor/AP_InertialSensor_tempcal.cpp
[ 303/1217] Compiling libraries/AP_InertialSensor/BatchSampler.cpp
[ 304/1217] Compiling libraries/AP_InternalError/AP_InternalError.cpp
[ 305/1217] Compiling libraries/AP_JSON/AP_JSON.cpp
[ 306/1217] Compiling libraries/AP_KDECAN/AP_KDECAN.cpp
[ 307/1217] Compiling libraries/AP_LTM_Telem/AP_LTM_Telem.cpp
[ 308/1217] Compiling libraries/AP_Logger/AP_Logger_MAVLinkLogTransfer.cpp
[ 309/1217] Compiling libraries/AP_Logger/AP_Logger_W25NXX.cpp
[ 310/1217] Compiling libraries/AP_Logger/LogFile.cpp
[ 311/1217] Compiling libraries/AP_Logger/AP_Logger_Block.cpp
[ 312/1217] Compiling libraries/AP_Logger/AP_Logger_MAVLink.cpp
[ 313/1217] Compiling libraries/AP_Logger/AP_Logger_Flash_JEDEC.cpp
[ 314/1217] Compiling libraries/AP_MSP/msp.cpp
[ 315/1217] Compiling libraries/AP_MSP/msp_sbuf.cpp
[ 316/1217] Compiling libraries/AP_MSP/AP_MSP_Telem_DisplayPort.cpp
[ 317/1217] Compiling libraries/AP_MSP/AP_MSP.cpp
[ 318/1217] Compiling libraries/AP_MSP/AP_MSP_Telem_Generic.cpp
[ 319/1217] Compiling libraries/AP_MSP/AP_MSP_Telem_DJI.cpp
[ 320/1217] Compiling libraries/AP_MSP/AP_MSP_Telem_Backend.cpp
[ 321/1217] Compiling libraries/AP_Math/matrix3.cpp
[ 322/1217] Compiling libraries/AP_Math/control.cpp
[ 323/1217] Compiling libraries/AP_Math/quaternion.cpp
[ 324/1217] Compiling libraries/AP_Math/location_double.cpp
[ 325/1217] Compiling libraries/AP_Math/crc.cpp
[ 326/1217] Compiling libraries/AP_Math/location.cpp
[ 327/1217] Compiling libraries/AP_Math/SplineCurve.cpp
[ 328/1217] Compiling libraries/AP_Math/chirp.cpp
[ 329/1217] Compiling libraries/AP_Math/AP_GeodesicGrid.cpp
[ 330/1217] Compiling libraries/AP_Math/polygon.cpp
[ 331/1217] Compiling libraries/AP_Math/matrixN.cpp
[ 332/1217] Compiling libraries/AP_Math/vector3.cpp
[ 333/1217] Compiling libraries/AP_Math/AP_Math.cpp
[ 334/1217] Compiling libraries/AP_Math/spline5.cpp
[ 335/1217] Compiling libraries/AP_Math/matrix_alg.cpp
[ 336/1217] Compiling libraries/AP_Math/polyfit.cpp
[ 337/1217] Compiling libraries/AP_Math/vector2.cpp
[ 338/1217] Compiling libraries/AP_Mission/AP_Mission_ChangeDetector.cpp
[ 339/1217] Compiling libraries/AP_Mission/AP_Mission_Commands.cpp
[ 340/1217] Compiling libraries/AP_Module/AP_Module.cpp
[ 341/1217] Compiling libraries/AP_Motors/AP_MotorsHeli_Dual.cpp
[ 342/1217] Compiling libraries/AP_Motors/AP_MotorsMatrix_Scripting_Dynamic.cpp
[ 343/1217] Compiling libraries/AP_Motors/AP_Motors_Class.cpp
[ 344/1217] Compiling libraries/AP_Motors/AP_Motors6DOF.cpp
[ 345/1217] Compiling libraries/AP_Motors/AP_MotorsTailsitter.cpp
[ 346/1217] Compiling libraries/AP_Motors/AP_MotorsHeli.cpp
[ 347/1217] Compiling libraries/AP_Motors/AP_MotorsCoax.cpp
[ 348/1217] Compiling libraries/AP_Motors/AP_MotorsSingle.cpp
[ 349/1217] Compiling libraries/AP_Motors/AP_MotorsHeli_Quad.cpp
[ 350/1217] Compiling libraries/AP_Motors/AP_MotorsHeli_RSC.cpp
[ 351/1217] Compiling libraries/AP_Motors/AP_MotorsHeli_Single.cpp
[ 352/1217] Compiling libraries/AP_Motors/AP_MotorsHeli_Swash.cpp
[ 353/1217] Compiling libraries/AP_Motors/AP_MotorsMatrix_6DoF_Scripting.cpp
[ 354/1217] Compiling libraries/AP_Mount/AP_Mount_CADDX.cpp
[ 355/1217] Compiling libraries/AP_Mount/AP_Mount.cpp
[ 356/1217] Compiling libraries/AP_Mount/AP_Mount_Xacti.cpp
[ 357/1217] Compiling libraries/AP_Mount/AP_Mount_SToRM32_serial.cpp
[ 358/1217] Compiling libraries/AP_Mount/AP_Mount_Alexmos.cpp
[ 359/1217] Compiling libraries/AP_Mount/AP_Mount_Backend.cpp
[ 360/1217] Compiling libraries/AP_Mount/SoloGimbal.cpp
[ 361/1217] Compiling libraries/AP_Mount/SoloGimbal_Parameters.cpp
[ 362/1217] Compiling libraries/AP_Mount/AP_Mount_Backend_Serial.cpp
[ 363/1217] Compiling libraries/AP_Mount/AP_Mount_Scripting.cpp
[ 364/1217] Compiling libraries/AP_Mount/AP_Mount_Siyi.cpp
[ 365/1217] Compiling libraries/AP_Mount/AP_Mount_Gremsy.cpp
[ 366/1217] Compiling libraries/AP_Mount/AP_Mount_Topotek.cpp
[ 367/1217] Compiling libraries/AP_Mount/AP_Mount_Viewpro.cpp
[ 368/1217] Compiling libraries/AP_Mount/AP_Mount_SoloGimbal.cpp
[ 369/1217] Compiling libraries/AP_Mount/AP_Mount_Servo.cpp
[ 370/1217] Compiling libraries/AP_Mount/AP_Mount_Params.cpp
[ 371/1217] Compiling libraries/AP_Mount/SoloGimbalEKF.cpp
[ 372/1217] Compiling libraries/AP_Mount/AP_Mount_SToRM32.cpp
[ 373/1217] Compiling libraries/AP_MultiHeap/MultiHeap_chibios.cpp
[ 374/1217] Compiling libraries/AP_MultiHeap/MultiHeap_malloc.cpp
[ 375/1217] Compiling libraries/AP_MultiHeap/AP_MultiHeap.cpp
[ 376/1217] Compiling libraries/AP_NMEA_Output/AP_NMEA_Output.cpp
[ 377/1217] Compiling libraries/AP_NavEKF/AP_NavEKF_core_common.cpp
[ 378/1217] Compiling libraries/AP_NavEKF/EKFGSF_yaw.cpp
[ 379/1217] Compiling libraries/AP_NavEKF/EKFGSF_Logging.cpp
[ 380/1217] Compiling libraries/AP_NavEKF/EKF_Buffer.cpp
[ 381/1217] Compiling libraries/AP_NavEKF/AP_NavEKF_Source.cpp
[ 382/1217] Compiling libraries/AP_NavEKF2/AP_NavEKF2_PosVelFusion.cpp
[ 383/1217] Compiling libraries/AP_NavEKF2/AP_NavEKF2_RngBcnFusion.cpp
[ 384/1217] Compiling libraries/AP_NavEKF2/AP_NavEKF2_VehicleStatus.cpp
[ 385/1217] Compiling libraries/AP_NavEKF2/AP_NavEKF2_Outputs.cpp
[ 386/1217] Compiling libraries/AP_NavEKF2/AP_NavEKF2_Control.cpp
[ 387/1217] Compiling libraries/AP_NavEKF2/AP_NavEKF2_Logging.cpp
[ 388/1217] Compiling libraries/AP_NavEKF2/AP_NavEKF2_MagFusion.cpp
[ 389/1217] Compiling libraries/AP_NavEKF2/AP_NavEKF2_Measurements.cpp
[ 390/1217] Compiling libraries/AP_NavEKF2/AP_NavEKF2_core.cpp
[ 391/1217] Compiling libraries/AP_NavEKF2/AP_NavEKF_GyroBias.cpp
[ 392/1217] Compiling libraries/AP_NavEKF2/AP_NavEKF2_AirDataFusion.cpp
[ 393/1217] Compiling modules/lwip/src/netif/ppp/pppcrypt.c
[ 394/1217] Compiling modules/lwip/src/netif/ppp/ipcp.c
[ 395/1217] Compiling modules/lwip/src/netif/lowpan6_ble.c
[ 396/1217] Compiling modules/lwip/src/api/netifapi.c
[ 397/1217] Compiling modules/lwip/src/core/ipv4/igmp.c
[ 398/1217] Compiling modules/lwip/src/core/ipv4/icmp.c
[ 399/1217] Compiling modules/lwip/src/core/ipv4/etharp.c
[ 400/1217] Compiling modules/lwip/src/core/ipv4/dhcp.c
[ 401/1217] Compiling modules/lwip/src/core/ipv4/autoip.c
[ 402/1217] Compiling modules/lwip/src/core/ipv4/acd.c
[ 403/1217] Compiling modules/lwip/src/core/ipv4/ip4.c
[ 404/1217] Compiling modules/lwip/src/core/timeouts.c
[ 405/1217] Compiling modules/lwip/src/core/udp.c
[ 406/1217] Compiling modules/lwip/src/core/tcp_in.c
[ 407/1217] Compiling modules/lwip/src/core/tcp.c
[ 408/1217] Compiling modules/lwip/src/core/sys.c
[ 409/1217] Compiling modules/lwip/src/core/stats.c
[ 410/1217] Compiling modules/lwip/src/core/raw.c
[ 411/1217] Compiling modules/lwip/src/core/pbuf.c
[ 412/1217] Compiling modules/lwip/src/core/netif.c
[ 413/1217] Compiling modules/lwip/src/core/memp.c
[ 414/1217] Compiling modules/lwip/src/core/tcp_out.c
[ 415/1217] Compiling modules/lwip/src/core/mem.c
[ 416/1217] Compiling modules/lwip/src/core/ip.c
[ 417/1217] Compiling modules/lwip/src/core/init.c
[ 418/1217] Compiling modules/lwip/src/core/inet_chksum.c
[ 419/1217] Compiling modules/lwip/src/core/def.c
[ 420/1217] Compiling modules/lwip/src/core/altcp_tcp.c
[ 421/1217] Compiling modules/lwip/src/core/altcp_alloc.c
[ 422/1217] Compiling modules/lwip/src/core/dns.c
[ 423/1217] Compiling modules/lwip/src/core/altcp.c
[ 424/1217] Compiling libraries/AP_Networking/AP_Networking_port.cpp
[ 425/1217] Compiling libraries/AP_Networking/AP_Networking_macaddr.cpp
[ 426/1217] Compiling libraries/AP_Networking/AP_Networking_address.cpp
[ 427/1217] Compiling libraries/AP_Networking/AP_Networking_PPP.cpp
[ 428/1217] Compiling libraries/AP_Networking/AP_Networking_ChibiOS.cpp
[ 429/1217] Compiling libraries/AP_Networking/AP_Networking_CAN.cpp
[ 430/1217] Compiling libraries/AP_Networking/AP_Networking_tests.cpp
[ 431/1217] Compiling modules/lwip/src/netif/ppp/mppe.c
[ 432/1217] Compiling modules/lwip/src/netif/ppp/pppapi.c
[ 433/1217] Compiling modules/lwip/src/netif/ppp/multilink.c
[ 434/1217] Compiling modules/lwip/src/netif/ppp/upap.c
[ 435/1217] Compiling libraries/AP_Networking/AP_Networking.cpp
[ 436/1217] Compiling modules/lwip/src/netif/slipif.c
[ 437/1217] Compiling modules/lwip/src/netif/lowpan6_common.c
[ 438/1217] Compiling modules/lwip/src/netif/bridgeif.c
[ 439/1217] Compiling modules/lwip/src/netif/ppp/ipv6cp.c
[ 440/1217] Compiling modules/lwip/src/netif/ppp/magic.c
[ 441/1217] Compiling modules/lwip/src/netif/zepif.c
[ 442/1217] Compiling modules/lwip/src/netif/ppp/ppp.c
[ 443/1217] Compiling modules/lwip/src/netif/ppp/eui64.c
[ 444/1217] Compiling modules/lwip/src/netif/ppp/ccp.c
[ 445/1217] Compiling modules/lwip/src/api/netdb.c
[ 446/1217] Compiling modules/lwip/src/api/api_msg.c
[ 447/1217] Compiling modules/lwip/src/core/ipv4/ip4_frag.c
[ 448/1217] Compiling modules/lwip/src/netif/ppp/demand.c
[ 449/1217] Compiling modules/lwip/src/netif/ppp/fsm.c
[ 450/1217] Compiling modules/lwip/src/api/tcpip.c
[ 451/1217] Compiling modules/lwip/src/netif/ppp/pppoe.c
[ 452/1217] Compiling modules/lwip/src/netif/ppp/ecp.c
[ 453/1217] Compiling modules/lwip/src/netif/lowpan6.c
[ 454/1217] Compiling modules/lwip/src/api/err.c
[ 455/1217] Compiling modules/lwip/src/netif/ppp/eap.c
[ 456/1217] Compiling modules/lwip/src/netif/ppp/auth.c
[ 457/1217] Compiling modules/lwip/src/api/if_api.c
[ 458/1217] Compiling modules/lwip/src/api/netbuf.c
[ 459/1217] Compiling libraries/AP_Networking/lwip_hal/arch/evtimer.c
[ 460/1217] Compiling modules/lwip/src/netif/ppp/chap-new.c
[ 461/1217] Compiling modules/lwip/src/netif/ethernet.c
[ 462/1217] Compiling modules/lwip/src/core/ipv4/ip4_addr.c
[ 463/1217] Compiling modules/lwip/src/netif/ppp/lcp.c
[ 464/1217] Compiling modules/lwip/src/netif/ppp/chap_ms.c
[ 465/1217] Compiling modules/lwip/src/netif/bridgeif_fdb.c
[ 466/1217] Compiling modules/lwip/src/netif/ppp/pppol2tp.c
[ 467/1217] Compiling libraries/AP_Networking/lwip_hal/arch/sys_arch.cpp
[ 468/1217] Compiling modules/lwip/src/netif/ppp/chap-md5.c
[ 469/1217] Compiling modules/lwip/src/api/sockets.c
[ 470/1217] Compiling modules/lwip/src/netif/ppp/pppos.c
[ 471/1217] Compiling modules/lwip/src/netif/ppp/vj.c
[ 472/1217] Compiling modules/lwip/src/api/api_lib.c
[ 473/1217] Compiling modules/lwip/src/netif/ppp/utils.c
[ 474/1217] Compiling libraries/AP_Notify/VRBoard_LED.cpp
[ 475/1217] Compiling libraries/AP_Notify/ToneAlarm.cpp
[ 476/1217] Compiling libraries/AP_Notify/RCOutputRGBLed.cpp
[ 477/1217] Compiling libraries/AP_Notify/NavigatorLED.cpp
[ 478/1217] Compiling libraries/AP_Notify/ToshibaLED_I2C.cpp
[ 479/1217] Compiling libraries/AP_Notify/SerialLED.cpp
[ 480/1217] Compiling libraries/AP_Notify/ScriptingLED.cpp
[ 481/1217] Compiling libraries/AP_Notify/SITL_SFML_LED.cpp
[ 482/1217] Compiling libraries/AP_Notify/ProfiLED.cpp
[ 483/1217] Compiling libraries/AP_Notify/PCA9685LED_I2C.cpp
[ 484/1217] Compiling libraries/AP_Notify/NCP5623.cpp
[ 485/1217] Compiling libraries/AP_Notify/PixRacerLED.cpp
[ 486/1217] Compiling libraries/AP_Notify/RGBLed.cpp
[ 487/1217] Compiling libraries/AP_Notify/NeoPixel.cpp
[ 488/1217] Compiling libraries/AP_Notify/OreoLED_I2C.cpp
[ 489/1217] Compiling libraries/AP_Notify/Led_Sysfs.cpp
[ 490/1217] Compiling libraries/AP_Notify/IS31FL3195.cpp
[ 491/1217] Compiling libraries/AP_Notify/DroneCAN_RGB_LED.cpp
[ 492/1217] Compiling libraries/AP_Notify/AP_Notify.cpp
[ 493/1217] Compiling libraries/AP_Notify/LP5562.cpp
[ 494/1217] Compiling libraries/AP_Notify/GPIO_LED_1.cpp
[ 495/1217] Compiling libraries/AP_Notify/MMLPlayer.cpp
[ 496/1217] Compiling libraries/AP_Notify/ExternalLED.cpp
[ 497/1217] Compiling libraries/AP_Notify/Display_SITL.cpp
[ 498/1217] Compiling libraries/AP_Notify/Display.cpp
[ 499/1217] Compiling libraries/AP_Notify/Buzzer.cpp
[ 500/1217] Compiling libraries/AP_Notify/Display_SSD1306_I2C.cpp
[ 501/1217] Compiling libraries/AP_Notify/DiscreteRGBLed.cpp
[ 502/1217] Compiling libraries/AP_Notify/DShotLED.cpp
[ 503/1217] Compiling libraries/AP_Notify/DiscoLED.cpp
[ 504/1217] Compiling libraries/AP_Notify/Display_SH1106_I2C.cpp
[ 505/1217] Compiling libraries/AP_Notify/AP_BoardLED.cpp
[ 506/1217] Compiling libraries/AP_Notify/AP_BoardLED2.cpp
[ 507/1217] Compiling libraries/AP_OLC/AP_OLC.cpp
[ 508/1217] Compiling libraries/AP_OSD/AP_OSD_MSP.cpp
[ 509/1217] Compiling libraries/AP_OSD/AP_OSD_Setting.cpp
[ 510/1217] Compiling libraries/AP_OSD/AP_OSD_SITL.cpp
[ 511/1217] Compiling libraries/AP_OSD/AP_OSD_MAX7456.cpp
[ 512/1217] Compiling libraries/AP_OSD/AP_OSD.cpp
[ 513/1217] Compiling libraries/AP_OSD/AP_OSD_Backend.cpp
[ 514/1217] Compiling libraries/AP_OSD/AP_OSD_MSP_DisplayPort.cpp
[ 515/1217] Compiling libraries/AP_OpenDroneID/AP_OpenDroneID.cpp
[ 516/1217] Compiling libraries/AP_OpenDroneID/AP_OpenDroneID_DroneCAN.cpp
[ 517/1217] Compiling libraries/AP_OpticalFlow/AP_OpticalFlow_UPFLOW.cpp
[ 518/1217] Compiling libraries/AP_OpticalFlow/AP_OpticalFlow_Backend.cpp
[ 519/1217] Compiling libraries/AP_OpticalFlow/AP_OpticalFlow_MAV.cpp
[ 520/1217] Compiling libraries/AP_OpticalFlow/AP_OpticalFlow_SITL.cpp
[ 521/1217] Compiling libraries/AP_OpticalFlow/AP_OpticalFlow_PX4Flow.cpp
[ 522/1217] Compiling libraries/AP_OpticalFlow/AP_OpticalFlow_MSP.cpp
[ 523/1217] Compiling libraries/AP_OpticalFlow/AP_OpticalFlow_Onboard.cpp
[ 524/1217] Compiling libraries/AP_OpticalFlow/AP_OpticalFlow_HereFlow.cpp
[ 525/1217] Compiling libraries/AP_OpticalFlow/AP_OpticalFlow_Pixart.cpp
[ 526/1217] Compiling libraries/AP_OpticalFlow/AP_OpticalFlow.cpp
[ 527/1217] Compiling libraries/AP_OpticalFlow/AP_OpticalFlow_CXOF.cpp
[ 528/1217] Compiling libraries/AP_OpticalFlow/AP_OpticalFlow_Calibrator.cpp
[ 529/1217] Compiling libraries/AP_Parachute/AP_Parachute.cpp
[ 530/1217] Compiling libraries/AP_Param/AP_Param.cpp
[ 531/1217] Compiling libraries/AP_Param/AP_ParamT.cpp
[ 532/1217] Compiling libraries/AP_PiccoloCAN/AP_PiccoloCAN.cpp
[ 533/1217] Compiling libraries/AP_PiccoloCAN/AP_PiccoloCAN_ECU.cpp
[ 534/1217] Compiling libraries/AP_PiccoloCAN/AP_PiccoloCAN_ESC.cpp
[ 535/1217] Compiling libraries/AP_PiccoloCAN/AP_PiccoloCAN_Servo.cpp
[ 536/1217] Compiling libraries/AP_Proximity/AP_Proximity_TeraRangerTower.cpp
[ 537/1217] Compiling libraries/AP_Proximity/AP_Proximity_RPLidarA2.cpp
[ 538/1217] Compiling libraries/AP_Proximity/AP_Proximity.cpp
[ 539/1217] Compiling libraries/AP_Proximity/AP_Proximity_TeraRangerTowerEvo.cpp
[ 540/1217] Compiling libraries/AP_Proximity/AP_Proximity_Scripting.cpp
[ 541/1217] Compiling libraries/AP_Proximity/AP_Proximity_DroneCAN.cpp
[ 542/1217] Compiling libraries/AP_Proximity/AP_Proximity_SITL.cpp
[ 543/1217] Compiling libraries/AP_Proximity/AP_Proximity_Params.cpp
[ 544/1217] Compiling libraries/AP_Proximity/AP_Proximity_MAV.cpp
[ 545/1217] Compiling libraries/AP_Proximity/AP_Proximity_LD06.cpp
[ 546/1217] Compiling libraries/AP_Proximity/AP_Proximity_MR72_CAN.cpp
[ 547/1217] Compiling libraries/AP_Proximity/AP_Proximity_LightWareSerial.cpp
[ 548/1217] Compiling libraries/AP_Proximity/AP_Proximity_LightWareSF40C.cpp
[ 549/1217] Compiling libraries/AP_Proximity/AP_Proximity_RangeFinder.cpp
[ 550/1217] Compiling libraries/AP_Proximity/AP_Proximity_Backend_Serial.cpp
[ 551/1217] Compiling libraries/AP_Proximity/AP_Proximity_LightWareSF45B.cpp
[ 552/1217] Compiling libraries/AP_Proximity/AP_Proximity_Boundary_3D.cpp
[ 553/1217] Compiling libraries/AP_Proximity/AP_Proximity_Cygbot_D1.cpp
[ 554/1217] Compiling libraries/AP_Proximity/AP_Proximity_AirSimSITL.cpp
[ 555/1217] Compiling libraries/AP_Proximity/AP_Proximity_Backend.cpp
[ 556/1217] Compiling libraries/AP_RAMTRON/AP_RAMTRON.cpp
[ 557/1217] Compiling libraries/AP_RCMapper/AP_RCMapper.cpp
[ 558/1217] Compiling libraries/AP_RCProtocol/AP_RCProtocol_PPMSum.cpp
[ 559/1217] Compiling libraries/AP_RCProtocol/AP_RCProtocol_SBUS.cpp
[ 560/1217] Compiling libraries/AP_RCProtocol/AP_RCProtocol_Radio.cpp
[ 561/1217] Compiling libraries/AP_RCProtocol/AP_RCProtocol_MAVLinkRadio.cpp
[ 562/1217] Compiling libraries/AP_RCProtocol/AP_RCProtocol_IBUS.cpp
[ 563/1217] Compiling libraries/AP_RCProtocol/AP_RCProtocol_Joystick_SFML.cpp
[ 564/1217] Compiling libraries/AP_RCProtocol/AP_RCProtocol_DroneCAN.cpp
[ 565/1217] Compiling libraries/AP_RCProtocol/AP_RCProtocol_DSM.cpp
[ 566/1217] Compiling libraries/AP_RCProtocol/AP_RCProtocol_Backend.cpp
[ 567/1217] Compiling libraries/AP_RCProtocol/AP_RCProtocol_FDM.cpp
[ 568/1217] Compiling libraries/AP_RCProtocol/AP_RCProtocol_SUMD.cpp
[ 569/1217] Compiling libraries/AP_RCProtocol/AP_RCProtocol_ST24.cpp
[ 570/1217] Compiling libraries/AP_RCProtocol/spm_srxl.cpp
[ 571/1217] Compiling libraries/AP_RCProtocol/AP_RCProtocol_SRXL.cpp
[ 572/1217] Compiling libraries/AP_RCProtocol/SoftSerial.cpp
[ 573/1217] Compiling libraries/AP_RCTelemetry/AP_GHST_Telem.cpp
[ 574/1217] Compiling libraries/AP_RCTelemetry/AP_Spektrum_Telem.cpp
[ 575/1217] Compiling libraries/AP_ROMFS/AP_ROMFS.cpp
[ 576/1217] Compiling libraries/AP_ROMFS/tinflate.cpp
[ 577/1217] Compiling libraries/AP_RPM/RPM_Pin.cpp
[ 578/1217] Compiling libraries/AP_RPM/RPM_ESC_Telem.cpp
[ 579/1217] Compiling libraries/AP_RPM/RPM_Generator.cpp
[ 580/1217] Compiling libraries/AP_RPM/RPM_SITL.cpp
[ 581/1217] Compiling libraries/AP_RPM/RPM_DroneCAN.cpp
[ 582/1217] Compiling libraries/AP_RPM/AP_RPM.cpp
[ 583/1217] Compiling libraries/AP_RPM/RPM_EFI.cpp
[ 584/1217] Compiling libraries/AP_RPM/RPM_Backend.cpp
[ 585/1217] Compiling libraries/AP_RPM/RPM_HarmonicNotch.cpp
[ 586/1217] Compiling libraries/AP_RPM/AP_RPM_Params.cpp
[ 587/1217] Compiling libraries/AP_RSSI/AP_RSSI.cpp
[ 588/1217] Compiling libraries/AP_RTC/JitterCorrection.cpp
[ 589/1217] Compiling libraries/AP_RTC/AP_RTC.cpp
[ 590/1217] Compiling libraries/AP_Radio/driver_cc2500.cpp
[ 591/1217] Compiling libraries/AP_Radio/AP_Radio_bk2425.cpp
[ 592/1217] Compiling libraries/AP_Radio/driver_bk2425.cpp
[ 593/1217] Compiling libraries/AP_Radio/AP_Radio_cc2500.cpp
[ 594/1217] Compiling libraries/AP_Radio/AP_Radio_cypress.cpp
[ 595/1217] Compiling libraries/AP_Radio/AP_Radio.cpp
[ 596/1217] Compiling libraries/AP_Radio/AP_Radio_backend.cpp
[ 597/1217] Compiling libraries/AP_RangeFinder/AP_RangeFinder_TeraRangerI2C.cpp
[ 598/1217] Compiling libraries/AP_RangeFinder/AP_RangeFinder_LightWareI2C.cpp
[ 599/1217] Compiling libraries/AP_RangeFinder/AP_RangeFinder_JRE_Serial.cpp
[ 600/1217] Compiling libraries/AP_RangeFinder/AP_RangeFinder_Backend_CAN.cpp
[ 601/1217] Compiling libraries/AP_RangeFinder/AP_RangeFinder_SITL.cpp
[ 602/1217] Compiling libraries/AP_RangeFinder/AP_RangeFinder_TOFSenseP_CAN.cpp
[ 603/1217] Compiling libraries/AP_RangeFinder/AP_RangeFinder_NoopLoop.cpp
[ 604/1217] Compiling libraries/AP_RangeFinder/AP_RangeFinder_analog.cpp
[ 605/1217] Compiling libraries/AP_RangeFinder/AP_RangeFinder_PulsedLightLRF.cpp
[ 606/1217] Compiling libraries/AP_RangeFinder/AP_RangeFinder_NRA24_CAN.cpp
[ 607/1217] Compiling libraries/AP_RangeFinder/AP_RangeFinder_Lanbao.cpp
[ 608/1217] Compiling libraries/AP_RangeFinder/AP_RangeFinder_RDS02UF.cpp
[ 609/1217] Compiling libraries/AP_RangeFinder/AP_RangeFinder_Lua.cpp
[ 610/1217] Compiling libraries/AP_RangeFinder/AP_RangeFinder_Backend.cpp
[ 611/1217] Compiling libraries/AP_RangeFinder/AP_RangeFinder_Params.cpp
[ 612/1217] Compiling libraries/AP_RangeFinder/AP_RangeFinder_TOFSenseF_I2C.cpp
[ 613/1217] Compiling libraries/AP_RangeFinder/AP_RangeFinder_LeddarVu8.cpp
[ 614/1217] Compiling libraries/AP_RangeFinder/AP_RangeFinder_Benewake_CAN.cpp
[ 615/1217] Compiling libraries/AP_RangeFinder/AP_RangeFinder_TeraRanger_Serial.cpp
[ 616/1217] Compiling libraries/AP_RangeFinder/AP_RangeFinder_LightWareSerial.cpp
[ 617/1217] Compiling libraries/AP_RangeFinder/AP_RangeFinder_LeddarOne.cpp
[ 618/1217] Compiling libraries/AP_RangeFinder/AP_RangeFinder_Benewake_TFMiniPlus.cpp
[ 619/1217] Compiling libraries/AP_RangeFinder/AP_RangeFinder_DroneCAN.cpp
[ 620/1217] Compiling libraries/AP_RangeFinder/AP_RangeFinder_Bebop.cpp
[ 621/1217] Compiling libraries/AP_RangeFinder/AP_RangeFinder_BLPing.cpp
[ 622/1217] Compiling libraries/AP_RangeFinder/AP_RangeFinder_HC_SR04.cpp
[ 623/1217] Compiling libraries/AP_RangeFinder/AP_RangeFinder_Backend_Serial.cpp
[ 624/1217] Compiling libraries/AP_RangeFinder/AP_RangeFinder_BBB_PRU.cpp
[ 625/1217] Compiling libraries/AP_RangeFinder/AP_RangeFinder.cpp
[ 626/1217] Compiling libraries/AP_RangeFinder/AP_RangeFinder_Ainstein_LR_D1.cpp
[ 627/1217] Compiling libraries/AP_RangeFinder/AP_RangeFinder_USD1_CAN.cpp
[ 628/1217] Compiling libraries/AP_RangeFinder/AP_RangeFinder_GYUS42v2.cpp
[ 629/1217] Compiling libraries/AP_RangeFinder/AP_RangeFinder_VL53L0X.cpp
[ 630/1217] Compiling libraries/AP_RangeFinder/AP_RangeFinder_VL53L1X.cpp
[ 631/1217] Compiling libraries/AP_RangeFinder/AP_RangeFinder_Benewake.cpp
[ 632/1217] Compiling libraries/AP_RangeFinder/AP_RangeFinder_Wasp.cpp
[ 633/1217] Compiling libraries/AP_RangeFinder/AP_RangeFinder_PWM.cpp
[ 634/1217] Compiling libraries/AP_RangeFinder/AP_RangeFinder_MSP.cpp
[ 635/1217] Compiling libraries/AP_RangeFinder/AP_RangeFinder_MAVLink.cpp
[ 636/1217] Compiling libraries/AP_RangeFinder/AP_RangeFinder_USD1_Serial.cpp
[ 637/1217] Compiling libraries/AP_RangeFinder/AP_RangeFinder_MaxsonarSerialLV.cpp
[ 638/1217] Compiling libraries/AP_RangeFinder/AP_RangeFinder_MaxsonarI2CXL.cpp
[ 639/1217] Compiling libraries/AP_RangeFinder/AP_RangeFinder_NMEA.cpp
[ 640/1217] Compiling libraries/AP_Relay/AP_Relay_Params.cpp
[ 641/1217] Compiling libraries/AP_RobotisServo/AP_RobotisServo.cpp
[ 642/1217] Compiling libraries/AP_SBusOut/AP_SBusOut.cpp
[ 643/1217] Compiling libraries/AP_Scheduler/PerfInfo.cpp
[ 644/1217] Compiling libraries/AP_SerialLED/AP_SerialLED.cpp
[ 645/1217] Compiling libraries/AP_SerialManager/AP_SerialManager.cpp
[ 646/1217] Compiling libraries/AP_ServoRelayEvents/AP_ServoRelayEvents.cpp
[ 647/1217] Compiling libraries/AP_SmartRTL/AP_SmartRTL.cpp
[ 648/1217] Compiling libraries/AP_Stats/AP_Stats.cpp
[ 649/1217] Compiling libraries/AP_SurfaceDistance/AP_SurfaceDistance.cpp
[ 650/1217] Compiling libraries/AP_TempCalibration/AP_TempCalibration.cpp
[ 651/1217] Compiling libraries/AP_TemperatureSensor/AP_TemperatureSensor_Analog.cpp
[ 652/1217] Compiling libraries/AP_TemperatureSensor/AP_TemperatureSensor_TSYS03.cpp
[ 653/1217] Compiling libraries/AP_TemperatureSensor/AP_TemperatureSensor_MCP9600.cpp
[ 654/1217] Compiling libraries/AP_TemperatureSensor/AP_TemperatureSensor_TSYS01.cpp
[ 655/1217] Compiling libraries/AP_TemperatureSensor/AP_TemperatureSensor_MLX90614.cpp
[ 656/1217] Compiling libraries/AP_TemperatureSensor/AP_TemperatureSensor_MAX31865.cpp
[ 657/1217] Compiling libraries/AP_TemperatureSensor/AP_TemperatureSensor_Params.cpp
[ 658/1217] Compiling libraries/AP_TemperatureSensor/AP_TemperatureSensor_Backend.cpp
[ 659/1217] Compiling libraries/AP_TemperatureSensor/AP_TemperatureSensor_DroneCAN.cpp
[ 660/1217] Compiling libraries/AP_Terrain/TerrainMission.cpp
[ 661/1217] Compiling libraries/AP_Terrain/TerrainIO.cpp
[ 662/1217] Compiling libraries/AP_Terrain/TerrainGCS.cpp
[ 663/1217] Compiling libraries/AP_Terrain/TerrainUtil.cpp
[ 664/1217] Compiling libraries/AP_Torqeedo/AP_Torqeedo.cpp
[ 665/1217] Compiling libraries/AP_Torqeedo/AP_Torqeedo_Backend.cpp
[ 666/1217] Compiling libraries/AP_Torqeedo/AP_Torqeedo_Params.cpp
[ 667/1217] Compiling libraries/AP_Torqeedo/AP_Torqeedo_TQBus.cpp
[ 668/1217] Compiling libraries/AP_Tuning/AP_Tuning.cpp
[ 669/1217] Compiling libraries/AP_Vehicle/Parameters.cpp
[ 670/1217] Compiling libraries/AP_VideoTX/AP_Tramp.cpp
[ 671/1217] Compiling libraries/AP_VideoTX/AP_SmartAudio.cpp
[ 672/1217] Compiling libraries/AP_VideoTX/AP_VideoTX.cpp
[ 673/1217] Compiling libraries/AP_VisualOdom/AP_VisualOdom.cpp
[ 674/1217] Compiling libraries/AP_VisualOdom/AP_VisualOdom_Logging.cpp
[ 675/1217] Compiling libraries/AP_VisualOdom/AP_VisualOdom_Backend.cpp
[ 676/1217] Compiling libraries/AP_VisualOdom/AP_VisualOdom_IntelT265.cpp
[ 677/1217] Compiling libraries/AP_VisualOdom/AP_VisualOdom_MAV.cpp
[ 678/1217] Compiling libraries/AP_Volz_Protocol/AP_Volz_Protocol.cpp
[ 679/1217] Compiling libraries/AP_WheelEncoder/WheelEncoder_Quadrature.cpp
[ 680/1217] Compiling libraries/AP_WheelEncoder/WheelEncoder_SITL_Quadrature.cpp
[ 681/1217] Compiling libraries/AP_WheelEncoder/WheelEncoder_Backend.cpp
[ 682/1217] Compiling libraries/AP_WheelEncoder/AP_WheelEncoder.cpp
[ 683/1217] Compiling libraries/AP_WheelEncoder/AP_WheelRateControl.cpp
[ 684/1217] Compiling libraries/AP_Winch/AP_Winch_Backend.cpp
[ 685/1217] Compiling libraries/AP_Winch/AP_Winch.cpp
[ 686/1217] Compiling libraries/AP_Winch/AP_Winch_Daiwa.cpp
[ 687/1217] Compiling libraries/AP_Winch/AP_Winch_PWM.cpp
[ 688/1217] Compiling libraries/Filter/ModeFilter.cpp
[ 689/1217] Compiling libraries/Filter/LowPassFilter.cpp
[ 690/1217] Compiling libraries/Filter/SlewCalculator2D.cpp
[ 691/1217] Compiling libraries/Filter/LowPassFilter2p.cpp
[ 692/1217] Compiling libraries/Filter/DerivativeFilter.cpp
[ 693/1217] Compiling libraries/Filter/HarmonicNotchFilter.cpp
[ 694/1217] Compiling libraries/Filter/AP_Filter.cpp
[ 695/1217] Compiling libraries/Filter/AP_Filter_params.cpp
[ 696/1217] Compiling libraries/Filter/AP_NotchFilter_params.cpp
[ 697/1217] Compiling libraries/Filter/SlewLimiter.cpp
[ 698/1217] Compiling libraries/Filter/NotchFilter.cpp
[ 699/1217] Compiling libraries/GCS_MAVLink/MissionItemProtocol_Fence.cpp
[ 700/1217] Compiling libraries/GCS_MAVLink/GCS_ServoRelay.cpp
[ 701/1217] Compiling libraries/GCS_MAVLink/MissionItemProtocol_Rally.cpp
[ 702/1217] Compiling libraries/GCS_MAVLink/MissionItemProtocol.cpp
[ 703/1217] Compiling libraries/GCS_MAVLink/GCS_FTP.cpp
[ 704/1217] Compiling libraries/GCS_MAVLink/GCS_Signing.cpp
[ 705/1217] Compiling libraries/GCS_MAVLink/GCS_serial_control.cpp
[ 706/1217] Compiling libraries/GCS_MAVLink/MAVLink_routing.cpp
[ 707/1217] Compiling libraries/GCS_MAVLink/GCS_Param.cpp
[ 708/1217] Compiling libraries/GCS_MAVLink/GCS.cpp
[ 709/1217] Compiling libraries/GCS_MAVLink/GCS_MAVLink.cpp
[ 710/1217] Compiling libraries/GCS_MAVLink/GCS_Rally.cpp
[ 711/1217] Compiling libraries/GCS_MAVLink/MissionItemProtocol_Waypoints.cpp
[ 712/1217] Compiling libraries/GCS_MAVLink/GCS_DeviceOp.cpp
[ 713/1217] Compiling libraries/RC_Channel/RC_Channels.cpp
[ 714/1217] Compiling libraries/SRV_Channel/SRV_Channel_aux.cpp
[ 715/1217] Compiling libraries/SRV_Channel/SRV_Channels.cpp
[ 716/1217] Compiling libraries/SRV_Channel/SRV_Channel.cpp
[ 717/1217] Compiling libraries/AP_HAL/utility/RCOutput_Tap.cpp
[ 718/1217] Compiling libraries/AP_HAL/Util.cpp
[ 719/1217] Compiling libraries/AP_HAL/UARTDriver.cpp
[ 720/1217] Compiling libraries/AP_HAL/utility/dsm.cpp
[ 721/1217] Compiling libraries/AP_HAL/utility/DataRateLimit.cpp
[ 722/1217] Compiling libraries/AP_HAL/system.cpp
[ 723/1217] Compiling libraries/AP_HAL/utility/Socket_native.cpp
[ 724/1217] Compiling libraries/AP_HAL/Semaphores.cpp
[ 725/1217] Compiling libraries/AP_HAL/RCOutput.cpp
[ 726/1217] Compiling libraries/AP_HAL/Scheduler.cpp
[ 727/1217] Compiling libraries/AP_HAL/GPIO.cpp
[ 728/1217] Compiling libraries/AP_HAL/utility/RCOutput_Tap_Linux.cpp
[ 729/1217] Compiling libraries/AP_HAL/utility/RingBuffer.cpp
[ 730/1217] Compiling libraries/AP_HAL/DSP.cpp
[ 731/1217] Compiling libraries/AP_HAL/Device.cpp
[ 732/1217] Compiling libraries/AP_HAL/HAL.cpp
[ 733/1217] Compiling libraries/AP_HAL/utility/getopt_cpp.cpp
[ 734/1217] Compiling libraries/AP_HAL/utility/Socket.cpp
[ 735/1217] Compiling libraries/AP_HAL/utility/packetise.cpp
[ 736/1217] Compiling libraries/AP_HAL/utility/ftoa_engine.cpp
[ 737/1217] Compiling libraries/AP_HAL/utility/print_vprintf.cpp
[ 738/1217] Compiling libraries/AP_HAL/utility/BetterStream.cpp
[ 739/1217] Compiling libraries/AP_HAL/Storage.cpp
[ 740/1217] Compiling libraries/AP_HAL/utility/sumd.cpp
[ 741/1217] Compiling libraries/AP_HAL/CANIface.cpp
[ 742/1217] Compiling libraries/AP_HAL/utility/utoa_invert.cpp
[ 743/1217] Compiling libraries/AP_HAL/utility/st24.cpp
[ 744/1217] Compiling libraries/AP_HAL/utility/replace.cpp
[ 745/1217] Compiling libraries/AP_HAL/utility/srxl.cpp
[ 746/1217] Compiling libraries/AP_HAL_Empty/RCOutput.cpp
[ 747/1217] Compiling libraries/AP_HAL_Empty/RCInput.cpp
[ 748/1217] Compiling libraries/AP_HAL_Empty/Semaphores.cpp
[ 749/1217] Compiling libraries/AP_HAL_Empty/Storage.cpp
[ 750/1217] Compiling libraries/AP_HAL_Empty/UARTDriver.cpp
[ 751/1217] Compiling libraries/AP_HAL_Empty/GPIO.cpp
[ 752/1217] Compiling libraries/AP_HAL_Empty/HAL_Empty_Class.cpp
[ 753/1217] Compiling libraries/AP_HAL_Empty/AnalogIn.cpp
[ 754/1217] Compiling libraries/AP_PiccoloCAN/piccolo_protocol/ESCDefines.c
[ 755/1217] Compiling libraries/AP_PiccoloCAN/piccolo_protocol/ECUDefines.c
[ 756/1217] Compiling libraries/AP_PiccoloCAN/piccolo_protocol/ESCPackets.c
[ 757/1217] Compiling libraries/AP_PiccoloCAN/piccolo_protocol/ServoDefines.c
[ 758/1217] Compiling libraries/AP_PiccoloCAN/piccolo_protocol/ECUPackets.c
[ 759/1217] Compiling libraries/AP_PiccoloCAN/piccolo_protocol/ECUProtocol.c
[ 760/1217] Compiling libraries/AP_PiccoloCAN/piccolo_protocol/ESCCommands.c
[ 761/1217] Compiling libraries/AP_PiccoloCAN/piccolo_protocol/scaleddecode.c
[ 762/1217] Compiling libraries/AP_PiccoloCAN/piccolo_protocol/fielddecode.c
[ 763/1217] Compiling libraries/AP_PiccoloCAN/piccolo_protocol/ServoProtocol.c
[ 764/1217] Compiling libraries/AP_PiccoloCAN/piccolo_protocol/ServoCommands.c
[ 765/1217] Compiling libraries/AP_PiccoloCAN/piccolo_protocol/ServoPackets.c
[ 766/1217] Compiling libraries/AP_PiccoloCAN/piccolo_protocol/ECUSettings.c
[ 767/1217] Compiling libraries/AP_PiccoloCAN/piccolo_protocol/scaledencode.c
[ 768/1217] Compiling libraries/AP_PiccoloCAN/piccolo_protocol/ESCVelocityProtocol.c
[ 769/1217] Compiling libraries/AP_PiccoloCAN/piccolo_protocol/fieldencode.c
[ 770/1217] Compiling libraries/AP_HAL_ChibiOS/Semaphores.cpp
[ 771/1217] Compiling libraries/AP_HAL_ChibiOS/sdcard.cpp
[ 772/1217] Compiling libraries/AP_HAL_ChibiOS/Util.cpp
[ 773/1217] Compiling libraries/AP_HAL_ChibiOS/SPIDevice.cpp
[ 774/1217] Compiling libraries/AP_HAL_ChibiOS/RCOutput_iofirmware.cpp
[ 775/1217] Compiling libraries/AP_HAL_ChibiOS/UARTDriver.cpp
[ 776/1217] Compiling libraries/AP_HAL_ChibiOS/SoftSigReaderInt.cpp
[ 777/1217] Compiling libraries/AP_HAL_ChibiOS/AnalogIn.cpp
[ 778/1217] Compiling libraries/AP_HAL_ChibiOS/DSP.cpp
[ 779/1217] Compiling libraries/AP_HAL_ChibiOS/SoftSigReader.cpp
[ 780/1217] Compiling libraries/AP_HAL_ChibiOS/I2CDevice.cpp
[ 781/1217] Compiling libraries/AP_HAL_ChibiOS/RCOutput.cpp
[ 782/1217] Compiling libraries/AP_HAL_ChibiOS/stdio.cpp
[ 783/1217] Compiling libraries/AP_HAL_ChibiOS/WSPIDevice.cpp
[ 784/1217] Compiling libraries/AP_HAL_ChibiOS/shared_dma.cpp
[ 785/1217] Compiling libraries/AP_HAL_ChibiOS/Scheduler.cpp
[ 786/1217] Compiling libraries/AP_HAL_ChibiOS/RCOutput_bdshot.cpp
[ 787/1217] Compiling libraries/AP_HAL_ChibiOS/CANFDIface.cpp
[ 788/1217] Compiling libraries/AP_HAL_ChibiOS/RCOutput_serial.cpp
[ 789/1217] Compiling libraries/AP_HAL_ChibiOS/RCInput.cpp
[ 790/1217] Compiling libraries/AP_HAL_ChibiOS/CanIface.cpp
[ 791/1217] Compiling libraries/AP_HAL_ChibiOS/Device.cpp
[ 792/1217] Compiling libraries/AP_Scripting/AP_Scripting_CANSensor.cpp
[ 793/1217] Compiling libraries/AP_Scripting/AP_Scripting_SerialDevice.cpp
[ 794/1217] Compiling libraries/AP_Scripting/AP_Scripting_SerialAccess.cpp
[ 795/1217] Compiling libraries/AP_Scripting/AP_Scripting.cpp
[ 796/1217] Compiling libraries/AP_Scripting/lua/src/lstate.c
[ 797/1217] Compiling libraries/AP_Scripting/lua/src/liolib.c
[ 798/1217] Compiling libraries/AP_Scripting/lua/src/lauxlib.c
[ 799/1217] Compiling libraries/AP_Scripting/lua/src/llex.c
[ 800/1217] Compiling libraries/AP_Scripting/lua/src/luac.c
[ 801/1217] Compiling libraries/AP_Scripting/lua/src/lparser.c
[ 802/1217] Compiling libraries/AP_Scripting/lua/src/lobject.c
[ 803/1217] Compiling libraries/AP_Scripting/lua/src/lctype.c
[ 804/1217] Compiling libraries/AP_Scripting/lua/src/ltable.c
[ 805/1217] Compiling libraries/AP_Scripting/lua/src/ltablib.c
[ 806/1217] Compiling libraries/AP_Scripting/lua/src/linit.c
[ 807/1217] Compiling libraries/AP_Scripting/lua/src/lstring.c
[ 808/1217] Compiling libraries/AP_Scripting/lua/src/lopcodes.c
[ 809/1217] Compiling libraries/AP_Scripting/lua/src/lmem.c
[ 810/1217] Compiling libraries/AP_Scripting/lua/src/lutf8lib.c
[ 811/1217] Compiling libraries/AP_Scripting/lua/src/loadlib.c
[ 812/1217] Compiling libraries/AP_Scripting/lua/src/ldblib.c
[ 813/1217] Compiling libraries/AP_Scripting/lua/src/loslib.c
[ 814/1217] Compiling libraries/AP_Scripting/lua/src/lcorolib.c
[ 815/1217] Compiling libraries/AP_Scripting/lua/src/lstrlib.c
[ 816/1217] Compiling libraries/AP_Scripting/lua/src/lzio.c
[ 817/1217] Compiling libraries/AP_Scripting/lua/src/lmathlib.c
[ 818/1217] Compiling libraries/AP_Scripting/lua/src/lfunc.c
[ 819/1217] Compiling libraries/AP_Scripting/lua/src/lua.c
[ 820/1217] Compiling libraries/AP_Scripting/lua/src/ldo.c
[ 821/1217] Compiling libraries/AP_Scripting/lua/src/lapi.c
[ 822/1217] Compiling libraries/AP_Scripting/lua/src/lbitlib.c
[ 823/1217] Compiling libraries/AP_Scripting/lua/src/ltm.c
[ 824/1217] Compiling libraries/AP_Scripting/lua/src/ldump.c
[ 825/1217] Compiling libraries/AP_Scripting/lua/src/lvm.c
[ 826/1217] Compiling libraries/AP_Scripting/lua/src/lgc.c
[ 827/1217] Compiling libraries/AP_Scripting/lua/src/ldebug.c
[ 828/1217] Compiling libraries/AP_Scripting/lua/src/lbaselib.c
[ 829/1217] Compiling libraries/AP_Scripting/lua/src/lcode.c
[ 830/1217] Compiling libraries/AP_Scripting/lua/src/lundump.c
[ 831/1217] Compiling modules/DroneCAN/libcanard/canard.c
[ 832/1217] Compiling libraries/AP_ADSB/sagetech-sdk/toVel.c
[ 833/1217] Compiling libraries/AP_ADSB/sagetech-sdk/toInt16.c
[ 834/1217] Compiling libraries/AP_ADSB/sagetech-sdk/sgEncodeGPS.c
[ 835/1217] Compiling libraries/AP_ADSB/sagetech-sdk/appendChecksum.c
[ 836/1217] Compiling libraries/AP_ADSB/sagetech-sdk/toLatLon.c
[ 837/1217] Compiling libraries/AP_ADSB/sagetech-sdk/toInt32.c
[ 838/1217] Compiling libraries/AP_ADSB/sagetech-sdk/target.c
[ 839/1217] Compiling libraries/AP_ADSB/sagetech-sdk/toHeading2.c
[ 840/1217] Compiling libraries/AP_ADSB/sagetech-sdk/uint322Buf.c
[ 841/1217] Compiling libraries/AP_ADSB/sagetech-sdk/sgDecodeInstall.c
[ 842/1217] Compiling libraries/AP_ADSB/sagetech-sdk/sgDecodeAck.c
[ 843/1217] Compiling libraries/AP_ADSB/sagetech-sdk/sgDecodeMSR.c
[ 844/1217] Compiling libraries/AP_ADSB/sagetech-sdk/charArray2Buf.c
[ 845/1217] Compiling libraries/AP_ADSB/sagetech-sdk/sgEncodeFlightId.c
[ 846/1217] Compiling libraries/AP_ADSB/sagetech-sdk/sgEncodeOperating.c
[ 847/1217] Compiling libraries/AP_ADSB/sagetech-sdk/float2Buf.c
[ 848/1217] Compiling libraries/AP_ADSB/sagetech-sdk/calcChecksum.c
[ 849/1217] Compiling libraries/AP_ADSB/sagetech-sdk/toIcao.c
[ 850/1217] Compiling libraries/AP_ADSB/sagetech-sdk/sgDecodeSVR.c
[ 851/1217] Compiling libraries/AP_ADSB/sagetech-sdk/sgEncodeDataReq.c
[ 852/1217] Compiling libraries/AP_ADSB/sagetech-sdk/uint162Buf.c
[ 853/1217] Compiling libraries/AP_ADSB/sagetech-sdk/toUint32.c
[ 854/1217] Compiling libraries/AP_ADSB/sagetech-sdk/toGS.c
[ 855/1217] Compiling libraries/AP_ADSB/sagetech-sdk/toAlt.c
[ 856/1217] Compiling libraries/AP_ADSB/sagetech-sdk/icao2Buf.c
[ 857/1217] Compiling libraries/AP_ADSB/sagetech-sdk/sgDecodeFlightId.c
[ 858/1217] Compiling libraries/AP_ADSB/sagetech-sdk/toHeading.c
[ 859/1217] Compiling libraries/AP_ADSB/sagetech-sdk/toUint16.c
[ 860/1217] Compiling libraries/AP_ADSB/sagetech-sdk/sgEncodeInstall.c
[ 861/1217] Compiling libraries/AP_ADSB/sagetech-sdk/toTOA.c
[ 862/1217] Compiling libraries/AP_ADSB/sagetech-sdk/sgEncodeTargetReq.c
[ 863/1217] Compiling libraries/AP_Airspeed/AP_Airspeed_Params.cpp
[ 864/1217] Compiling libraries/AP_Airspeed/AP_Airspeed_NMEA.cpp
[ 865/1217] Compiling libraries/AP_Airspeed/AP_Airspeed.cpp
[ 866/1217] Compiling libraries/AP_AHRS/AP_AHRS_Backend.cpp
[ 867/1217] Compiling libraries/AP_AHRS/AP_AHRS.cpp
[ 868/1217] Compiling libraries/AP_AHRS/AP_AHRS_DCM.cpp
[ 869/1217] Compiling libraries/AP_Baro/AP_Baro_SITL.cpp
[ 870/1217] Compiling libraries/AP_Baro/AP_Baro.cpp
[ 871/1217] Compiling libraries/AP_BattMonitor/AP_BattMonitor_Params.cpp
[ 872/1217] Compiling libraries/AP_BattMonitor/AP_BattMonitor.cpp
[ 873/1217] Compiling libraries/AP_BoardConfig/AP_BoardConfig.cpp
[ 874/1217] Compiling libraries/AP_HAL/SIMState.cpp
[ 875/1217] Compiling libraries/AP_InertialSensor/AP_InertialSensor.cpp
[ 876/1217] Compiling libraries/AP_Math/SCurve.cpp
[ 877/1217] Compiling libraries/AP_Mission/AP_Mission.cpp
[ 878/1217] Compiling libraries/AP_DAL/AP_DAL_Beacon.cpp
[ 879/1217] Compiling libraries/AP_DAL/AP_DAL_VisualOdom.cpp
[ 880/1217] Compiling libraries/AP_DAL/AP_DAL.cpp
[ 881/1217] Compiling libraries/AP_DAL/AP_DAL_RangeFinder.cpp
[ 882/1217] Compiling libraries/AP_NavEKF2/AP_NavEKF2.cpp
[ 883/1217] Compiling libraries/AP_NavEKF2/AP_NavEKF2_OptFlowFusion.cpp
[ 884/1217] Compiling libraries/AP_NavEKF3/AP_NavEKF3_VehicleStatus.cpp
[ 885/1217] Compiling libraries/AP_NavEKF3/AP_NavEKF3_core.cpp
[ 886/1217] Compiling libraries/AP_NavEKF3/AP_NavEKF3_Logging.cpp
[ 887/1217] Compiling libraries/AP_NavEKF3/AP_NavEKF3_RngBcnFusion.cpp
[ 888/1217] Compiling libraries/AP_NavEKF3/AP_NavEKF3_MagFusion.cpp
[ 889/1217] Compiling libraries/AP_NavEKF3/AP_NavEKF3_Control.cpp
[ 890/1217] Compiling libraries/AP_NavEKF3/AP_NavEKF3_GyroBias.cpp
[ 891/1217] Compiling libraries/AP_NavEKF3/AP_NavEKF3_Measurements.cpp
[ 892/1217] Compiling libraries/AP_NavEKF3/AP_NavEKF3_Outputs.cpp
[ 893/1217] Compiling libraries/AP_NavEKF3/AP_NavEKF3_AirDataFusion.cpp
[ 894/1217] Compiling libraries/AP_NavEKF3/AP_NavEKF3_OptFlowFusion.cpp
[ 895/1217] Compiling libraries/AP_NavEKF3/AP_NavEKF3_PosVelFusion.cpp
[ 896/1217] Compiling libraries/AP_NavEKF3/AP_NavEKF3.cpp
[ 897/1217] Compiling libraries/AP_Rally/AP_Rally.cpp
[ 898/1217] Compiling libraries/AP_Scheduler/AP_Scheduler.cpp
[ 899/1217] Compiling libraries/AP_Terrain/AP_Terrain.cpp
[ 900/1217] Compiling libraries/AP_Vehicle/AP_Vehicle.cpp
[ 901/1217] Compiling libraries/AP_Logger/LoggerMessageWriter.cpp
[ 902/1217] Compiling libraries/AP_Logger/AP_Logger_Backend.cpp
[ 903/1217] Compiling libraries/AP_Logger/AP_Logger_File.cpp
[ 904/1217] Compiling libraries/AP_Logger/AP_Logger.cpp
[ 905/1217] Compiling libraries/GCS_MAVLink/GCS_Dummy.cpp
[ 906/1217] Compiling libraries/GCS_MAVLink/GCS_Common.cpp
[ 907/1217] Compiling libraries/GCS_MAVLink/GCS_Fence.cpp
[ 908/1217] Compiling libraries/RC_Channel/RC_Channel.cpp
[ 909/1217] Compiling libraries/StorageManager/StorageManager.cpp
[ 910/1217] Compiling libraries/AP_Frsky_Telem/AP_Frsky_SPort_Passthrough.cpp
[ 911/1217] Compiling libraries/AP_IBus_Telem/AP_IBus_Telem.cpp
[ 912/1217] Compiling libraries/AP_Relay/AP_Relay.cpp
[ 913/1217] Compiling libraries/AP_RCProtocol/AP_RCProtocol_UDP.cpp
[ 914/1217] Compiling libraries/AP_RCProtocol/AP_RCProtocol.cpp
[ 915/1217] Compiling libraries/AP_RCProtocol/AP_RCProtocol_SRXL2.cpp
[ 916/1217] Compiling libraries/AP_RCProtocol/AP_RCProtocol_CRSF.cpp
[ 917/1217] Compiling libraries/AP_RCProtocol/AP_RCProtocol_FPort.cpp
[ 918/1217] Compiling libraries/AP_RCProtocol/AP_RCProtocol_FPort2.cpp
[ 919/1217] Compiling libraries/AP_RCProtocol/AP_RCProtocol_GHST.cpp
[ 920/1217] Compiling libraries/AP_BLHeli/AP_BLHeli.cpp
[ 921/1217] Compiling libraries/AP_Proximity/AP_Proximity_Utils.cpp
[ 922/1217] Compiling libraries/AC_Fence/AC_PolyFence_loader.cpp
[ 923/1217] Compiling libraries/AC_Fence/AC_Fence.cpp
[ 924/1217] Compiling libraries/AC_Avoidance/AP_OADatabase.cpp
[ 925/1217] Compiling libraries/AC_Avoidance/AP_OABendyRuler.cpp
[ 926/1217] Compiling libraries/AC_Avoidance/AC_Avoid.cpp
[ 927/1217] Compiling libraries/AP_LandingGear/AP_LandingGear.cpp
[ 928/1217] Compiling libraries/AP_OSD/AP_OSD_Screen.cpp
[ 929/1217] Compiling libraries/AP_OSD/AP_OSD_ParamScreen.cpp
[ 930/1217] Compiling libraries/AP_OSD/AP_OSD_ParamSetting.cpp
[ 931/1217] Compiling libraries/AP_Filesystem/AP_Filesystem_posix.cpp
[ 932/1217] Compiling libraries/AP_ADSB/AP_ADSB_Sagetech_MXS.cpp
[ 933/1217] Compiling libraries/AP_ADSB/AP_ADSB.cpp
[ 934/1217] Compiling libraries/AP_ESC_Telem/AP_ESC_Telem_Backend.cpp
[ 935/1217] Compiling libraries/AP_GyroFFT/AP_GyroFFT.cpp
[ 936/1217] Compiling libraries/AP_RCTelemetry/AP_RCTelemetry.cpp
[ 937/1217] Compiling libraries/AP_RCTelemetry/AP_CRSF_Telem.cpp
[ 938/1217] Compiling libraries/AP_ExternalAHRS/AP_ExternalAHRS_InertialLabs.cpp
[ 939/1217] Compiling libraries/AP_TemperatureSensor/AP_TemperatureSensor.cpp
[ 940/1217] Compiling libraries/AP_AIS/AP_AIS.cpp
[ 941/1217] Compiling libraries/AP_Arming/AP_Arming.cpp
[ 942/1217] Compiling libraries/AC_AttitudeControl/AC_WeatherVane.cpp
[ 943/1217] Compiling libraries/AC_AttitudeControl/AC_AttitudeControl.cpp
[ 944/1217] Compiling libraries/AC_AttitudeControl/AC_PosControl.cpp
[ 945/1217] Compiling libraries/AC_PrecLand/AC_PrecLand.cpp
[ 946/1217] Compiling libraries/AC_WPNav/AC_Loiter.cpp
[ 947/1217] Compiling libraries/AP_Motors/AP_Motors_Thrust_Linearization.cpp
[ 948/1217] Compiling libraries/AP_Motors/AP_MotorsTri.cpp
[ 949/1217] Compiling libraries/AP_Motors/AP_MotorsMulticopter.cpp
[ 950/1217] Compiling libraries/AP_Motors/AP_MotorsMatrix.cpp
[ 951/1217] Compiling libraries/AP_Avoidance/AP_Avoidance.cpp
[ 952/1217] Compiling libraries/AP_Follow/AP_Follow.cpp
[ 953/1217] Compiling libraries/AC_AutoTune/AC_AutoTune.cpp
[ 954/1217] Compiling libraries/AP_HAL_ChibiOS/Storage.cpp
[ 955/1217] Compiling libraries/AP_HAL_ChibiOS/system.cpp
[ 956/1217] Compiling libraries/AP_HAL_ChibiOS/HAL_ChibiOS_Class.cpp
[ 957/1217] Compiling libraries/AP_HAL_ChibiOS/GPIO.cpp
[ 958/1217] Compiling libraries/AP_Scripting/lua_bindings.cpp
[ 959/1217] Compiling libraries/AP_Scripting/AP_Scripting_helpers.cpp
[ 960/1217] Compiling libraries/AP_Scripting/lua_scripts.cpp
[ 961/1217] Compiling build/H8H32N9_A6U828N_C463OP/libraries/AP_Scripting/lua_generated_bindings.cpp
[ 962/1217] Compiling libraries/AP_Scripting/lua_boxed_numerics.cpp
[ 963/1217] Compiling build/H8H32N9_A6U828N_C463OP/modules/DroneCAN/libcanard/dsdlc_generated/src/com.himark.servo.ServoCmd.c
[ 964/1217] Compiling build/H8H32N9_A6U828N_C463OP/modules/DroneCAN/libcanard/dsdlc_generated/src/com.tmotor.esc.PUSHCAN.c
[ 965/1217] Compiling build/H8H32N9_A6U828N_C463OP/modules/DroneCAN/libcanard/dsdlc_generated/src/ardupilot.indication.SafetyState.c
[ 966/1217] Compiling build/H8H32N9_A6U828N_C463OP/modules/DroneCAN/libcanard/dsdlc_generated/src/uavcan.protocol.GetTransportStats_req.c
[ 967/1217] Compiling build/H8H32N9_A6U828N_C463OP/modules/DroneCAN/libcanard/dsdlc_generated/src/uavcan.protocol.file.EntryType.c
[ 968/1217] Compiling build/H8H32N9_A6U828N_C463OP/modules/DroneCAN/libcanard/dsdlc_generated/src/com.hobbywing.esc.StatusMsg2.c
[ 969/1217] Compiling build/H8H32N9_A6U828N_C463OP/modules/DroneCAN/libcanard/dsdlc_generated/src/uavcan.protocol.GetNodeInfo_req.c
[ 970/1217] Compiling build/H8H32N9_A6U828N_C463OP/modules/DroneCAN/libcanard/dsdlc_generated/src/mppt.OutputEnable_req.c
[ 971/1217] Compiling build/H8H32N9_A6U828N_C463OP/modules/DroneCAN/libcanard/dsdlc_generated/src/uavcan.protocol.enumeration.Begin_res.c
[ 972/1217] Compiling build/H8H32N9_A6U828N_C463OP/modules/DroneCAN/libcanard/dsdlc_generated/src/com.hobbywing.esc.SetBaud_req.c
[ 973/1217] Compiling build/H8H32N9_A6U828N_C463OP/modules/DroneCAN/libcanard/dsdlc_generated/src/cuav.equipment.power.CBAT.c
[ 974/1217] Compiling build/H8H32N9_A6U828N_C463OP/modules/DroneCAN/libcanard/dsdlc_generated/src/ardupilot.gnss.RelPosHeading.c
[ 975/1217] Compiling build/H8H32N9_A6U828N_C463OP/modules/DroneCAN/libcanard/dsdlc_generated/src/dronecan.sensors.rpm.RPM.c
[ 976/1217] Compiling build/H8H32N9_A6U828N_C463OP/modules/DroneCAN/libcanard/dsdlc_generated/src/com.tmotor.esc.ParamGet.c
[ 977/1217] Compiling build/H8H32N9_A6U828N_C463OP/modules/DroneCAN/libcanard/dsdlc_generated/src/uavcan.protocol.param.Empty.c
[ 978/1217] Compiling build/H8H32N9_A6U828N_C463OP/modules/DroneCAN/libcanard/dsdlc_generated/src/uavcan.protocol.dynamic_node_id.server.RequestVote_res.c
[ 979/1217] Compiling build/H8H32N9_A6U828N_C463OP/modules/DroneCAN/libcanard/dsdlc_generated/src/ardupilot.gnss.MovingBaselineData.c
[ 980/1217] Compiling build/H8H32N9_A6U828N_C463OP/modules/DroneCAN/libcanard/dsdlc_generated/src/com.tmotor.esc.FocCtrl.c
[ 981/1217] Compiling build/H8H32N9_A6U828N_C463OP/modules/DroneCAN/libcanard/dsdlc_generated/src/uavcan.protocol.param.ExecuteOpcode_res.c
[ 982/1217] Compiling build/H8H32N9_A6U828N_C463OP/modules/DroneCAN/libcanard/dsdlc_generated/src/uavcan.tunnel.Call_req.c
[ 983/1217] Compiling build/H8H32N9_A6U828N_C463OP/modules/DroneCAN/libcanard/dsdlc_generated/src/uavcan.protocol.param.GetSet_req.c
[ 984/1217] Compiling build/H8H32N9_A6U828N_C463OP/modules/DroneCAN/libcanard/dsdlc_generated/src/uavcan.protocol.file.GetDirectoryEntryInfo_res.c
[ 985/1217] Compiling build/H8H32N9_A6U828N_C463OP/modules/DroneCAN/libcanard/dsdlc_generated/src/dronecan.protocol.Stats.c
[ 986/1217] Compiling build/H8H32N9_A6U828N_C463OP/modules/DroneCAN/libcanard/dsdlc_generated/src/dronecan.remoteid.SelfID.c
[ 987/1217] Compiling build/H8H32N9_A6U828N_C463OP/modules/DroneCAN/libcanard/dsdlc_generated/src/dronecan.sensors.hygrometer.Hygrometer.c
[ 988/1217] Compiling build/H8H32N9_A6U828N_C463OP/modules/DroneCAN/libcanard/dsdlc_generated/src/uavcan.protocol.GetDataTypeInfo_res.c
[ 989/1217] Compiling build/H8H32N9_A6U828N_C463OP/modules/DroneCAN/libcanard/dsdlc_generated/src/mppt.Stream.c
[ 990/1217] Compiling build/H8H32N9_A6U828N_C463OP/modules/DroneCAN/libcanard/dsdlc_generated/src/com.hobbywing.esc.SetReportingFrequency_res.c
[ 991/1217] Compiling build/H8H32N9_A6U828N_C463OP/modules/DroneCAN/libcanard/dsdlc_generated/src/dronecan.remoteid.Location.c
[ 992/1217] Compiling build/H8H32N9_A6U828N_C463OP/modules/DroneCAN/libcanard/dsdlc_generated/src/uavcan.equipment.indication.RGB565.c
[ 993/1217] Compiling build/H8H32N9_A6U828N_C463OP/modules/DroneCAN/libcanard/dsdlc_generated/src/ardupilot.equipment.power.BatteryPeriodic.c
[ 994/1217] Compiling build/H8H32N9_A6U828N_C463OP/modules/DroneCAN/libcanard/dsdlc_generated/src/uavcan.protocol.file.GetDirectoryEntryInfo_req.c
[ 995/1217] Compiling build/H8H32N9_A6U828N_C463OP/modules/DroneCAN/libcanard/dsdlc_generated/src/dronecan.protocol.FlexDebug.c
[ 996/1217] Compiling build/H8H32N9_A6U828N_C463OP/modules/DroneCAN/libcanard/dsdlc_generated/src/uavcan.protocol.GetDataTypeInfo_req.c
[ 997/1217] Compiling build/H8H32N9_A6U828N_C463OP/modules/DroneCAN/libcanard/dsdlc_generated/src/dronecan.remoteid.OperatorID.c
[ 998/1217] Compiling build/H8H32N9_A6U828N_C463OP/modules/DroneCAN/libcanard/dsdlc_generated/src/dronecan.sensors.magnetometer.MagneticFieldStrengthHiRes.c
[ 999/1217] Compiling build/H8H32N9_A6U828N_C463OP/modules/DroneCAN/libcanard/dsdlc_generated/src/uavcan.protocol.dynamic_node_id.server.RequestVote_req.c
[1000/1217] Compiling build/H8H32N9_A6U828N_C463OP/modules/DroneCAN/libcanard/dsdlc_generated/src/uavcan.equipment.gnss.Auxiliary.c
[1001/1217] Compiling build/H8H32N9_A6U828N_C463OP/modules/DroneCAN/libcanard/dsdlc_generated/src/com.hobbywing.esc.SetID_res.c
[1002/1217] Compiling build/H8H32N9_A6U828N_C463OP/modules/DroneCAN/libcanard/dsdlc_generated/src/uavcan.equipment.camera_gimbal.GEOPOICommand.c
[1003/1217] Compiling build/H8H32N9_A6U828N_C463OP/modules/DroneCAN/libcanard/dsdlc_generated/src/uavcan.equipment.device.Temperature.c
[1004/1217] Compiling build/H8H32N9_A6U828N_C463OP/modules/DroneCAN/libcanard/dsdlc_generated/src/uavcan.protocol.file.GetInfo_res.c
[1005/1217] Compiling build/H8H32N9_A6U828N_C463OP/modules/DroneCAN/libcanard/dsdlc_generated/src/uavcan.equipment.camera_gimbal.AngularCommand.c
[1006/1217] Compiling build/H8H32N9_A6U828N_C463OP/modules/DroneCAN/libcanard/dsdlc_generated/src/uavcan.protocol.file.Path.c
[1007/1217] Compiling build/H8H32N9_A6U828N_C463OP/modules/DroneCAN/libcanard/dsdlc_generated/src/uavcan.equipment.esc.RPMCommand.c
[1008/1217] Compiling build/H8H32N9_A6U828N_C463OP/modules/DroneCAN/libcanard/dsdlc_generated/src/uavcan.protocol.enumeration.Indication.c
[1009/1217] Compiling build/H8H32N9_A6U828N_C463OP/modules/DroneCAN/libcanard/dsdlc_generated/src/uavcan.protocol.NodeStatus.c
[1010/1217] Compiling build/H8H32N9_A6U828N_C463OP/modules/DroneCAN/libcanard/dsdlc_generated/src/uavcan.equipment.gnss.RTCMStream.c
[1011/1217] Compiling build/H8H32N9_A6U828N_C463OP/modules/DroneCAN/libcanard/dsdlc_generated/src/uavcan.equipment.gnss.Fix.c
[1012/1217] Compiling build/H8H32N9_A6U828N_C463OP/modules/DroneCAN/libcanard/dsdlc_generated/src/uavcan.equipment.esc.RawCommand.c
[1013/1217] Compiling build/H8H32N9_A6U828N_C463OP/modules/DroneCAN/libcanard/dsdlc_generated/src/uavcan.equipment.range_sensor.Measurement.c
[1014/1217] Compiling build/H8H32N9_A6U828N_C463OP/modules/DroneCAN/libcanard/dsdlc_generated/src/uavcan.protocol.GetNodeInfo_res.c
[1015/1217] Compiling build/H8H32N9_A6U828N_C463OP/modules/DroneCAN/libcanard/dsdlc_generated/src/uavcan.protocol.file.Delete_req.c
[1016/1217] Compiling build/H8H32N9_A6U828N_C463OP/modules/DroneCAN/libcanard/dsdlc_generated/src/uavcan.protocol.Panic.c
[1017/1217] Compiling build/H8H32N9_A6U828N_C463OP/modules/DroneCAN/libcanard/dsdlc_generated/src/dronecan.remoteid.ArmStatus.c
[1018/1217] Compiling build/H8H32N9_A6U828N_C463OP/modules/DroneCAN/libcanard/dsdlc_generated/src/uavcan.equipment.actuator.Status.c
[1019/1217] Compiling build/H8H32N9_A6U828N_C463OP/modules/DroneCAN/libcanard/dsdlc_generated/src/uavcan.protocol.debug.LogLevel.c
[1020/1217] Compiling build/H8H32N9_A6U828N_C463OP/modules/DroneCAN/libcanard/dsdlc_generated/src/dronecan.remoteid.SecureCommand_req.c
[1021/1217] Compiling build/H8H32N9_A6U828N_C463OP/modules/DroneCAN/libcanard/dsdlc_generated/src/com.xacti.CopterAttStatus.c
[1022/1217] Compiling build/H8H32N9_A6U828N_C463OP/modules/DroneCAN/libcanard/dsdlc_generated/src/com.hobbywing.esc.GetMajorConfig_res.c
[1023/1217] Compiling build/H8H32N9_A6U828N_C463OP/modules/DroneCAN/libcanard/dsdlc_generated/src/uavcan.Timestamp.c
[1024/1217] Compiling build/H8H32N9_A6U828N_C463OP/modules/DroneCAN/libcanard/dsdlc_generated/src/uavcan.equipment.ahrs.RawIMU.c
[1025/1217] Compiling build/H8H32N9_A6U828N_C463OP/modules/DroneCAN/libcanard/dsdlc_generated/src/ardupilot.equipment.power.BatteryInfoAux.c
[1026/1217] Compiling build/H8H32N9_A6U828N_C463OP/modules/DroneCAN/libcanard/dsdlc_generated/src/uavcan.tunnel.SerialConfig.c
[1027/1217] Compiling build/H8H32N9_A6U828N_C463OP/modules/DroneCAN/libcanard/dsdlc_generated/src/uavcan.protocol.SoftwareVersion.c
[1028/1217] Compiling build/H8H32N9_A6U828N_C463OP/modules/DroneCAN/libcanard/dsdlc_generated/src/com.hobbywing.esc.SetAngle_res.c
[1029/1217] Compiling build/H8H32N9_A6U828N_C463OP/modules/DroneCAN/libcanard/dsdlc_generated/src/uavcan.protocol.debug.LogMessage.c
[1030/1217] Compiling build/H8H32N9_A6U828N_C463OP/modules/DroneCAN/libcanard/dsdlc_generated/src/uavcan.equipment.actuator.ArrayCommand.c
[1031/1217] Compiling build/H8H32N9_A6U828N_C463OP/modules/DroneCAN/libcanard/dsdlc_generated/src/com.hobbywing.esc.SetBaud_res.c
[1032/1217] Compiling build/H8H32N9_A6U828N_C463OP/modules/DroneCAN/libcanard/dsdlc_generated/src/ardupilot.equipment.power.BatteryCells.c
[1033/1217] Compiling build/H8H32N9_A6U828N_C463OP/modules/DroneCAN/libcanard/dsdlc_generated/src/uavcan.equipment.power.PrimaryPowerSupplyStatus.c
[1034/1217] Compiling build/H8H32N9_A6U828N_C463OP/modules/DroneCAN/libcanard/dsdlc_generated/src/uavcan.protocol.file.Read_req.c
[1035/1217] Compiling build/H8H32N9_A6U828N_C463OP/modules/DroneCAN/libcanard/dsdlc_generated/src/uavcan.protocol.file.Write_res.c
[1036/1217] Compiling build/H8H32N9_A6U828N_C463OP/modules/DroneCAN/libcanard/dsdlc_generated/src/uavcan.protocol.dynamic_node_id.server.Discovery.c
[1037/1217] Compiling build/H8H32N9_A6U828N_C463OP/modules/DroneCAN/libcanard/dsdlc_generated/src/uavcan.equipment.air_data.AngleOfAttack.c
[1038/1217] Compiling build/H8H32N9_A6U828N_C463OP/modules/DroneCAN/libcanard/dsdlc_generated/src/uavcan.protocol.file.Write_req.c
[1039/1217] Compiling build/H8H32N9_A6U828N_C463OP/modules/DroneCAN/libcanard/dsdlc_generated/src/uavcan.protocol.enumeration.Begin_req.c
[1040/1217] Compiling build/H8H32N9_A6U828N_C463OP/modules/DroneCAN/libcanard/dsdlc_generated/src/uavcan.tunnel.Targetted.c
[1041/1217] Compiling build/H8H32N9_A6U828N_C463OP/modules/DroneCAN/libcanard/dsdlc_generated/src/uavcan.equipment.indication.SingleLightCommand.c
[1042/1217] Compiling build/H8H32N9_A6U828N_C463OP/modules/DroneCAN/libcanard/dsdlc_generated/src/uavcan.equipment.indication.LightsCommand.c
[1043/1217] Compiling build/H8H32N9_A6U828N_C463OP/modules/DroneCAN/libcanard/dsdlc_generated/src/uavcan.equipment.esc.Status.c
[1044/1217] Compiling build/H8H32N9_A6U828N_C463OP/modules/DroneCAN/libcanard/dsdlc_generated/src/uavcan.equipment.air_data.IndicatedAirspeed.c
[1045/1217] Compiling build/H8H32N9_A6U828N_C463OP/modules/DroneCAN/libcanard/dsdlc_generated/src/uavcan.equipment.ahrs.MagneticFieldStrength2.c
[1046/1217] Compiling build/H8H32N9_A6U828N_C463OP/modules/DroneCAN/libcanard/dsdlc_generated/src/ardupilot.equipment.proximity_sensor.Proximity.c
[1047/1217] Compiling build/H8H32N9_A6U828N_C463OP/modules/DroneCAN/libcanard/dsdlc_generated/src/uavcan.protocol.param.Value.c
[1048/1217] Compiling build/H8H32N9_A6U828N_C463OP/modules/DroneCAN/libcanard/dsdlc_generated/src/ardupilot.gnss.Heading.c
[1049/1217] Compiling build/H8H32N9_A6U828N_C463OP/modules/DroneCAN/libcanard/dsdlc_generated/src/uavcan.protocol.RestartNode_res.c
[1050/1217] Compiling build/H8H32N9_A6U828N_C463OP/modules/DroneCAN/libcanard/dsdlc_generated/src/uavcan.equipment.camera_gimbal.Status.c
[1051/1217] Compiling build/H8H32N9_A6U828N_C463OP/modules/DroneCAN/libcanard/dsdlc_generated/src/com.hobbywing.esc.SetAngle_req.c
[1052/1217] Compiling build/H8H32N9_A6U828N_C463OP/modules/DroneCAN/libcanard/dsdlc_generated/src/uavcan.protocol.dynamic_node_id.server.AppendEntries_res.c
[1053/1217] Compiling build/H8H32N9_A6U828N_C463OP/modules/DroneCAN/libcanard/dsdlc_generated/src/dronecan.sensors.rc.RCInput.c
[1054/1217] Compiling build/H8H32N9_A6U828N_C463OP/modules/DroneCAN/libcanard/dsdlc_generated/src/uavcan.equipment.air_data.RawAirData.c
[1055/1217] Compiling build/H8H32N9_A6U828N_C463OP/modules/DroneCAN/libcanard/dsdlc_generated/src/uavcan.CoarseOrientation.c
[1056/1217] Compiling build/H8H32N9_A6U828N_C463OP/modules/DroneCAN/libcanard/dsdlc_generated/src/uavcan.equipment.power.CircuitStatus.c
[1057/1217] Compiling build/H8H32N9_A6U828N_C463OP/modules/DroneCAN/libcanard/dsdlc_generated/src/com.hobbywing.esc.SetReportingFrequency_req.c
[1058/1217] Compiling build/H8H32N9_A6U828N_C463OP/modules/DroneCAN/libcanard/dsdlc_generated/src/uavcan.protocol.param.NumericValue.c
[1059/1217] Compiling build/H8H32N9_A6U828N_C463OP/modules/DroneCAN/libcanard/dsdlc_generated/src/uavcan.protocol.debug.KeyValue.c
[1060/1217] Compiling build/H8H32N9_A6U828N_C463OP/modules/DroneCAN/libcanard/dsdlc_generated/src/uavcan.equipment.air_data.StaticPressure.c
[1061/1217] Compiling build/H8H32N9_A6U828N_C463OP/modules/DroneCAN/libcanard/dsdlc_generated/src/com.hobbywing.esc.StatusMsg1.c
[1062/1217] Compiling build/H8H32N9_A6U828N_C463OP/modules/DroneCAN/libcanard/dsdlc_generated/src/uavcan.protocol.HardwareVersion.c
[1063/1217] Compiling build/H8H32N9_A6U828N_C463OP/modules/DroneCAN/libcanard/dsdlc_generated/src/uavcan.protocol.GlobalTimeSync.c
[1064/1217] Compiling build/H8H32N9_A6U828N_C463OP/modules/DroneCAN/libcanard/dsdlc_generated/src/uavcan.equipment.hardpoint.Status.c
[1065/1217] Compiling build/H8H32N9_A6U828N_C463OP/modules/DroneCAN/libcanard/dsdlc_generated/src/com.hobbywing.esc.SetThrottleSource_req.c
[1066/1217] Compiling build/H8H32N9_A6U828N_C463OP/modules/DroneCAN/libcanard/dsdlc_generated/src/uavcan.tunnel.Protocol.c
[1067/1217] Compiling build/H8H32N9_A6U828N_C463OP/modules/DroneCAN/libcanard/dsdlc_generated/src/uavcan.equipment.safety.ArmingStatus.c
[1068/1217] Compiling build/H8H32N9_A6U828N_C463OP/modules/DroneCAN/libcanard/dsdlc_generated/src/uavcan.equipment.ahrs.Solution.c
[1069/1217] Compiling build/H8H32N9_A6U828N_C463OP/modules/DroneCAN/libcanard/dsdlc_generated/src/com.xacti.GnssStatus.c
[1070/1217] Compiling build/H8H32N9_A6U828N_C463OP/modules/DroneCAN/libcanard/dsdlc_generated/src/uavcan.equipment.actuator.Command.c
[1071/1217] Compiling build/H8H32N9_A6U828N_C463OP/modules/DroneCAN/libcanard/dsdlc_generated/src/uavcan.protocol.AccessCommandShell_req.c
[1072/1217] Compiling build/H8H32N9_A6U828N_C463OP/modules/DroneCAN/libcanard/dsdlc_generated/src/uavcan.equipment.ice.FuelTankStatus.c
[1073/1217] Compiling build/H8H32N9_A6U828N_C463OP/modules/DroneCAN/libcanard/dsdlc_generated/src/uavcan.equipment.ahrs.MagneticFieldStrength.c
[1074/1217] Compiling build/H8H32N9_A6U828N_C463OP/modules/DroneCAN/libcanard/dsdlc_generated/src/uavcan.protocol.DataTypeKind.c
[1075/1217] Compiling build/H8H32N9_A6U828N_C463OP/modules/DroneCAN/libcanard/dsdlc_generated/src/uavcan.tunnel.Call_res.c
[1076/1217] Compiling build/H8H32N9_A6U828N_C463OP/modules/DroneCAN/libcanard/dsdlc_generated/src/uavcan.equipment.ice.reciprocating.CylinderStatus.c
[1077/1217] Compiling build/H8H32N9_A6U828N_C463OP/modules/DroneCAN/libcanard/dsdlc_generated/src/uavcan.protocol.CANIfaceStats.c
[1078/1217] Compiling build/H8H32N9_A6U828N_C463OP/modules/DroneCAN/libcanard/dsdlc_generated/src/uavcan.equipment.indication.BeepCommand.c
[1079/1217] Compiling build/H8H32N9_A6U828N_C463OP/modules/DroneCAN/libcanard/dsdlc_generated/src/com.hobbywing.esc.SelfTest_res.c
[1080/1217] Compiling build/H8H32N9_A6U828N_C463OP/modules/DroneCAN/libcanard/dsdlc_generated/src/uavcan.equipment.hardpoint.Command.c
[1081/1217] Compiling build/H8H32N9_A6U828N_C463OP/modules/DroneCAN/libcanard/dsdlc_generated/src/com.hobbywing.esc.SetDirection_req.c
[1082/1217] Compiling build/H8H32N9_A6U828N_C463OP/modules/DroneCAN/libcanard/dsdlc_generated/src/uavcan.navigation.GlobalNavigationSolution.c
[1083/1217] Compiling build/H8H32N9_A6U828N_C463OP/modules/DroneCAN/libcanard/dsdlc_generated/src/uavcan.equipment.power.BatteryInfo.c
[1084/1217] Compiling build/H8H32N9_A6U828N_C463OP/modules/DroneCAN/libcanard/dsdlc_generated/src/uavcan.protocol.param.ExecuteOpcode_req.c
[1085/1217] Compiling build/H8H32N9_A6U828N_C463OP/modules/DroneCAN/libcanard/dsdlc_generated/src/uavcan.protocol.param.GetSet_res.c
[1086/1217] Compiling build/H8H32N9_A6U828N_C463OP/modules/DroneCAN/libcanard/dsdlc_generated/src/com.hobbywing.esc.SetID_req.c
[1087/1217] Compiling build/H8H32N9_A6U828N_C463OP/modules/DroneCAN/libcanard/dsdlc_generated/src/uavcan.protocol.file.Delete_res.c
[1088/1217] Compiling build/H8H32N9_A6U828N_C463OP/modules/DroneCAN/libcanard/dsdlc_generated/src/uavcan.equipment.air_data.Sideslip.c
[1089/1217] Compiling build/H8H32N9_A6U828N_C463OP/modules/DroneCAN/libcanard/dsdlc_generated/src/uavcan.protocol.GetTransportStats_res.c
[1090/1217] Compiling build/H8H32N9_A6U828N_C463OP/modules/DroneCAN/libcanard/dsdlc_generated/src/uavcan.protocol.AccessCommandShell_res.c
[1091/1217] Compiling build/H8H32N9_A6U828N_C463OP/modules/DroneCAN/libcanard/dsdlc_generated/src/uavcan.equipment.gnss.Fix2.c
[1092/1217] Compiling build/H8H32N9_A6U828N_C463OP/modules/DroneCAN/libcanard/dsdlc_generated/src/uavcan.equipment.gnss.ECEFPositionVelocity.c
[1093/1217] Compiling build/H8H32N9_A6U828N_C463OP/modules/DroneCAN/libcanard/dsdlc_generated/src/uavcan.equipment.air_data.StaticTemperature.c
[1094/1217] Compiling build/H8H32N9_A6U828N_C463OP/modules/DroneCAN/libcanard/dsdlc_generated/src/dronecan.remoteid.SecureCommand_res.c
[1095/1217] Compiling build/H8H32N9_A6U828N_C463OP/modules/DroneCAN/libcanard/dsdlc_generated/src/uavcan.equipment.air_data.TrueAirspeed.c
[1096/1217] Compiling build/H8H32N9_A6U828N_C463OP/modules/DroneCAN/libcanard/dsdlc_generated/src/uavcan.protocol.file.Read_res.c
[1097/1217] Compiling build/H8H32N9_A6U828N_C463OP/modules/DroneCAN/libcanard/dsdlc_generated/src/dronecan.protocol.CanStats.c
[1098/1217] Compiling build/H8H32N9_A6U828N_C463OP/modules/DroneCAN/libcanard/dsdlc_generated/src/com.hobbywing.esc.GetMaintenanceInformation_req.c
[1099/1217] Compiling build/H8H32N9_A6U828N_C463OP/modules/DroneCAN/libcanard/dsdlc_generated/src/com.xacti.GnssStatusReq.c
[1100/1217] Compiling build/H8H32N9_A6U828N_C463OP/modules/DroneCAN/libcanard/dsdlc_generated/src/uavcan.equipment.ice.reciprocating.Status.c
[1101/1217] Compiling build/H8H32N9_A6U828N_C463OP/modules/DroneCAN/libcanard/dsdlc_generated/src/com.hobbywing.esc.GetMajorConfig_req.c
[1102/1217] Compiling build/H8H32N9_A6U828N_C463OP/modules/DroneCAN/libcanard/dsdlc_generated/src/ardupilot.gnss.Status.c
[1103/1217] Compiling build/H8H32N9_A6U828N_C463OP/modules/DroneCAN/libcanard/dsdlc_generated/src/com.tmotor.esc.PUSHSCI.c
[1104/1217] Compiling build/H8H32N9_A6U828N_C463OP/modules/DroneCAN/libcanard/dsdlc_generated/src/uavcan.tunnel.Broadcast.c
[1105/1217] Compiling build/H8H32N9_A6U828N_C463OP/modules/DroneCAN/libcanard/dsdlc_generated/src/ardupilot.indication.Button.c
[1106/1217] Compiling build/H8H32N9_A6U828N_C463OP/modules/DroneCAN/libcanard/dsdlc_generated/src/com.hobbywing.esc.SetThrottleSource_res.c
[1107/1217] Compiling build/H8H32N9_A6U828N_C463OP/modules/DroneCAN/libcanard/dsdlc_generated/src/com.hobbywing.esc.SetDirection_res.c
[1108/1217] Compiling build/H8H32N9_A6U828N_C463OP/modules/DroneCAN/libcanard/dsdlc_generated/src/uavcan.protocol.dynamic_node_id.server.AppendEntries_req.c
[1109/1217] Compiling build/H8H32N9_A6U828N_C463OP/modules/DroneCAN/libcanard/dsdlc_generated/src/com.hobbywing.esc.GetMaintenanceInformation_res.c
[1110/1217] Compiling build/H8H32N9_A6U828N_C463OP/modules/DroneCAN/libcanard/dsdlc_generated/src/uavcan.equipment.camera_gimbal.Mode.c
[1111/1217] Compiling build/H8H32N9_A6U828N_C463OP/modules/DroneCAN/libcanard/dsdlc_generated/src/com.tmotor.esc.ParamCfg.c
[1112/1217] Compiling build/H8H32N9_A6U828N_C463OP/modules/DroneCAN/libcanard/dsdlc_generated/src/com.himark.servo.ServoInfo.c
[1113/1217] Compiling build/H8H32N9_A6U828N_C463OP/modules/DroneCAN/libcanard/dsdlc_generated/src/uavcan.protocol.dynamic_node_id.Allocation.c
[1114/1217] Compiling build/H8H32N9_A6U828N_C463OP/modules/DroneCAN/libcanard/dsdlc_generated/src/dronecan.remoteid.System.c
[1115/1217] Compiling build/H8H32N9_A6U828N_C463OP/modules/DroneCAN/libcanard/dsdlc_generated/src/ardupilot.equipment.power.BatteryContinuous.c
[1116/1217] Compiling build/H8H32N9_A6U828N_C463OP/modules/DroneCAN/libcanard/dsdlc_generated/src/dronecan.remoteid.BasicID.c
[1117/1217] Compiling build/H8H32N9_A6U828N_C463OP/modules/DroneCAN/libcanard/dsdlc_generated/src/uavcan.protocol.file.BeginFirmwareUpdate_req.c
[1118/1217] Compiling build/H8H32N9_A6U828N_C463OP/modules/DroneCAN/libcanard/dsdlc_generated/src/com.hobbywing.esc.RawCommand.c
[1119/1217] Compiling build/H8H32N9_A6U828N_C463OP/modules/DroneCAN/libcanard/dsdlc_generated/src/com.volz.servo.ActuatorStatus.c
[1120/1217] Compiling build/H8H32N9_A6U828N_C463OP/modules/DroneCAN/libcanard/dsdlc_generated/src/uavcan.protocol.file.Error.c
[1121/1217] Compiling build/H8H32N9_A6U828N_C463OP/modules/DroneCAN/libcanard/dsdlc_generated/src/com.hex.equipment.flow.Measurement.c
[1122/1217] Compiling build/H8H32N9_A6U828N_C463OP/modules/DroneCAN/libcanard/dsdlc_generated/src/uavcan.protocol.file.GetInfo_req.c
[1123/1217] Compiling build/H8H32N9_A6U828N_C463OP/modules/DroneCAN/libcanard/dsdlc_generated/src/com.hobbywing.esc.SetLED_res.c
[1124/1217] Compiling build/H8H32N9_A6U828N_C463OP/modules/DroneCAN/libcanard/dsdlc_generated/src/ardupilot.indication.NotifyState.c
[1125/1217] Compiling build/H8H32N9_A6U828N_C463OP/modules/DroneCAN/libcanard/dsdlc_generated/src/uavcan.equipment.esc.StatusExtended.c
[1126/1217] Compiling build/H8H32N9_A6U828N_C463OP/modules/DroneCAN/libcanard/dsdlc_generated/src/mppt.OutputEnable_res.c
[1127/1217] Compiling build/H8H32N9_A6U828N_C463OP/modules/DroneCAN/libcanard/dsdlc_generated/src/uavcan.protocol.dynamic_node_id.server.Entry.c
[1128/1217] Compiling build/H8H32N9_A6U828N_C463OP/modules/DroneCAN/libcanard/dsdlc_generated/src/com.hobbywing.esc.GetEscID.c
[1129/1217] Compiling build/H8H32N9_A6U828N_C463OP/modules/DroneCAN/libcanard/dsdlc_generated/src/com.xacti.GimbalAttitudeStatus.c
[1130/1217] Compiling build/H8H32N9_A6U828N_C463OP/modules/DroneCAN/libcanard/dsdlc_generated/src/com.hobbywing.esc.SelfTest_req.c
[1131/1217] Compiling build/H8H32N9_A6U828N_C463OP/modules/DroneCAN/libcanard/dsdlc_generated/src/uavcan.protocol.RestartNode_req.c
[1132/1217] Compiling build/H8H32N9_A6U828N_C463OP/modules/DroneCAN/libcanard/dsdlc_generated/src/com.hobbywing.esc.StatusMsg3.c
[1133/1217] Compiling build/H8H32N9_A6U828N_C463OP/modules/DroneCAN/libcanard/dsdlc_generated/src/uavcan.protocol.file.BeginFirmwareUpdate_res.c
[1134/1217] Compiling build/H8H32N9_A6U828N_C463OP/modules/DroneCAN/libcanard/dsdlc_generated/src/ardupilot.equipment.trafficmonitor.TrafficReport.c
[1135/1217] Compiling build/H8H32N9_A6U828N_C463OP/modules/DroneCAN/libcanard/dsdlc_generated/src/com.hobbywing.esc.SetLED_req.c
[1136/1217] Compiling build/H8H32N9_A6U828N_C463OP/modules/DroneCAN/libcanard/dsdlc_generated/src/com.xacti.GimbalControlData.c
[1137/1217] Compiling ArduCopter/toy_mode.cpp
[1138/1217] Compiling ArduCopter/mode_acro_heli.cpp
[1139/1217] Compiling ArduCopter/events.cpp
[1140/1217] Compiling ArduCopter/UserCode.cpp
[1141/1217] Compiling ArduCopter/takeoff.cpp
[1142/1217] Compiling ArduCopter/compassmot.cpp
[1143/1217] Compiling ArduCopter/mode_autotune.cpp
[1144/1217] Compiling ArduCopter/mode_guided.cpp
[1145/1217] Compiling ArduCopter/landing_gear.cpp
[1146/1217] Compiling ArduCopter/UserParameters.cpp
[1147/1217] Compiling ArduCopter/esc_calibration.cpp
[1148/1217] Compiling ArduCopter/mode_zigzag.cpp
[1149/1217] Compiling ArduCopter/mode_althold.cpp
[1150/1217] Compiling ArduCopter/mode_stabilize.cpp
[1151/1217] Compiling ArduCopter/mode_follow.cpp
[1152/1217] Compiling ArduCopter/GCS_Copter.cpp
[1153/1217] Compiling ArduCopter/mode_flowhold.cpp
[1154/1217] Compiling ArduCopter/avoidance_adsb.cpp
[1155/1217] Compiling ArduCopter/system.cpp
[1156/1217] Compiling ArduCopter/mode_avoid_adsb.cpp
[1157/1217] Compiling ArduCopter/terrain.cpp
[1158/1217] Compiling ArduCopter/mode_loiter.cpp
[1159/1217] Compiling ArduCopter/radio.cpp
[1160/1217] Compiling ArduCopter/GCS_Mavlink.cpp
[1161/1217] Compiling ArduCopter/commands.cpp
[1162/1217] Linking build/H8H32N9_A6U828N_C463OP/lib/libArduCopter_libs.a
[1163/1217] Compiling ArduCopter/mode_autorotate.cpp
[1164/1217] Compiling ArduCopter/land_detector.cpp
[1165/1217] Compiling ArduCopter/mode_throw.cpp
[1166/1217] Compiling ArduCopter/autoyaw.cpp
[1167/1217] Compiling ArduCopter/baro_ground_effect.cpp
[1168/1217] Compiling ArduCopter/AP_State.cpp
[1169/1217] Compiling ArduCopter/standby.cpp
[1170/1217] Compiling ArduCopter/mode_turtle.cpp
[1171/1217] Compiling ArduCopter/mode.cpp
[1172/1217] Compiling ArduCopter/Parameters.cpp
[1173/1217] Compiling ArduCopter/afs_copter.cpp
[1174/1217] Compiling ArduCopter/crash_check.cpp
[1175/1217] Compiling ArduCopter/mode_land.cpp
[1176/1217] Compiling ArduCopter/precision_landing.cpp
[1177/1217] Compiling ArduCopter/AP_ExternalControl_Copter.cpp
[1178/1217] Compiling ArduCopter/mode_stabilize_heli.cpp
[1179/1217] Compiling ArduCopter/mode_poshold.cpp
[1180/1217] Compiling ArduCopter/inertia.cpp
[1181/1217] Compiling ArduCopter/mode_smart_rtl.cpp
[1182/1217] Compiling ArduCopter/sensors.cpp
[1183/1217] Compiling ArduCopter/motors.cpp
[1184/1217] Compiling ArduCopter/AP_Arming.cpp
[1185/1217] Compiling ArduCopter/ekf_check.cpp
[1186/1217] Compiling ArduCopter/mode_rtl.cpp
[1187/1217] Compiling ArduCopter/AP_Rally.cpp
[1188/1217] Compiling ArduCopter/mode_systemid.cpp
[1189/1217] Compiling ArduCopter/surface_tracking.cpp
[1190/1217] Compiling ArduCopter/navigation.cpp
[1191/1217] Compiling ArduCopter/fence.cpp
[1192/1217] Compiling ArduCopter/Copter.cpp
[1193/1217] Compiling ArduCopter/heli.cpp
[1194/1217] Compiling ArduCopter/motor_test.cpp
[1195/1217] Compiling ArduCopter/failsafe.cpp
[1196/1217] Compiling ArduCopter/tuning.cpp
[1197/1217] Compiling ArduCopter/Attitude.cpp
[1198/1217] Compiling ArduCopter/mode_guided_nogps.cpp
[1199/1217] Compiling ArduCopter/mode_circle.cpp
[1200/1217] Compiling ArduCopter/mode_auto.cpp
[1201/1217] Compiling ArduCopter/mode_sport.cpp
[1202/1217] Compiling ArduCopter/mode_flip.cpp
[1203/1217] Compiling ArduCopter/avoidance.cpp
[1204/1217] Compiling ArduCopter/takeoff_check.cpp
[1205/1217] Compiling ArduCopter/mode_drift.cpp
[1206/1217] Compiling ArduCopter/mode_acro.cpp
[1207/1217] Compiling ArduCopter/Log.cpp
[1208/1217] Compiling ArduCopter/mode_brake.cpp
[1209/1217] Compiling ArduCopter/RC_Channel.cpp
[1210/1217] Linking build/H8H32N9_A6U828N_C463OP/bin/arducopter
[1211/1217] Generating bin/arducopter.bin
[1212/1217] checking symbols build/H8H32N9_A6U828N_C463OP/bin/arducopter
[1213/1217] app_descriptor set_app_descriptor: build/H8H32N9_A6U828N_C463OP/bin/arducopter build/H8H32N9_A6U828N_C463OP/bin/arducopter.bin
Applying APP_DESCRIPTOR 94f5d66fa8ba8112
Applying APP_DESCRIPTOR 94f5d66fa8ba8112 to elf
[1214/1217] apj_gen build/H8H32N9_A6U828N_C463OP/bin/arducopter.bin
[1215/1217] bin cleanup build/H8H32N9_A6U828N_C463OP/bin/arducopter.bin
[1216/1217] Generating bin/arducopter.abin
[1217/1217] Generating bin/arducopter_with_bl.hex
githash 5169af900952dedd83e8f6e5a6a65114b97f8273 md5 0dce58a181e395165004f2c6d4f63274
Created bin/arducopter.abin

Waf: Leaving directory `/home/blacksquare/ardupilot/build/H8H32N9_A6U828N_C463OP'

BUILD SUMMARY
Build directory: /home/blacksquare/ardupilot/build/H8H32N9_A6U828N_C463OP
Target          Text (B)  Data (B)  BSS (B)  Total Flash Used (B)  Free Flash (B)  External Flash Used (B)
----------------------------------------------------------------------------------------------------------
bin/arducopter   1887552      4164   258128               1891716           74356  Not Applicable         
'copter' finished successfully (2m29.870s)
--- Copying outputs ---
Done: H8H32N9_A6U828N_C463OP

================================================================
  All builds complete. Output files:
================================================================
total 18M
-rw-rw-r-- 1 blacksquare blacksquare 1.7M Apr 22 05:31 H4H32N9_A6U828N_C463OP.apj
-rwxrwxr-x 1 blacksquare blacksquare 1.9M Apr 22 05:31 H4H32N9_A6U828N_C463OP.bin
-rwxrwxr-x 1 blacksquare blacksquare  40K Apr 22 05:31 H4H32N9_A6U828N_C463OP_bl.bin
-rw-rw-r-- 1 blacksquare blacksquare 110K Apr 22 05:31 H4H32N9_A6U828N_C463OP_bl.hex
-rw-rw-r-- 1 blacksquare blacksquare 5.4M Apr 22 05:31 H4H32N9_A6U828N_C463OP_with_bl.hex
-rw-rw-r-- 1 blacksquare blacksquare 1.7M Apr 22 05:33 H8H32N9_A6U828N_C463OP.apj
-rwxrwxr-x 1 blacksquare blacksquare 1.9M Apr 22 05:33 H8H32N9_A6U828N_C463OP.bin
-rwxrwxr-x 1 blacksquare blacksquare  40K Apr 22 05:33 H8H32N9_A6U828N_C463OP_bl.bin
-rw-rw-r-- 1 blacksquare blacksquare 110K Apr 22 05:33 H8H32N9_A6U828N_C463OP_bl.hex
-rw-rw-r-- 1 blacksquare blacksquare 5.4M Apr 22 05:33 H8H32N9_A6U828N_C463OP_with_bl.hex
