:020000040800F2
:1000000000060020E1020008E3020008E302000805
:10001000E3020008E3020008E3020008E30200082C
:10002000E3020008E3020008E3020008217A000866
:10003000E3020008E3020008E3020008E30200080C
:10004000E3020008E3020008E3020008E3020008FC
:10005000E3020008E3020008F18800081D89000897
:100060004989000875890008A18900080D49000820
:1000700035490008614900088D490008B949000860
:10008000E14900080D4A0008E3020008E302000805
:10009000E3020008E3020008E3020008CD8900083B
:1000A000E3020008E3020008E3020008E30200089C
:1000B000E3020008E3020008E3020008E30200088C
:1000C000E3020008E3020008E3020008E30200087C
:1000D000E3020008E3020008B98A0008CD8A00089C
:1000E000318A0008E3020008E3020008E302000886
:1000F000E3020008E3020008E3020008394A0008AE
:10010000E3020008A58A0008F58A0008E302000857
:10011000E3020008E3020008E3020008E30200082B
:10012000654A00088D4A0008B94A0008E54A0008F7
:10013000114B0008E3020008E3020008E302000894
:10014000E3020008E3020008E3020008E3020008FB
:10015000394B0008654B0008914B0008E30200088A
:10016000E3020008E3020008E3020008E3020008DB
:10017000E3020008E1850008E3020008E30200084A
:10018000E3020008E3020008E18A0008E302000835
:10019000E3020008E3020008E3020008E3020008AB
:1001A000E3020008E3020008E3020008E30200089B
:1001B000E3020008E3020008E3020008E30200088B
:1001C000E3020008E3020008E3020008E30200087B
:1001D000E3020008CD850008E3020008E3020008FE
:1001E000E3020008E3020008E3020008E30200085B
:1001F000E3020008E3020008E3020008E30200084B
:10020000E3020008E3020008E3020008E30200083A
:10021000E3020008E3020008E3020008E30200082A
:10022000E3020008E3020008E3020008E30200081A
:10023000E3020008E3020008E3020008E30200080A
:10024000E3020008E3020008E3020008E3020008FA
:10025000E3020008E3020008E3020008E3020008EA
:10026000E3020008E3020008E3020008E3020008DA
:10027000E3020008E3020008E3020008E3020008CA
:10028000E3020008E3020008E3020008E3020008BA
:10029000E3020008E3020008E3020008E3020008AA
:1002A000E3020008E3020008E3020008E30200089A
:1002B000E3020008E3020008E3020008E30200088A
:1002C000E3020008E3020008E3020008E30200087A
:1002D000E3020008E3020008E3020008E30200086A
:1002E00002E000F000F8FEE772B6374880F30888B5
:1002F000364880F3098836483649086040F20000E5
:10030000CCF200004EF63471CEF200010860BFF36B
:100310004F8FBFF36F8F40F20000C0F2F0004EF637
:100320008851CEF200010860BFF34F8FBFF36F8F8B
:100330004FF00000E1EE100A4EF63C71CEF20001E3
:100340000860062080F31488BFF36F8F07F0CAFBA4
:1003500006F006FD4FF055301F491B4A91423CBF45
:1003600041F8040BFAE71D49184A91423CBF41F895
:10037000040BFAE71A491B4A1B4B9A423EBF51F83D
:10038000040B42F8040BF8E700201849184A914280
:100390003CBF41F8040BFAE707F0E2FB06F064FD0E
:1003A000144C154DAC4203DA54F8041B8847F9E7A6
:1003B00000F062FB114C124DAC4203DA54F8041BFE
:1003C0008847F9E707F0CABB00060020002200209A
:1003D0000000000808ED00E00000002000060020FA
:1003E000A89E00080022002074220020782200200D
:1003F0003C670020E0020008E0020008E00200087C
:10040000E00200082DE9F04F2DED108AC1F80CD064
:10041000D0F80CD0BDEC108ABDE8F08F002383F338
:1004200011882846A047002006F07EFAFEE706F075
:10043000D5F900DFFEE7000053B94AB9002908BF2B
:1004400000281CBF4FF0FF314FF0FF3000F06AB9B9
:10045000ADF1080C6DE904CE00F006F8DDF804E01B
:10046000DDE9022304B070472DE9F047089D0E46F0
:1004700004460F46002B4AD194468C45B2FA82F2CC
:1004800060D942B1C2F12003974020FA03F30CFA7D
:1004900002FC1F4394404FEA1C4E1FFA8CF6B7FB38
:1004A000FEF1230C0EFB117743EA074301FB06F034
:1004B00098420AD91CEB030301F1FF3780F0158144
:1004C000984240F21281023963441B1AA4B2B3FB72
:1004D000FEF00EFB103344EA034400FB06F6A6428E
:1004E0000AD91CEB040400F1FF3380F00081A6421E
:1004F00040F2FD806444023840EA0140A41B002120
:100500001DB1D4400023C5E90043BDE8F0878B420C
:1005100005D90DB1C5E9000100210846F5E7B3FA98
:1005200083F1002946D1B34202D3824200F2F58022
:10053000841A66EB030201201746002DE5D0C5E9B9
:100540000047E2E7002A40F09380A1EB0C034FEA5A
:100550001C471FFA8CFE0121B3FBF7F607FB163090
:10056000230C43EA00430EFB06F0984208D91CEB2B
:10057000030306F1FF3802D2984200F2D0804646CB
:100580001B1AA4B2B3FBF7F007FB103344EA034491
:100590000EFB00FEA64508D91CEB040400F1FF3356
:1005A00002D2A64500F2B6801846A4EB0E0440EA3B
:1005B0000640A5E7C1F120078B4022FA07FC4CEA70
:1005C000030C06FA01FE20FA07F426FA07F344EAC0
:1005D0000E0400FA01F84FEA1C404FEA1449B3FB3D
:1005E000F0FE1FFA8CF600FB1E3349EA03430EFBB4
:1005F00006F9994502FA01F20BD91CEB03030EF13F
:10060000FF3A80F08580994540F28280AEF1020E7B
:100610006344A3EB0909A4B2B9FBF0F300FB1399FF
:1006200044EA094403FB06F6A64208D91CEB04047D
:1006300003F1FF3068D2A64266D9023B644443EA24
:100640000E40A41BA0FB02E6B4427346B14652D34F
:100650004FD05DB1B8EB030264EB090404FA07F76D
:1006600022FA01F31F43CC40C5E9007400214CE796
:10067000C2F1200120FA01F30CFA02FC26FA01F182
:10068000964033434FEA1C471FFA8CFEB1FBF7F04C
:1006900007FB1016190C41EA064100FB0EF68E42CC
:1006A00004FA02F408D91CEB010100F1FF382DD245
:1006B0008E422BD902386144891B9BB2B1FBF7F6FD
:1006C00007FB161143EA014306FB0EF1994208D9D4
:1006D0001CEB030306F1FF3814D2994212D9023EF3
:1006E00063445B1A46EA004136E73946EDE61846B0
:1006F00002E7F045ADD2BEEB020366EB0C06013813
:10070000B146A6E74646ECE7034698E74046D3E7FE
:10071000D6467EE76444023847E708460DE7023EC6
:1007200063442DE7704700BF11F0FF01034600F05E
:10073000030239D08ABB026810B501EB012E0EEB23
:100740000E4E8EEA0204A2F1013323EA0203A4F161
:10075000013222EA0402134313F0803F0FD150F814
:10076000044F84EA0E0CA4F10133ACF1013223EA08
:10077000040322EA0C02134313F0803FEFD0037806
:1007800023B936E010F8013F002B32D09942F9D15D
:1007900010BD8A4228D09A0729D01A78184601330A
:1007A000002AF6D110467047CAB90268A2F1013397
:1007B00023EA020313F0803F08D150F8042FA2F17E
:1007C000013323EA020313F0803FF6D003785BB1D4
:1007D00010F8013F002BFBD17047990705D0184650
:1007E00013F8012B002AF8D170471846DDE71846A8
:1007F000A1E7184610BD00BF80EA0102844612F04E
:10080000030F4FD111F0030F32D14DF8044D11F009
:10081000040F51F8043B0BD0A3F101329A4312F0BC
:10082000803F04BF4CF8043B51F8043B16D100BF95
:1008300051F8044BA3F101329A4312F0803FA4F126
:1008400001320BD14CF8043BA24312F0803F04BFAD
:1008500051F8043B4CF8044BEAD023460CF8013B1A
:1008600013F0FF0F4FEA3323F8D15DF8044B7047C4
:1008700011F0010F06D011F8012B0CF8012B002A02
:1008800008BF704711F0020FBFD031F8022B12F0F1
:10089000FF0F16BF2CF8022B8CF8002012F47F4FAC
:1008A000B3D1704711F8012B0CF8012B002AF9D1B4
:1008B000704700BF88420ED98B1883420BD900EBDA
:1008C000020C002A6ED0624613F801CD02F801CD69
:1008D0009942F9D170470F2A0FD8034602F1FF3C25
:1008E000002A5FD00CF1010C013B8C4411F8012B64
:1008F00003F8012F6145F9D1704740EA01039B07D6
:1009000051D1A2F1100370B501F1200C23F00F05B5
:1009100001F1100E00F11004AC441B095EF8105CEC
:1009200044F8105C5EF80C5C44F80C5C5EF8085C03
:1009300044F8085C5EF8045C44F8045C0EF1100EA8
:10094000E64504F11004E9D1013312F00C0F01EB7C
:10095000031102F00F0400EB031328D0043C24F031
:1009600003064FEA940C1E441C1F8E465EF8045B7F
:1009700044F8045FB442F9D10CF1010402F003021F
:1009800003EB840301EB840102F1FF3C4AB10CF15B
:10099000010C013B8C4411F8012B03F8012F614538
:1009A000F9D170BD704702F1FF3C03469AE7224639
:1009B000EAE700BF40EA01039B0710B501D1032A13
:1009C00017D8844601F1FF3E07E01EF8011F03F827
:1009D000011B541E29B19C4622466346002AF4D1CD
:1009E00010BD9444002CFBD003F8011B6345FBD1E0
:1009F00010BD8E468446DEF80040A4F1013323EAA0
:100A0000040313F0803F71460EF1040EDAD1043A6C
:100A1000032A4CF8044BEED87146D3E7032A30B4CE
:100A200015D941EA0004A40784460B4604D0541E9D
:100A30000FE0043A032A08D91946604653F8044BDC
:100A40005CF8045BA542F4D0F1E760461946541EF9
:100A50007AB1431E0139021901E09A4209D013F814
:100A6000010F11F801CF6045F7D0A0EB0C0030BCAE
:100A70007047002030BC704738B501F0CFF901F065
:100A800079FB06F08FFE054606F0C0FF0446D0B99C
:100A90000F4B9D421AD001339D4241F2883504BF6D
:100AA00001240025002006F087FE0CB100F078F844
:100AB00001F000FB00F006FD08B100F071F82846D7
:100AC00000F010F9F9E700250124EBE70546E9E716
:100AD000010007B008B501F06FF9A0F120035842FA
:100AE000584108BD07B541F21203022101A8ADF833
:100AF000043001F07DF903B05DF804FB38B5302314
:100B000083F31188174803680BB105F0F1FF002348
:100B1000154A4FF47A71134805F0E0FF002383F380
:100B20001188124C236813B12368013B236063686A
:100B300013B16368013B63600D4D2B7833B9636873
:100B40007BB9022001F026FA322363602B78032B55
:100B500007D163682BB9022001F01CFA4FF47A73B5
:100B6000636038BD88230020FD0A00087C23002034
:100B700084230020084B187003280CD8DFE800F00D
:100B800008050208022001F0FBB9022001F0EEB9CD
:100B9000024B00225A607047842300207C230020EF
:100BA000F8B5494B494A1C461968013100F08A8062
:100BB00004339342F8D16268454B9A4240F28280F6
:100BC000444B9B6803F1006303F500339A4279D2EA
:100BD000002001F03DF90220FFF7CCFF3E4B002141
:100BE0009A6C99641A6F19671A6FDA6CD9645A6F24
:100BF00059675A6F1A6D19659A6F99679B6F374BD2
:100C0000D3F8802042F00062C3F88020D3F880201F
:100C100022F00062C3F88020D3F88020D3F880202F
:100C200042F00072C3F88020D3F8802022F00072D6
:100C3000C3F88020D3F8803072B64FF0E023C3F8B9
:100C4000084DD4E90004BFF34F8FBFF36F8F244AE0
:100C5000C2F88410BFF34F8F536923F4803353617C
:100C6000BFF34F8FD2F8803043F6E076C3F3C90567
:100C7000C3F34E335B0103EA060C29464CEA817745
:100C80000139C2F87472F9D2203B13F1200FF2D16E
:100C9000BFF34F8FBFF36F8FBFF34F8FBFF36F8FD4
:100CA000536923F4003353610023C2F85032BFF379
:100CB0004F8FBFF36F8F302383F31188854680F306
:100CC00008882047F8BD00BF000002082000020885
:100CD000FFFF01080022002000450258004402588E
:100CE00000ED00E02DE9F04F95B0DFF8DCB22022F6
:100CF000FF2101900CA8DBF8086001F085F9AD4AEE
:100D00001378A3B90121AC4811700360302383F339
:100D1000118803680BB105F0EBFE0023A74A4FF4DE
:100D20007A71A54805F0DAFE002383F31188019B50
:100D300013B1A34B019A1A60A24A1378032B03D074
:100D4000002313709E4A53604FF00009019DCA466C
:100D50004C46C846012001F013F925B1984B1B6899
:100D6000002B00F01982002001F026F80590059B69
:100D7000002BF2DB012001F0F9F8059B213B1F2B32
:100D8000E8D801A252F823F0090E0008310E00083D
:100D9000C30E0008550D0008550D0008550D00083C
:100DA000490F0008091100082310000885100008E9
:100DB000AD100008D3100008550D0008E51000081C
:100DC000550D000857110008A70E0008550D000822
:100DD0009F110008150E0008A70E0008550D000809
:100DE00085100008550D0008550D0008550D000828
:100DF000550D0008550D0008550D0008550D00084B
:100E0000550D0008C30E00080220FFF763FE0028FE
:100E100040F00581019BB9F1000F08BF1D4641F26A
:100E20001233022107A8ADF81C3000F0E1FF91E772
:100E30004FF47A7000F0C0FF071EEBDB0220FFF7D3
:100E400049FE0028E6D0013F052F00F2D081DFE8FF
:100E500007F0030A0D1013350523042107A8079393
:100E600000F0C6FF17E004215748F9E7042157486E
:100E7000F6E704215648F3E74FF01C08404608F116
:100E8000040800F0E7FF0421079007A800F0B0FF76
:100E9000B8F12C0FF2D101234FF00008BB404AEA11
:100EA00003035FFA83FA01F0FBF824B10AF00B03A5
:100EB0000B2B08BF0025FFF715FE4BE70421454823
:100EC000CEE7002CA6D00AF00B030B2B5ED102203C
:100ED000FFF700FE0446002858D00120002700F04C
:100EE000B7FF0220FFF746FE1FFA87F9484600F0D9
:100EF000BFFF054688B9334B01222E4602201A70E7
:100F000001F034F8DBF80830B34216D800262D4B38
:100F1000A1461E702A4B5E60C5E705994846013719
:100F2000A1F140025142514100F0B2FF05460028B4
:100F3000DAD1A14641F2121373E7304600F08AFF7E
:100F40000130F6D10436DDE7002C3FF463AF0AF040
:100F50000B030B2B1AD10220FFF70CFE322000F0FE
:100F60002BFF071E12DB17F003030FD1BA19DBF8B2
:100F700008108A420AD8B7F5807F07D8164A9F42E0
:100F800006DCC820FFF7A6FD044638BB012441E774
:100F90004FF47A70CDE9023200F00EFF059005990A
:100FA0000029FFF637AF0599039A029B02F8011B4F
:100FB0000133E4E77823002088230020FD0A00089D
:100FC0007C23002084230020002200200422002013
:100FD000082200200C220020782200201F2E11D889
:100FE000C6F120020CAB26F003008249BA42184435
:100FF00028BF3A46029200F0E7FF029AFF217D489F
:1010000001F002F8BB10C7F387027A493046029319
:1010100001F002F800288DD0029B06EB83060446FF
:1010200041E70220FFF756FD00283FF4F3AE00F041
:101030004DFF00283FF4EEAE00273B4612E01F2F85
:101040001AD80C9A013217D027F0030250326A44A2
:1010500052F8200C07900422184607A901F022F943
:1010600004370346DBF80820BA42E8D80793042186
:1010700007A800F0BDFE16E73846029300F0EAFE2E
:10108000029BE7E70023642106A8069300F0A8FE70
:1010900000287FF4BFAE0220FFF71CFD00283FF4BC
:1010A000B9AE069800F008FF0790E0E7002364213E
:1010B00006A8069300F094FE00287FF4ABAE022051
:1010C000FFF708FD00283FF4A5AE069800F0F6FEF5
:1010D000EAE70220FFF7FEFC00283FF49BAE00F099
:1010E00005FFE1E70220FFF7F5FC00283FF492AE90
:1010F00007A9142000F000FF07460421069006A867
:1011000000F076FE3946B3E7322000F055FE071EA8
:10111000FFF680AEBB077FF47DAE07EB0803DBF87C
:10112000082093423FF676AE0220FFF7D3FC00285A
:101130003FF470AE27F003074744B8453FF4B3AE21
:10114000404608F1040800F085FE0421079007A836
:1011500000F04EFEF1E74FF47A70FFF7BBFC002879
:101160003FF458AE00F0B2FE00283FF4E3AE0C9B13
:1011700001330CD008220CA9002000F04DFF0028FC
:101180003FF4D8AE2022FF210CA800F03DFFFFF76E
:10119000A9FC194805F0CEFB15B0BDE8F08F002C76
:1011A0003FF438AE0AF00B030B2B7FF433AE002371
:1011B000642107A8079300F013FE074600287FF478
:1011C00029AE0220FFF786FC029000283FF422AEF1
:1011D000FFF788FC41F2883005F0ACFB079800F07F
:1011E000A7FF3D4600F05CFF029B1C46B2E54FF0B6
:1011F00000080FE678220020A0860100704700005A
:1012000070470000704700002DE9F04100F580377D
:10121000044616463B7C5BB9C0681030204400F0A1
:10122000D3FEE5683544B5F5004FE56002D816B148
:10123000BDE8F081DEB905F07F0605F11000002160
:10124000C6F180062044F6B232462E4400F0DCFEA1
:10125000A06804F11008324600F10060414600F534
:10126000003006F035F830B901233B74E0E74FF465
:1012700000463546ECE7A36805F11001E2684046F8
:1012800033442144521BA360E26000F09DFE022023
:10129000BDE8F04100F07EBE183000F0DFBC000079
:1012A00010B5044601F01AF8204610BD10B50446EA
:1012B00001F014F8204610BDC0B2A0F14103052B87
:1012C00002D83738C0B27047A0F16103052B94BF34
:1012D00057383038F6E7000070B504461546084622
:1012E00003220C4900F07AFE014688B907346E1CCF
:1012F00015F91100FFF7E0FF024616F91100013160
:10130000FFF7DAFF102940EA021004F8010FEFD1CD
:1013100070BD00BF689400082DE9F04FADF53F7D2A
:101320004168074601222AA802F0AAFE06460028C4
:101330007BD1824681461125DFF80C81DFF80CB1A4
:1013400001AB4FF4805241462AA802F0E9FF04465F
:1013500000286AD1019AB2F5805F66D8002A69D068
:10136000019A9442ECD2282D0FD008DC132D2DD0F9
:101370001E2D39D0112D13D00134A4B2F0E7322D37
:101380002DD0372D2FD02D2DF6D13B68121B08EB19
:10139000040138461B692D259847BDF80440EBE74A
:1013A000121B022A09D9594608EB040000F016FE68
:1013B00018B902342825A4B2DEE718F804303A2B15
:1013C00033D00A2B1CBFA1461325D5E718F80430EB
:1013D0000A2B2AD03A2B04BFA2463225CCE718F8B4
:1013E0000430202BC8D0264618F804300A2B1AD116
:1013F000AAEB090208EB090102A811254F2A28BF10
:101400004F22FFF7D7FAA21B08EB060116A84F2AB6
:1014100028BF4F22FFF7CEFA3B6816AA02A9DB6865
:1014200038469847A8E71E25A6E700200DF53F7D22
:10143000BDE8F08F3B68384602491B699847012098
:10144000F4E700BF1C950008A02300206C9400085E
:1014500030B500F11805044685B0284600F0E8FBD9
:101460002046FFF759FF60B12946684600F03EFC70
:10147000102204F108016846FFF7D0FAB0FA80F0B4
:10148000400905B030BD000070B504460025EEB23D
:10149000304600F0EDFC48B92046FFF73DFF58B15B
:1014A00004F58034207C80F0010006E00021304605
:1014B000013500F0EDFC08B9002070BD022000F0FD
:1014C00069FDE4E7F0B5C9B006F084F900F022FF49
:1014D00018B90025284649B0F0BD69462A4802F0EF
:1014E000E5FF00284BD1294C204603F00FF828488F
:1014F00003F00CF8274803F009F82146224803F0CE
:1015000081F80028E5D1702000F0E2FE064610B117
:10151000214B44600360336830469B68984705461A
:1015200000282ED01A4F1948394603F06BF80546AB
:101530000028CED1194800F0CBFE044638B1184B34
:101540004760036000F58033C0E902551D742368CD
:1015500020469B689847054628B10E490C4803F081
:1015600051F80028B5D1336830465B6898471CB104
:10157000236820465B68984700F0B4FEAAE7002580
:10158000FAE70446EFE700BF709400088094000873
:1015900097940008AD940008A49500081400010079
:1015A000C09500082DE9F04FD34A8DB0D1F800A0C6
:1015B00003685244D0F804E0D04E1A44D1F81C908D
:1015C000DFF8B0C3DFF8B0B3D0E90234634003EA18
:1015D0000E03634013444A6801920EEB7363019C4F
:1015E000C74A2244C468224484688EEA04051D4028
:1015F000654015448A68029203EB3555029CC14A46
:101600002244846822448EEA03042C4084EA0E04B7
:101610001444CA6805EBF4340392164483EA0502C5
:10162000224076445A4032440E69049604EBB222BA
:10163000049FB54E3E441E4485EA040313406B40AC
:1016400033444E69059602EB7363059FAF4E3E44EB
:101650002E4484EA02051D40654035448E69069695
:1016600003EB3555069FAA4E3E44264482EA030406
:101670002C4054403444A74E4E4405EBF4341644F9
:1016800083EA050222405A4032440E6A079604EB70
:10169000B222079FA04E3E441E4485EA0403134035
:1016A0006B4033444E6A089602EB7363089F9B4E6F
:1016B000D1F838803E442E4484EA02051D4065403E
:1016C00035448E6AA6F5244703EB355509964F3FFE
:1016D000274482EA03042C4054403C44CF6A0A97D2
:1016E00005EBF4340A9E8E4F37440E6B174483EAA1
:1016F00005020B9622405A403A448A4F374404EB85
:10170000B222019E1F4485EA040313406B403B4410
:101710004F6BBC4402EB7363AC4484EA02051D408A
:1017200065406544DFF854C2C44403EB3555A44416
:1017300082EA03042C4054406444D1F83CC07A4906
:1017400005EBF4346144114483EA050222405A4017
:101750000A44764904EBB2223144069E194484EAD5
:1017600002032B4063400B44714902EBF3633144A5
:101770000A9E0D4482EA03012140514029446D4DE7
:1017800003EBF1513544059E254483EA01041440DE
:101790005C402C44684D01EBB4445544154481EA47
:1017A00004021A404A402A44644D04EB3232354464
:1017B000099E1D4484EA02030B4063402B44604DA4
:1017C00002EBF3633544049E0D4482EA0301214099
:1017D000514029445B4D03EBF1516544254483EAB4
:1017E000010414405C402C44574D01EBB444354493
:1017F000089E154481EA04021A404A402A44534D87
:1018000004EB32323544039E1D4484EA02030B404C
:1018100063402B444E4D02EBF36345440D4482EA92
:1018200003012140514029444A4D03EBF151354415
:10183000079E254483EA010414405C402C44464D35
:1018400001EBB4443544029E154481EA04021A4077
:101850004A402A44414D04EB32323D441D4484EA5F
:1018600002030B4063402B443D4D02EBF3633544D0
:101870000B9E0D4482EA0301B344059E214093442C
:1018800051402944374D03EBF1514D442C4483EA38
:10189000010515405D40254401EBB54581EA05048D
:1018A00004EA03024A405A44A6F5B82B079E05EB0A
:1018B0003232ABF2BE6B54409B442B4B5C443344FE
:1018C0000A9E02EB34740B4485EA0201614019441C
:1018D000264B334404EB7151019E2B4482EA0405EC
:1018E0004D401D44224B434401EB35451A4484EAE4
:1018F00001036B40134443E078A46AD7EECEBDC128
:1019000056B7C7E8DB702024AF0F7CF52AC687479F
:10191000134630A8019546FDD8988069AFF7448BEF
:10192000BED75C892211906B2108B44962251EF64E
:1019300040B340C0515A5E26AAC7B6E95D102FD603
:101940005314440281E6A1D8C8FBD3E7E6CDE121D8
:10195000D60737C3870DD5F4ED145A4505E9E3A939
:10196000F8A3EFFCD9026F6781F6718722619D6D44
:101970000C38E5FD937198FD8A4C2A8D8E4379A62B
:10198000904A324405EB7323049E224481EA050405
:101990005C4014448C4A324403EB3474099E0A447C
:1019A00085EA030161401144884A4A4404EB7151BD
:1019B000154483EA04024A402A44854D354401EB2C
:1019C0003242039E2B4484EA010555401D44814B5D
:1019D0003B4402EB7525234481EA02046C401C441D
:1019E0007D4B534405EB3474194482EA050363408C
:1019F0000B447A49314404EB7353069E0A4485EA4A
:101A0000040159401144764A324403EB3141089EA7
:101A10002A4484EA03054D401544724A324401EBDE
:101A200075250B9E144483EA01026A4022446E4CE1
:101A3000344405EB3272029E234481EA050454408B
:101A40001C446A4B634402EB74540B4485EA020164
:101A500061401944664B334404EB3141059E1D44FB
:101A600082EA04034B402B44624D01EB732355443F
:101A7000154463EA04024A402A445F4D03EBB26214
:101A80004D44254462EA01045C402C445B4D02EB6A
:101A9000B45445440D4464EA030151402944584D6F
:101AA00004EB714135440B9E1D4461EA020363401F
:101AB0002B44544D01EBF3233544039E154463EA54
:101AC00004024A402A44504D03EBB2623544254497
:101AD00062EA01045C402C44099DA5F5801602EBE6
:101AE000B4544A4DA6F683360E4464EA03015140CD
:101AF0003144019E04EB71413544079E1D4461EA67
:101B0000020363402B44424D01EBF3233544069E10
:101B1000154463EA04024A402A443E4D03EBB26294
:101B20006544254462EA01045C402C443A4D02EBD2
:101B3000B4543544049E0D4464EA030151402944E1
:101B4000364D04EB71413D442B4461EA020565408A
:101B50001D44334B01EBF52533440A9E1A4465EAD4
:101B600004034B4013442F4A05EBB3633244029EF7
:101B7000144463EA01026A4022442B4C03EBB25244
:101B80003444089E0C4462EA050159402144274C24
:101B900002EB71413444254461EA030454402C446F
:101BA00005682B4403600EEB010303EBF423436051
:101BB00083681944C3681A448160C2600DB0BDE8EF
:101BC000F08F00BF44EABEA4A9CFDE4B604BBBF64A
:101BD00070BCBFBEC67E9B28FA27A1EA8530EFD431
:101BE000051D880439D0D4D9E599DBE6F87CA21F1D
:101BF0006556ACC4442229F497FF2A43A72394AB2B
:101C000039A093FCC3595B6592CC0C8FD15D848560
:101C10004F7EA86FE0E62CFE144301A3A111084EED
:101C2000827E53F735F23ABDBBD2D72A91D386EBE9
:101C3000094B036003F18833436003F12943A3F5A3
:101C40009613A3F68B638360A3F18833C3600023EC
:101C5000C0E90433704700BF012345672DE9F8430D
:101C60001446026905460E46E300C2F3C50800F1BA
:101C700018079B18036122BF43690133436112F4C3
:101C8000FC7F436903EB5473436114D0C8F14009EE
:101C900007EB08004C4504D22246BDE8F843FEF7A6
:101CA00009BE403C4A464E44FEF704FE44443946D1
:101CB0002846FFF777FCA04606EB0409B8F13F0F72
:101CC000A9EB080106D824F03F0104F03F02384692
:101CD0003144E2E740223846FEF7ECFD394628461B
:101CE000A8F14008FFF75EFCE8E7000070B50B695B
:101CF00001F1180506460C46C3F3C503EA18501C4B
:101D00008022EA54C3F13F02072A1FD8002100F0C5
:101D10007BF929462046FFF745FC3822002128465A
:101D200000F072F9236929462046236563696365DB
:101D3000FFF738FC214610223046FEF7BBFD204657
:101D400058220021BDE8704000F05EB9C3F13702AF
:101D50000021E5E72DE9F0474FF47A7706460D4676
:101D600000245743DFF84880DFF8489098F90030A6
:101D70005A1C01D0A3420FD159F824002A463146FB
:101D80000368D3F820A03B46D047854204D1074BD7
:101D900001201C70BDE8F0870134042CE6D14FF41B
:101DA000FA7004F0C7FD0020F4E700BFD033002034
:101DB0001022002014220020002307B50246012132
:101DC0000DF107008DF80730FFF7C4FF20B19DF833
:101DD000070003B05DF804FB4FF0FF30F9E70000A7
:101DE0000A46042108B5FFF7B5FF013808BD000019
:101DF000074B0A4630B419780546064B53F82100C4
:101E000029460368DC69044BA44630BC604700BF28
:101E1000D033002014220020A086010070B50A4EA5
:101E200000250A4C05F0F6F930802068338883429B
:101E300008D905F0EBF9236805440133B5F5003FF7
:101E40002360F2D370BD00BFC8330020CC33002024
:101E500005F0C2BA00F1006000F50030006870477C
:101E600000F10060920000F5003005F031BA00008A
:101E7000054B1A68054B1B889B1A834202D91044F4
:101E800005F0C4B900207047CC330020C8330020CF
:101E900038B5084D0446286829B128682044BDE8B3
:101EA000384005F0CDB9204405F0B6F90028F4D04B
:101EB00038BD00BFCC3300200020704700F1FF5038
:101EC00000F58F10D0F8000870470000064991F81F
:101ED000243033B100230822086A81F82430FFF748
:101EE000BFBF0120704700BFA0330020014B18681E
:101EF000704700BF0010005C194B1A4A70B51D688E
:101F0000431E0420C5F30B040B442D0C013808D1EB
:101F10009942084610D30524134A013C15D1401AB2
:101F200070BD1688A6420ED152680846013A984202
:101F3000F1D212F9014F1CB92C2200F8012BEAE76B
:101F400000F8014BF3E70832E0E71688AE4204D10F
:101F500098423CBF967800F8016B0432DDE700BF81
:101F60000010005C24220020D4950008022803D130
:101F7000024B4FF080529A61704700BF0010025828
:101F8000022803D1024B4FF480529A61704700BF80
:101F900000100258022804D1024A536983F4805386
:101FA000536170470010025870B504464FF47A76BA
:101FB00004B970BD412C254628BF412506FB05F01C
:101FC000641B04F0B7FCF3E7002310B5934200D183
:101FD00010BDCC5CC4540133F8E70000013810B5E3
:101FE00010F9013F3BB191F900409C4203D11AB175
:101FF0000131013AF4E71AB191F90020981A10BDA5
:102000001046FCE7FFF7FEBF02440346934200D1AF
:10201000704703F8011BF9E72DE9F8431F4D1446FB
:102020000746884695F8242022B9DFF870906CB9ED
:10203000012009E02B6A03EB82038342F5D0FFF70E
:1020400045FF0028F1D10020BDE8F88395F8243041
:102050002BB92022FF2148462F62FFF7D5FF95F8C4
:1020600024004146C0F1080205EB8000A24228BFCF
:102070002246D6B29200FFF7A7FF95F82430A41BA2
:1020800017441E449044E4B2F6B2082E85F824604A
:10209000CDD1FFF71BFF0028C9D1D4E7A033002022
:1020A000024B1A78024B1A70704700BFD0330020E1
:1020B00010220020F8B5194C194803F041FF2146C1
:1020C000174803F069FF24684FF47A70154ED4F86E
:1020D0009020154DD2F80438114F43F00203C2F896
:1020E0000438FFF761FF2046104904F063F8D4F884
:1020F00090200524D2F8043823F00203C2F80438F3
:102100004FF4E1333360013C00D1F8BD55F8040BC6
:10211000B842F8D0314603F071FEF4E70C9D000898
:10212000A84B0020D433002014220020149D000866
:10213000F8B50C4B05460C4E1F780C4B56F8272073
:102140009A420DD00A4C002118222046FFF75CFF6E
:10215000214656F827002560BDE8F84003F04EBE42
:10216000F8BD00BFD033002014220020A84B00206F
:10217000D43300202DE9F04771B6464B01201D688D
:10218000454BB3F8008000231A46194602F09CFD27
:102190000446802005F0C0F9074670B36CB33F4E8B
:1021A000ADB24FF0800A7369284643F0C063736193
:1021B000D6F8143143F0C063C6F8143105F026F8A0
:1021C00005EB080205FB00F34FF03D0C00FB02FE9F
:1021D0004FF4D0609E4513D8204602F0ABFD384640
:1021E00005F0D6F92D4B5A6942F0C0625A61D3F816
:1021F000142142F0C062C3F8142161B6BDE8F08733
:1022000031694A012CD4D6F81011490128D422682A
:1022100003F1006191602168CF602168C1F804A0DA
:1022200021680860D4F80090D9F8001041F001014D
:10223000C9F80010D4F80090D9F8001021F01E0160
:10224000C9F80010D4F80090D9F80010CA07FBD4E0
:1022500094F80C90803362680CFA09F11160B9E7C8
:102260000F4B9A6A42F400729A629A6A42F40042F0
:102270009A6261B60026012005F0AEF8464503D308
:10228000002005F0A9F8A7E7A819013604F0D8FF47
:10229000F4E700BFCC330020C833002000200052F8
:1022A00000ED00E030B50A44084D914200D130BD48
:1022B00011F8013B5840082340F30004013B2C4037
:1022C00013F0FF0384EA5000F6D1EEE72083B8ED67
:1022D0000121884238BF084605F056B908B105F01B
:1022E00057B9704710B5084C01220849002001F089
:1022F000A3FE23783BB1064803F0F0FC044803F04A
:102300002BFD0023237010BDEC330020F094000857
:10231000CC3800201C482DE9F041036D2BB9012277
:102320004FF48051503005F0BFFA184D2B780BB1A7
:10233000FFF7D8FF0324164F4FF00008124E144940
:102340003046C7F8048003F0F9FC304603F028FB60
:1023500040B1013C0C4803F0FFFC14F0FF04EED147
:1023600020460EE00B4901220B4801F065FE0146B4
:1023700018B1054803F0B2FCEBE7084800F010F88C
:1023800001202870BDE8F081CC380020EC3300201B
:102390003C220020F0940008F0330020F294000862
:1023A0000FB4002004B0704700687047034600680F
:1023B000596870470B0A017043700B0C090E83704B
:1023C000C1707047110A027003714170110C120E36
:1023D0008170C2701A0A42711A0C1B0E8271C3718D
:1023E00070470000C36A0239023B8B4283BF4389B6
:1023F000006C01FB0300002070470000034600F161
:102400000B010020C20142EA500213F8010B50FAFE
:1024100082F28B42D0B2F5D17047000010B54278FD
:1024200004460020013203465201022B17BFC103AC
:10243000032341EA5001E05C03F101031CBF10FAE1
:1024400081F188B29A42F0D810BD0000036893B1C0
:102450001A4612F8011B1F290AD93A29F9D119780D
:10246000302908D102339A4205D10260002070471A
:10247000024B187870474FF0FF3070473C36002011
:1024800038B50D46044618B9092000232B6038BD25
:102490000368002BF8D01A78002AF5D08188DA88F2
:1024A0009142F1D1587804F0DFFB10F00100EBD13C
:1024B0002368EBE738B5C3780446C3B100F14C0597
:1024C000826C01234078294604F0F4FB88B9A16CA2
:1024D000A36B226BCB1AE070934208D2A378022B35
:1024E00005D10A4401232946607804F0E3FB00206B
:1024F00038BD0120FCE7000038B50D4640F25231EE
:10250000144602F089F9FF2807D9012C0BD9030AD8
:10251000022468702B70204638BD30B1002CFAD0F0
:1025200001242870F7E70024F5E70446F3E70000EC
:102530002DE9F8430025076806460C468D76836B27
:10254000002B48D03B78042B4AD12B462E464FF027
:10255000400821E0B8F5187F25D218F01F0F05F1CB
:10256000010508BF08F1020832F8080008F1020866
:102570002BB900F5205292B2B2F5006F0BD306F1E1
:102580001A01C6F1FF0240EA03402144FFF7B4FFFD
:1025900048B10644002003463A6992F82310A94244
:1025A000D8D803B916B93F230126A37600232644C1
:1025B000B37663733A69137903F03701DB0621734D
:1025C0000BD402F13800FFF7F1FEC4E90001938952
:1025D0006381D3892381BDE8F88300200146F4E7B5
:1025E000C36C01334ED1F16B00232E264D1E1846CD
:1025F00015F8012F0130202A0CD0052A08BFE5224A
:10260000092804D10B2B9EBFE71801337E73E7180E
:1026100001337A730B28EBD1E21800205073A27EAD
:10262000002A3BD18BB304F10C0308255A78581CBF
:10263000002A42D11B1B0C3B2AE0B9F1000F05D147
:1026400000F520539BB2B3F5006F0BD308F11A01CC
:10265000C8F1FF0240EA09402144FFF74DFF40B1B5
:102660008044002002358146FB68585B0028E4D195
:102670004046B9F1000F4FF0000218BF00202318A8
:102680009A76B0E7A946A846EEE73F23A376012352
:10269000234400229A760B7B03B96373CB7A01F152
:1026A0001C0003F03F0323730023FFF77DFE20602F
:1026B0006360CB8A63810B8B8CE72E2A134609D08B
:1026C000413A192A03D80A7B154200D020334373BC
:1026D0000346ABE71025FAE738B50546002435F880
:1026E000020B08B9204638BD02F0C8F8E303C2B2B5
:1026F000C0F3072043EA540312FA83F3C3F34E04F2
:1027000044EAC33410FA84F4A4B2E8E7C2F307231E
:102710008A76CB760378032B01BF120C0A75120A56
:102720004A75704738B5836C05460C468B4210D00D
:10273000FFF7C0FE60B92246012305F14C0168781D
:1027400004F094FA00281CBF4FF0FF340120AC6461
:1027500038BD0020FCE7000038B500230446C370F4
:102760004FF0FF338364FFF7DDFF00284BD1B4F84F
:102770004A524AF655239D4207D10B22254904F1BE
:102780004C00FEF74BF900283FD094F84C30EB2B6F
:1027900003D01833DBB2012B2ED84AF655239D42C5
:1027A00006D108221C4904F19E00FEF737F948B310
:1027B000B4F85730B3F5007F1ED194F85930DBB12F
:1027C0005A1E1A4218D1B4F85A30ABB194F85C30A2
:1027D000013B012B10D8B4F85D306BB1B4F85F3019
:1027E0007F2B06D804F16C00FFF7DEFDB0F5803FCB
:1027F00002D3B4F8623053B94AF65520854214BF6B
:102800000320022038BD0420FCE70120FAE7002065
:10281000F8E700BF1D9500082995000802392DE949
:10282000F04701F007044FF0010A466C05460AFA2A
:1028300004F41746984606EB1136C1F3C809E4B212
:10284000314628460136FFF76DFF18B10120BDE87B
:10285000F087994605EB090292F84C30234214BFE9
:1028600001210021414513D06340013F82F84C30E3
:1028700085F803A0EBD0640014F0FF04EAD109F15D
:10288000010301244FF00009B3F5007FE1D3D7E73E
:102890000220DCE70129F8B50C4640F28C8006687E
:1028A000F36A8B4240F287803378013B032B00F2BE
:1028B0008280DFE803F00229384B01EB5105B16B50
:1028C000304601EB5521FFF72DFF10B14FF0FF30DF
:1028D000F8BD6F1CC5F30805B16B3046354401EBFC
:1028E000572195F84C50FFF71DFF0028EED1C7F394
:1028F0000807374497F84C3045EA0320E3074CBFFC
:102900000009C0F30B00E3E7B16B304601EB142183
:10291000FFF708FF0028D9D1640004F4FF743444A1
:10292000B4F84C00D4E7B16B304601EBD411FFF79B
:10293000F9FE0028CAD1A40006F14C0004F4FE748C
:102940002044FFF731FD20F07040C1E7D0E90431A9
:10295000C57953EA010201D0826802B95DBB826881
:10296000022D7789A4EB02020CD1013B41F1FF312A
:102970005B0A43EAC153B3FBF7F39A421BD81CD05E
:10298000601CA5E7032D02D183699342F8D8C3697F
:102990009BB9B16B304601EBD411FFF7C3FE0028A1
:1029A00094D1A0004C3600F4FE703044FFF7FCFCDC
:1029B00020F000408CE701208AE76FF0004087E7B5
:1029C000F8B5056806460C462B78042B14BF4FF467
:1029D00000124FF080528A4201D80220F8BDCA0688
:1029E000FBD18268016312BB022B12D82B89B3EB97
:1029F000541FF2D9E86BC6E90D200028EDD000EB9A
:102A000054204C35C4F30804B06300202544F5631A
:102A1000E4E7EB6BC271002BE8D06F891A467F02A6
:102A2000BC42114605D22846FFF7DCFCE3E713461B
:102A3000F3E73046FFF72EFF431C024606D001287D
:102A4000CBD9EB6A8342C8D9E41BE9E70120C5E78B
:102A500001292DE9F84306460C46154608D9C36AF4
:102A60008B4205D90378022B5BD003D8012B20D0F1
:102A7000022068E0033B012BFAD8816B01EBD411F3
:102A8000FFF750FE00285ED13346A40013F84C2B0C
:102A900004F4FE74042A07D0181925F07045FFF7D6
:102AA00083FC00F07040054329461819FFF782FCAB
:102AB0002BE001EB5107816B01EB5721FFF732FE51
:102AC000002840D114F0010406F14C0807F1010977
:102AD000C7F30807EBB230461FBF18F8072002F013
:102AE0000F0242EA0313DBB208F807300123B16B8F
:102AF000F37001EB5921FFF715FE20BBC9F308095C
:102B00003CB1C5F3071508F8095001230020F37004
:102B100019E018F80930C5F3032523F00F031D430E
:102B2000F1E7816B01EB1421FFF7FCFD58B964005C
:102B300006F14C0304F4FF741D551A19C5F307255B
:102B400001235570F370BDE8F8830000F8B5044622
:102B50000E461746E3690BB91846F8BD012BA6EBE4
:102B60000305206814BFAA1C3A46691CFFF770FFD2
:102B70000028F2D1E369013BE361EBE770B5C3796B
:102B80000446032B01D0002070BD81688369CD18F5
:102B9000A94202D10023E371F5E74E1C20683246BA
:102BA000FFF756FF0028EFD13146F1E701292DE963
:102BB000F84306460C461746056802D80220BDE8D1
:102BC000F883EB6A8B42F9D97AB9A146214630469F
:102BD000A046FFF75FFE0446B0B92B78042B02D164
:102BE000002F44D1F7710020E9E72B78042B02D1A4
:102BF000C379022BE9D04FF0FF3239462846FFF760
:102C000027FF0028E1D0DAE70128D7D0421C01D104
:102C10000120D4E72B78042B10D1EA6AAB69023A81
:102C2000934213D308F10102A24203D02B78042B64
:102C300013D0A146EB6AA342C8D8CEE70022414692
:102C40002846FFF705FF0028E7D0B8E70133AB615E
:102C50002B7943F001032B71E4E70023A2EB090277
:102C600049462846FFF7DAFD0028E2D0A7E7F379C6
:102C70008BB9B468BC4202D10223F371B3E7214699
:102C80003046FFF707FE012898D9431CC0D0013415
:102C90008442EFD0A7E7032BA5D1B368BB42A2D8EB
:102CA000B2691344BB42E7D29DE700002DE9F84327
:102CB00005460E46FFF7FEFB0446002849D105F104
:102CC0004C09314628464FF40072FFF78BFB214632
:102CD000A86407464846FFF797F96C896402B4F583
:102CE000004F28BF4FF40044B4F5007F2FD9204691
:102CF00004F052FC804688B122460026640A002176
:102D0000FFF782F96B899E420AD3404604F054FCD7
:102D10006889801B18BF0120BDE8F8836408E3E7D9
:102D20002346BA194146687803F0C4FF0028ECD165
:102D30002644E7E701366B899E42E9D20123BA199E
:102D40004946687803F0B6FF0028F3D0E0E7002694
:102D5000F1E70120E0E70000F8B50446FFF7AAFB21
:102D60000546002842D12378032B37D12779012F3C
:102D700034D104F14C0601464FF400723046FFF79F
:102D800043F955234122722184F84A32AA2304F5DB
:102D90000D7084F84F2084F84B32522384F830129F
:102DA00084F84C3084F84D30612384F8311284F873
:102DB0004E3084F83332A16984F83222FFF7FAFAF0
:102DC000616904F50E70FFF7F5FA626B3B46314618
:102DD00001326078A26403F06DFF257100226078F3
:102DE000114603F08BFF003818BF0120F8BD00002A
:102DF0002DE9FF4100230F4616460B60FFF726FB27
:102E0000051EC0F2B5817E4B53F82540002C00F022
:102E1000B1813C6006F0FE0623786BB1607803F068
:102E200023FFC70708D40EB1460703D4002004B01F
:102E3000BDE8F0810A20FAE7E8B200236070237051
:102E400003F0FEFEC50700F197810EB14107F1D4F2
:102E500000212046FFF780FC022840F095806E4656
:102E600004F2122304F25221324618461033FFF7BF
:102E70009BFA42F8040B8B42F7D1002556F8041B4D
:102E8000002978D02046FFF767FC012874D8012874
:102E9000A26C40F0BB8004F156010B2311F8015FD6
:102EA000002D76D10133402BF8D1B4F8B430B3F50E
:102EB000807F6ED194F8B830092B6AD104F1940068
:102EC000FFF774FA4FF0FF33161841F10001B342D7
:102ED00075EB01035DD304F1A000FFF765FA94F8E8
:102EE000BA302063012BA37053D194F8B90083400A
:102EF00098B2608100284CD004F1A800FFF754FA82
:102F000080464048804544D808F1020062639BB285
:102F1000E06204F1A400FFF747FA871804F19C006F
:102F20002764FFF741FA024408FB03F0A263C019CB
:102F300045EB0503864271EB03032AD32E4604F1C9
:102F4000AC00FFF731FAE06365B96389B34220D979
:102F5000E16B2046FFF746FA81192046FFF7E2FBB6
:102F600080B90136631993F84C30812B13D020358A
:102F7000C5F30805E8E703200135042D7FF47EAF93
:102F8000042806D1012052E70428FBD001287FF64F
:102F90007EAF0D204BE705F1140004F14C063044E0
:102FA000FFF702FA01280546F3D9E36A8342F0D914
:102FB0006189821E236C02FB01336364A16B20468E
:102FC00001EBD511FFF7AEFB0028DBD105F07F0048
:102FD00006EB8000FFF7E8F9421C03D00135A84258
:102FE000ECD0D6E70425C4E90500074A257013880C
:102FF00001339BB21380E3800023E36116E700BF37
:1030000040360020FDFFFF7F3E360020B4F85730E9
:10301000B3F5007FBDD1B4F8621021B904F170009E
:10302000FFF7C2F9014694F85C5021636B1EA5704E
:10303000012BAED894F85980A4F80A80B8F1000F9B
:10304000A7D008F1FF3313EA080FA2D1B4F85D70DE
:103050003B0727819DD1B4F85F0018B904F16C00DB
:10306000FFF7A2F9B4F85A30002B92D001FB05FC0F
:1030700003EB171EE64470458BD3A0EB0E054545C8
:10308000B5FBF8F685D33D48864282D84FF6F570F9
:1030900086425CD840F6F575AE428CBF022501250C
:1030A0000236134402EB0E00032DE6626263A36353
:1030B00020644ED1B4F876303B437FF46AAFB3005E
:1030C00004F17800FFF770F903F2FF13E063B1EB4E
:1030D000532FFFF45EAF4FF0FF33032DC4E90533E8
:1030E0004FF08003237180D1B4F87C30012B7FF442
:1030F0007CAF511C2046FFF715FB00287FF475AF0D
:10310000B4F84A224AF6552320719A427FF46DAFF3
:103110001B4B04F14C00FFF747F998427FF465AF71
:1031200003F1FF5304F50C70FFF73EF903F500536C
:10313000203398427FF459AF04F50D70FFF734F94E
:10314000A06104F50E70FFF72FF960614DE70325CC
:10315000A6E7002F3FF41DAF022D03EB0C004FEA52
:1031600046031EBF9B1906F0010606EB5303ABE7AF
:103170000B205CE60C205AE6032058E6F5FFFF0F13
:10318000525261412DE9F84F06460568884649B913
:103190006F69C7B1EB6ABB4298BF0127AB69A3B99E
:1031A000002405E0FFF776FB0128044603D801243C
:1031B0002046BDE8F88F421C00F0D580EB6A8342C0
:1031C000F6D84746EAE70127E8E72A78EB6A042AB7
:1031D00040F08380A7F1020A023B4FF0010B9A45B1
:1031E00028BF4FF0000AD146696C284601EB19311F
:1031F000FFF798FA00283BD109F00703EA6AC9F300
:10320000C8010BFA03F3901EDBB26A184C4609F1B1
:10321000010992F84C20814502EA030233BF5B00AA
:1032200000234FF40071DBB228BF9946B2B90234D3
:10323000631E0333BCD80123214628461A46FFF7F4
:10324000EDFA0228B3D0012800F08D80B8F1000F0C
:1032500013D10223F3710028A9D130E0CA450AD066
:10326000002BD2D10131B1F5007FBDD20123CCE7D3
:103270004FF0FF34DCE70024DAE7F379022B07D1C3
:103280007B1CA342E7D0B368FB1AB3610323F3713D
:1032900008F10102F369A24205D113B10133F361D0
:1032A000D9E70223FBE70BB90123F361224641462C
:1032B0003046FFF74BFC002852D10123F361EA6A44
:1032C000AB69023A6C6193429CBF03F1FF33AB617F
:1032D0002B7943F001032B716AE7474515D17C1C1C
:1032E0003046A34298BF02242146FFF7D3FA0128B3
:1032F0003FF45DAF431C36D0F8B1D5F81490B9F166
:10330000010F02D9EB6A994500D3B9464C46013406
:10331000EB6AA34204D8B9F1010F3FF441AF022494
:1033200021463046FFF7B6FA48B101283FF43FAFD7
:10333000013018D04C45EAD132E7002CE5D04FF0EF
:10334000FF3221462846FFF783FB48B9B8F1000F4A
:10335000B5D0224641462846FFF77AFB0028AED07A
:1033600001287FF424AF4FF0FF3421E72DE9F84323
:1033700006680446076B894633782037042B14BF50
:103380004FF400134FF08053BB429CBF0023836374
:10339000836B73B1C7F30808B8F1000F3CD1013358
:1033A000416B836341B93389B3EB571F34D8002392
:1033B000A3630420BDE8F8837389013B13EA572314
:1033C0002AD1FFF767FA0128054601D80220F1E764
:1033D000421C01D10120EDE7F36A834216D8B9F10E
:1033E000000FE4D0616B2046FFF7CCFE0546C8B164
:1033F0000128EBD0431CEDD001463046FFF756FCC8
:103400000028E7D1E37943F00403E371294630460D
:103410006563FEF7E7FFA0634C3600202763464450
:10342000E663C7E70720C5E7F8B50E460021044666
:103430000768FFF7C5FA98B90546A16B3846FFF74C
:1034400071F968B93A78E36B042A1B780CD11B0632
:103450000ED5054601212046FFF788FF0028ECD055
:10346000042808BF072006E0E52B01D0002BF0D18F
:103470000135B542EED1F8BDC16CF8B54B1C044620
:103480000568066B1CD10127A16B2846FFF74AF996
:1034900090B92B78E26B042B0ABF1378E52303F075
:1034A0007F031370EF70236BB3420DD200212046CF
:1034B000FFF75CFF0028E7D0042808BF022003E0E4
:1034C000FFF77EFA0028DED0F8BD0000F8B504460C
:1034D0000068A16B0569FFF725F920B9E36B1A783D
:1034E000852A01D00220F8BD2A4603F1200153F8B5
:1034F000040B8B4242F8040BF9D16E780136760149
:10350000A6F16003B3F5007FECD800212046FFF759
:103510002DFF0428E6D00028E5D1A16B2068FFF735
:1035200001F90028DFD1E36B1A78C02ADAD105F15E
:10353000200203F1200153F8040B8B4242F8040BE4
:10354000F9D195F823300F222C33B3FBF2F3B6EB0D
:10355000431FC7D3402700212046FFF707FF042859
:10356000C0D00028BFD1A16B2068FFF7DBF800288E
:10357000B9D1E36B1A78C12AB4D1EA1903F1200159
:1035800053F8040B8B4242F8040BF9D12037BE42AA
:10359000E1D82846FEF742FF6B88181A18BF0120B1
:1035A0004000A0E70B68002210B5036004460B6AD8
:1035B00083604B6AC261C37123F0FF03896AC0E96B
:1035C0000432C164FFF7FCF920B92046BDE8104081
:1035D000FFF77CBF10BD0000F8B503680546012762
:1035E0001C692046FEF71AFFA070000A6678E0709A
:1035F0002846E96CFFF7E4F920B1022828BF022031
:10360000C0B2F8BDA96B2868FFF78CF80028F4D188
:10361000EB6B04F1200254F8041B944243F8041BA2
:10362000F9D12B68DF70002EE7D000212846013E3B
:10363000FFF79CFEE0E700002DE9F843FF27044672
:10364000066804203D46A16B11B9D8B1042062E0A0
:103650003046FFF767F800285DD1E06B0378002B58
:10366000F4D03278042A10D1852B4ED1236B20461A
:10367000E364FFF72BFF00284DD133691B7903F07A
:103680003F03A3710020BDE8F883C27AE52B02F066
:103690003F02A27144D02E2B42D022F020010829F3
:1036A0003ED00F2A41D1590638D503F0BF05236B10
:1036B000477BE364437BBB4232D1428B82BB0378BE
:1036C0000D21D6F80CE04FF6FF7923F04003DFF828
:1036D0006C80013B4B43012118F801CB30F80CC042
:1036E00001B3FF2B1CD82EF813C061460133013201
:1036F0000D2AF1D10278520605D521B1FF2B0FD842
:1037000000222EF81320013DEDB200212046FFF7E4
:103710002DFE002897D00023A363B4E7AB42C9D0A5
:10372000FF25F2E7CC45E2D0FAE71DB9FEF766FEC9
:10373000B842A7D04FF0FF33E364A3E764960008D4
:103740002DE9F04F002187B00446D0F80090FFF734
:1037500037F9804698BB99F80030042B36D1D9F858
:103760000C00FEF7B9FF07462046FFF765FF054648
:1037700008B1804623E0D9F810309A8CBA42F3D1D0
:1037800093F823B040265D4510D0F106D9F81030EB
:1037900008BF0236985B01F071F8D9F80C30824608
:1037A00033F8150001F06AF882450CD0EBB29B4566
:1037B000DAD1D9F80C3033F81530002BD4D140468B
:1037C00007B0BDE8F08F02360135DCE74FF0FF337C
:1037D0004FF0FF0AE364554604F140030293A16BE6
:1037E0004846FEF79FFF00285DD1E66B3778002F33
:1037F00077D0F27AE52F02F03F03A37103D01207CE
:1038000005D50F2B05D04FF0FF33E3644FE00F2BAE
:1038100054D194F84B305B063FD4780645D5236BE2
:1038200007F0BF0796F80DA0E364737B53453ED1C4
:10383000738B002B3BD135780122D9F80C3005F081
:103840003F05DFF8A8B001930D23013D5D431BF850
:10385000013BF35A6AB3FF2D29D81846059301F0AE
:103860000DF8019B691C049033F81500039101F0D9
:1038700005F8049A82421AD1059B03991A460D460F
:10388000194B9B45E3D13378590604D51AB1019BF6
:1038900033F815305BB9013FFDB200212046FFF738
:1038A00065FD00289BD0804689E7BD42BDD0FF253D
:1038B000F3E74FF6FF718B42E2D0F8E72DB93046BF
:1038C000FEF79CFD50453FF47AAF94F84B30DB0790
:1038D00099D40B2202993046FDF7A0F8002892D126
:1038E0006DE74FF004086AE77196000864960008D7
:1038F0002DE9F04F90F84BB099B004461BF0A005AD
:1039000040F06B810668F26832F81530002B4AD11E
:103910003378042B40F086800F230E352046B5FB0C
:10392000F3F5A91CFFF780FD8146002874D101350D
:10393000236BA3EB4513E364E3795F0735D523F0ED
:1039400004032046E371FFF719F950BB4FF0FF3233
:10395000616B2046FFF7FAF818BBA3682BB321462A
:1039600004A8FFF71FFEE0B970894FF40071D4E995
:103970000423E0FB01233069C4E904233830FEF757
:1039800021FD3069D4E904232830FEF71BFDE379DB
:10399000326904A843F0010382F82130FFF71CFECE
:1039A00018B1814638E00135AEE7D6E903543F222D
:1039B0000021671C3846FEF727FB852301204022A3
:1039C0002370C0234FF0C10E84F820300023194625
:1039D0009846561C04F802E0023204F8068020B132
:1039E00035F8130008B10133DBB2060AA054BE5407
:1039F0000232D606F3D135F8136001F1010C7EB91D
:103A00000231284684F823306170FEF765FE84F8A1
:103A10002400000A84F82500484619B0BDE8F08F5C
:103A20006146D6E704F140070DF110081BF0010FC5
:103A300097E8070088E8070000F0D78040234FF0A0
:103A4000010A84F84B30BC46F368BAF1050F98E8D8
:103A50000700ACE803002CF8022B4FEA12428CF866
:103A600000205DD9981E524630F8021F002946D129
:103A7000C446072102F00F0E914612090EF13000E4
:103A8000392888BF0EF1370001390CF8010D02D03A
:103A9000B9F10F0FEED801F160037E200DEB0302A8
:103AA00002F8580C04F13F0000228A4206D010F8B8
:103AB00001CF02F1010EBCF1200F33D13F3204F1EE
:103AC000470C2244072997BF01F1600320200131F0
:103AD0000DEB030098BF10F8580C02F8010F944545
:103AE000F0D12046FFF72CFE8146002878D10AF15C
:103AF000010ABAF1640FA6D14FF007098CE74FF025
:103B0000100C01F0010E49080EEB4202D30344BF32
:103B100082F4883282F02102BCF1010CF1D1A3E7DA
:103B20005246A5E77246C0E7216B2046A1EB45113E
:103B3000FEF746FF814600287FF46EAF4FF6FF7810
:103B40003846FEF75BFC0190A16B3046FEF7EAFDBC
:103B5000814600287FF460AFE36BE9B2019A4FF031
:103B60000D0CD6F80CE05A734FF00F02DFF8E0A00E
:103B7000DA724A1E18730CFB02F284469876D876E5
:103B800040451AF8019B0CF1010C18BF3EF81200D9
:103B900003EB090B18BF013203F809004FEA1029A3
:103BA000002808BF4046BCF10D0F8BF80190E7D10B
:103BB000404502D03EF812200AB941F04001197088
:103BC000012300212046F370FFF7D0FB8146002837
:103BD0007FF422AF013DB7D11BE04FF006091BE790
:103BE00004287FF419AF84F84BB01BF0020F204675
:103BF0001BBF0C350D230125B5FBF3F518BF0135AF
:103C00002946FFF711FC814600287FF405AF013DEE
:103C10008AD1A16B3046FEF785FD814600287FF4EE
:103C2000FBAE01462022E06BFEF7EEF9E36B03CF1B
:103C300018605960BA7839889A72198194F84B30B3
:103C4000E26B03F0180313730123F370E4E600BF83
:103C50006496000810B504460A463430FEF7A4FB0B
:103C6000886004F13800FEF7A1FBC2E9040194F872
:103C7000213003F00203D3710023D36110BD000093
:103C800003284B8B04BF8A8A43EA024318467047D5
:103C90002DE9F04F0B7899B0054689462F2BD0F8C7
:103CA00000B001D05C2B09D14A461378914601320D
:103CB0002F2BFAD05C2BF8D0002301E0DBF81C306E
:103CC0000022AB60EA619BF80020042A1ED1EBB110
:103CD000DBF82030294604A82B62DBF824306B6225
:103CE000DBF82830AB62FFF75DFC0346002840F0AC
:103CF0004B81DBF8102002F13800FEF755FBC5E9D7
:103D0000040392F8213003F00203EB7199F80030BC
:103D10001F2B00F2F88080230021284685F84B30C5
:103D200019B0BDE8F04FFEF74BBE2F2800F07581AB
:103D30005C2800F072817F2808D801469B480093D8
:103D4000FCF7F2FC009B002840F02B81FF2F00F0D5
:103D5000288123F817400137D8E0022F03D15A8871
:103D60002E2A00F0E68003EB470206E032F8021D3F
:103D7000202901D02E2902D1013F002FF6D14FF08A
:103D8000000103EB470223F81710002F00F0098110
:103D9000002033F8106001460130202EF9D009B917
:103DA0002E2E02D144F00304E4B232F8020D2E2884
:103DB00001D0013FF9D14FF020324FF0000A6A6480
:103DC000D0462A64C5F847200822481C33F8116001
:103DD0000090002E00F0FA80202E04D02E2E07D165
:103DE000B84200F0E98044F00304E4B20099ECE743
:103DF000924580F0E4800099B94213D10B2A08D192
:103E0000E0E00099B94204D044F00304E4B200F2C7
:103E1000DD804FEA88080B224FF0080A00975FFA0E
:103E200088F8E3E77F2E3ED944F002013046CDE921
:103E30000232CBB240F25231019300F0EDFC10F0AF
:103E4000800F0646DDE9023214D000F07F065849A3
:103E50008E5D46B131465748CDE90232FCF764FC2D
:103E6000DDE9023208B301995F2641F00301C9B2CE
:103E7000019110E0FF28ECD9511E8A4504D344F08B
:103E800003049246E4B2B1E705EB0A01000A0AF125
:103E9000010A81F8400005EB0A01019C0AF1010AC0
:103EA00081F84060A2E70194D4E7A6F1410189B20C
:103EB000192902D848F00208EDE7A6F1610189B29C
:103EC00019299EBF203E48F00108B6B2E3E7002A58
:103ED00008BF052058E05A0755D4AB79DB0662D5F8
:103EE0009BF80000042852D1AB682946EA792B627E
:103EF0002B69DBF8100023F0FF0313436B62EB6CBC
:103F0000AB62FFF7A7FE2B680027DB6819F8010BEF
:103F100058B140F25231009300F09CFC0446002856
:103F20003FD01F28009B3FF600AF0424012F7FF4F1
:103F300014AF1A882E2A7FF416AF002205F13F0134
:103F400023F8172013469F4294BF20222E220133CC
:103F50000B2B01F8012FF6D144F02004E4B22846DF
:103F600085F84B40FFF7ECFB95F84B300028B2D0BA
:103F7000042809D1990603F00402A8D5002AC2D06A
:103F8000802385F84B30002019B0BDE8F08F2B6BF3
:103F90000BF14C01C3F308031944FFF771FEA8604D
:103FA000B1E70620F0E70520EEE700BF32950008F4
:103FB000E49500083B9500089245FFF41FAF0B2ADB
:103FC0007FF41FAF44F003040B22E4B295F84030B5
:103FD000E52B04BF052385F84030082A04BF4FEACB
:103FE00088085FFA88F808F00C030C2B03D008F05F
:103FF0000303032B02D144F00204E4B2A007AED4C1
:1040000048F3000318F0040F03F0100343EA04031D
:10401000DCB218BF44F00804A1E74A461478914680
:1040200001322F2CFAD05C2CF8D01F2C8CBF00242E
:104030000124A4007AE700BF1FB5CDE9001003A852
:1040400014460391FEF702FA002815DB0B4A52F8DA
:1040500020300BB100211970019B0BB100211970A8
:1040600042F820302CB1002201A96846FEF7C0FEBC
:104070000446204604B010BD0B24FAE74036002069
:104080002DE9F04F99B0174605460191002800F040
:10409000428102F03F0A03A901A85246FEF7A8FE9A
:1040A0000446002840F0E280039E4FF48C600496A2
:1040B00003F072FA8046002800F02F8100F50073AB
:1040C000F060019904A83361FFF7E2FD044620B9CE
:1040D0009DF95B30002BB8BF062417F01C0F00F0D1
:1040E0008680002C47D0042C40F0BC8004A8FFF749
:1040F000FFFB0446002840F0B5804AF0080A1AF099
:10410000080F33787FD0042B3FD1346929462E60C5
:104110002046FFF79FFD1E220021A01CFDF774FF23
:10412000306900211A222630FDF76EFF3369202204
:104130001A71346903F06CFA0146012208342046F2
:10414000FEF738F9336904A883F82120FFF744FA11
:104150000446002840F08680A96849B102462846F6
:10416000FEF724FDAF680446013F7761002C79D14A
:104170004AF0400A47E09DF8163013F0110F40F066
:10418000C6807C07BBD508246CE003F041FA0246E8
:10419000014613980E30FEF70DF9139811461630AC
:1041A000FEF708F913993078FFF76AFD2023002203
:1041B0000746CB7230461399FEF7A8FA139B0022EC
:1041C0001A775A779A77DA770123F370002FCFD0D6
:1041D000394604A8D6F84890FEF7E8FC04460028C3
:1041E00040D149463046FEF79DFA0446BCE7002C14
:1041F00038D19DF81630D80600F18780B90702D56E
:10420000DA0700F18480B36C1399AB64E964307809
:10421000042831D1069B29469DF817202B62089B64
:10422000306923F0FF0313436B62179BAB62FFF708
:1042300011FDF3880024002205F15009AB80002312
:10424000214648462E6085F830A085F831406C64E0
:10425000C5E90E234FF40072FDF7D6FE1AF0200FC9
:1042600015D10024404603F0A7F90CB100232B60C0
:10427000204619B0BDE8F08FFFF702FD0023A860CB
:1042800001F11C00FEF790F86B612861D1E7D5E9D8
:10429000047A57EA0A03E4D0B6F80AB0A9684FEAEC
:1042A0004B2BBB4574EB0A03C5E90E7A10D22846A6
:1042B000FEF7F0FAB7EB0B0701466AF1000A012896
:1042C0001FD9431C1FD0BB4574EB0A03EFD3002456
:1042D0002964002CC6D1C7F30803002BC1D0304697
:1042E000FEF780F8A8B17F0A0123494647EACA577A
:1042F000C2196A64707802F0B9FC041E18BF012468
:10430000B0E70224E4E70124E2E70424AAE7072453
:10431000A8E70224A6E70924AAE71124A8E70000D9
:104320002DE9F04F9A4687B00023884605A9044638
:10433000CAF800301646FEF7A3F8054690BB94F87D
:1043400031507DBB94F8303013F00103019300F03D
:10435000AB80D4E90432D4E90E011B1A62EB0102EE
:10436000B34272F1000238BF1E4604F150030293BB
:10437000C6B1D4E90E01C0F30803002B40F08580DC
:10438000DDF81490430AB9F80A2043EAC153013A10
:104390001A401AD1014309D1A06801280DD802257D
:1043A00084F83150284607B0BDE8F08F216C2046D4
:1043B0000392FEF76FFA039AEFE7431C04D101233F
:1043C000019D84F83130EDE72064216C4846FEF70A
:1043D00009F80028E3D0B6F5007F02EB000733D3DD
:1043E000B9F80A1002EB56204FEA562B884299F88A
:1043F000010088BFA1EB020B3A4641465B4602F042
:1044000035FC0028DBD194F93020002A0BDA606CEF
:10441000C01B584507D24FF4007204F1500108EB5D
:104420004020FDF7D1FD4FEA4B27DAF80030F61BAC
:10443000B8443B44CAF80030D4E90E32DB1942F1EB
:104440000002C4E90E3293E7626CBA421CD094F9C0
:10445000303004F1500199F80100002B0CDA0123EF
:10446000039102F027FC0028A9D194F83030039979
:1044700003F07F0384F8303001233A4699F80100B5
:1044800002F0F4FB00289AD16764A16B4046029BBE
:10449000C1F30801C1F500771944B74228BF374678
:1044A0003A46FDF791FDC0E707257BE770B596B06A
:1044B0000E460022019002A901A8FEF799FC0446CD
:1044C000E0B94FF48C6003F067F80546D8B1029B61
:1044D00000F500720199D86002A81A61FFF7D8FBB5
:1044E000044640B99DF95330002B0ADB1EB131461A
:1044F00002A8FEF71DF8284603F05EF8204616B025
:1045000070BD0624F7E71124F8E700002DE9F0411B
:10451000B8B00222019003A901A8FEF769FC044685
:1045200008BB039E4FF48C60109603F035F80546E7
:10453000002865D000F50073F060019910A8336180
:10454000FFF7A6FB044658B99DF88B309A0655D460
:104550001B0653D49DF8468018F0010F07D007249E
:10456000284603F029F8204638B0BDE8F0813478B9
:104570000496042C13D104A93069FFF76BFB069F46
:1045800018F0100F11D110A8FEF776FF044600288E
:10459000E6D157BB3046FEF7DFFB0446E0E71F9944
:1045A0002046FFF76DFB0746EAE7F369BB42D6D02A
:1045B000042C4FF0000124A82496269701BFDDE9C2
:1045C0000823CDE928239DF817308DF89730FEF7A2
:1045D000F7F904460028C3D124A8FFF72DF80446B4
:1045E0000028BCD00428BBD1CDE70246394604A838
:1045F000FEF7DCFA04460028B2D1CBE70624AFE789
:104600001124B0E72DE9F041BCB0CDE900106846B7
:10461000FDF71CFF022203A901A8FEF7E9FB0446EF
:10462000002840D1039E4FF48C60149602F0B4FF32
:104630000546002800F0ED8000F5007314AFF0602F
:10464000019938463361FFF723FB044640BB9DF8D0
:104650009B3013F0A00F40F0D8803378DDF8008055
:10466000042B67D1336904AC03F1400C186808339C
:1046700053F8041C2246634503C21446F6D1502267
:10468000394628A8FDF7A0FC414628A8FFF700FB03
:10469000044600284BD12A9A169B9A4207D0082438
:1046A000284602F089FF20463CB0BDE8F081349AEC
:1046B000209B9A42F3D128A8FFF71AF90446002854
:1046C000EED133690DF1100C93F8018093F823E0DB
:1046D0009C8C6246083303CABA4243F8080C43F87C
:1046E000041C9446F5D1336928A883F80180336906
:1046F00083F823E0336983F82440240A83F82540B3
:1047000032691379D9065CBF43F020031371FEF7B9
:1047100063FF04460028C3D13846FEF7ADFE0446C9
:104720000028BDD13046FEF717FB0446B8E7042841
:10473000B6D1C0E7239A04AB02F1200C106808320E
:1047400052F8041C1C46624503C42346F6D150228D
:10475000394628A8FDF738FC414628A8FFF798FA03
:10476000044600284DD12A9A169B9A4297D1349A32
:10477000209B9A4293D128A8FFF7BAF80446002854
:104780008ED137990DF11D030DF12D0001F10D02B0
:1047900053F8044B834242F8044BF9D118884FF088
:1047A000010810809B7893709DF81B30DA0658BF83
:1047B00043F02003CB7286F80380CB7ADB06ABD5BF
:1047C000169A2A9B9A42A7D03078FFF759FA0146E9
:1047D0003046FDF707FE0146C8B13046FDF7A2FF9F
:1047E000044600287FF45CAF96F86D302E2B93D1F1
:1047F0002A9A06F16C013046FDF788FF86F803809F
:104800008AE704287FF44CAFB5E7062448E7022482
:1048100046E7112447E700007F2801D880B270479F
:10482000B0F5803F11D240F2523399420DD1084A7F
:10483000002332F8021B814201D19BB202E0013316
:10484000802BF6D18033D8B270470020704700BF6C
:10485000249900087F280DD940F25233994208D19B
:10486000FF2806D800F10040034B803833F81000D1
:1048700070470020704700BF24990008B0F5803FC2
:10488000F0B522D283B21F4A1F49B3F5805F38BF0B
:104890000A46141D34F8042C2146AAB1934213D3BE
:1048A00034F8025C2E0AEFB252FA85F5A84223DAF8
:1048B000082E09D8DFE806F0050A10131517191B92
:1048C0001D00801A34F810301846F0BD9A1A02F014
:1048D00001029A1A93B2F7E7103B9BB2F4E7203B30
:1048E000FBE7303BF9E71A3BF7E70833F5E7503BC6
:1048F000F3E7A3F5E353F0E70434002ECAD101EB4C
:104900004702C6E7749600083097000808B5074BC1
:10491000074A196801F03D01996053680BB190682E
:104920009847BDE8084003F0B3B800BF000002405C
:104930004436002008B5084B1968890901F03D018B
:104940008A019A60054AD3680BB110699847BDE89F
:10495000084003F09DB800BF00000240443600202C
:1049600008B5084B1968090C01F03D010A049A606A
:10497000054A53690BB190699847BDE8084003F0B8
:1049800087B800BF000002404436002008B5084B3D
:104990001968890D01F03D018A059A60054AD369BD
:1049A0000BB1106A9847BDE8084003F071B800BF2A
:1049B000000002404436002008B5074B074A5968FA
:1049C00001F03D01D960536A0BB1906A9847BDE888
:1049D000084003F05DB800BF0000024044360020EC
:1049E00008B5084B5968890901F03D018A01DA6070
:1049F000054AD36A0BB1106B9847BDE8084003F035
:104A000047B800BF000002404436002008B5084BFC
:104A10005968090C01F03D010A04DA60054A536B3C
:104A20000BB1906B9847BDE8084003F031B800BF68
:104A3000000002404436002008B5084B5968890D33
:104A400001F03D018A05DA60054AD36B0BB1106CA9
:104A50009847BDE8084003F01BB800BF00000240C3
:104A60004436002008B5074B074A196801F03D019C
:104A70009960536C0BB1906C9847BDE8084003F007
:104A800007B800BF000402404436002008B5084BB8
:104A90001968890901F03D018A019A60054AD36CC1
:104AA0000BB1106D9847BDE8084002F0F1BF00BFA0
:104AB000000402404436002008B5084B1968090C70
:104AC00001F03D010A049A60054A536D0BB1906DE7
:104AD0009847BDE8084002F0DBBF00BF0004024079
:104AE0004436002008B5084B1968890D01F03D01D6
:104AF0008A059A60054AD36D0BB1106E9847BDE8E0
:104B0000084002F0C5BF00BF000402404436002048
:104B100008B5074B074A596801F03D01D960536E4B
:104B20000BB1906E9847BDE8084002F0B1BF00BFDE
:104B3000000402404436002008B5084B5968890932
:104B400001F03D018A01DA60054AD36E0BB1106FA6
:104B50009847BDE8084002F09BBF00BF0004024038
:104B60004436002008B5084B5968090C01F03D0196
:104B70000A04DA60054A536F0BB1906F9847BDE89D
:104B8000084002F085BF00BF000402404436002008
:104B900008B5084B5968890D01F03D018A05DA60B6
:104BA000054AD36F13B1D2F880009847BDE808409A
:104BB00002F06EBF000402404436002000230C4A7D
:104BC00010B519460B4C42F8043B54F82300016021
:104BD00042F813100433402BF7D1074A4FF0FF334C
:104BE0009360D360C2F80834C2F80C3410BD00BF23
:104BF00044360020249A00080000024011282DE9C4
:104C0000F041884611D004D8102810D10F2400207C
:104C100003E0122807D10F240720284F4FF0010C82
:104C20003D68A04205D9002043E00724EFE7044691
:104C3000F3E70CFA00F635423DD107EBC0043543EB
:104C4000C4E90123F3B23D604BB11D4B9C6B44F0B2
:104C500001049C631C6E44F001041C661B6E16F478
:104C60007F4F09D0164B9C6B44F002049C631C6E72
:104C700044F002041C661B6E0501124C635918684F
:104C800020F01F001860186810F00100FBD16619B1
:104C90004FF03D0C96F80CE071680CFA0EF70F60BF
:104CA0001860212058611AB14146B07B00F0A8FC81
:104CB0006019BDE8F0810130B3E700BF4436002041
:104CC00000450258249A000810B5302484F3118856
:104CD000FFF794FF002383F3118810BD10B504463D
:104CE000807B00F0A3FC1149637B01229A400B6892
:104CF00023EA0203DAB20B604AB90D4A916B21F044
:104D000001019163116E21F001011166126E13F41D
:104D10007F4F09D1064B9A6B22F002029A631A6EFA
:104D200022F002021A661B6E10BD00BF443600203E
:104D30000045025808B5302383F31188FFF7CEFFF2
:104D4000002383F3118808BD836CC26A8B425068CC
:104D500006D9013B4A0003EB4103B3FBF2F31844CD
:104D60007047000001F001038A0748BF43F00203C7
:104D70004A0748BF43F008030A0748BF43F004034B
:104D8000CA0648BF43F010038A06426B48BF43F08F
:104D900020031A434263704710B5074C204600F0C9
:104DA000C1FF064B0022C4E91023054BA364054B49
:104DB000E363054BE36410BDCC3800200070005263
:104DC00000B4C404CC360020C8360020C36A0BB936
:104DD0000E4BC3620379012B0CD10D4B984209D1C4
:104DE0000C4B5A6B42F480325A63DA6D42F48032D3
:104DF000DA65DB6D436C00221A65DA621A605A606C
:104E00005A624FF0FF329A63704700BF249B00083C
:104E1000CC380020004502580379012B16D0436C92
:104E200000221A65DA621A605A605A624FF0FF3245
:104E30009A63074B984209D1064B5A6B22F4803291
:104E40005A63DA6D22F48032DA65DB6D704700BF99
:104E5000CC3800200045025810B5446C0649FFF7D5
:104E600073FF6060236842F2107043F00303236015
:104E7000BDE8104001F05EBD801A060070B5456CBB
:104E80000129074E6C6808BF064904EA060418BFEA
:104E90000549FFF759FF044344F480546C6070BD2A
:104EA00000ECFFFF80F0FA0240787D01436C0022A5
:104EB0005A601A6070470000426C0129536823F45D
:104EC000404304D0022905D001B95360704743F430
:104ED0008043FAE743F40043F7E70000436C41F4F2
:104EE00080519A60D9605A6B1206FCD580229A6371
:104EF0007047000010B541F48851446CA260E16035
:104F0000616B11F04502FBD0A26311F0040203D0E3
:104F1000FFF728FF012010BD616910461960FAE70C
:104F200010B541F48851446CA260E160616B11F0EE
:104F30004502FBD0A26311F0050203D0FFF712FF78
:104F4000012010BD616910461960FAE72DE9F041B2
:104F5000302304460F46164683F31188436CDB6BFF
:104F600023B14FF0FF31403001F0F0FC606C0022C3
:104F70000265C263C262456B15F4807504D185F386
:104F800011880120BDE8F0814FF0FF33836382F385
:104F90001188012F06D9334620460C21BDE8F04187
:104FA000FFF7BEBF1046EDE72DE9F041446C0F4618
:104FB00000251646616BA1632565E562FFF7D2FE09
:104FC000012F06D933462A460C21BDE8F041FFF7F0
:104FD000A7BFBDE8F081000010B541F49851446CC2
:104FE000A260E160616B11F04502FBD0A26311F099
:104FF0003F0203D0FFF7B6FE012010BD216A104624
:105000001960E1695960A16999606169D960F4E743
:105010002DE9F34104460191006D01A916461F4692
:1050200002F05AFC00284BD0636C4FF47A72A06CEB
:105030005D68DDF80480C5F3090501356D00B0FB3E
:10504000F5F0B0FBF2F050435862204600F028FE25
:1050500060BB636C4FF0FF32E56C3946C3F8588093
:105060004FF001082046C3F850809A634FF49572C0
:10507000DA6342F207029E62DA622B46089AFFF771
:105080004FFF98B92A680F4B13407BB92A46414617
:105090002046FFF75BFF054640B932460199206D77
:1050A00002F054FC284602B0BDE8F0813246019976
:1050B000206D02F04BFCE26C01212046FFF774FFEB
:1050C0000125EFE708E0FFFD2DE9F7431F46436C9C
:1050D000856C04465E68884601924FF47A72C6F386
:1050E000090601367600B5FBF6F5B5FBF2F555433A
:1050F0005D6200F0D5FD002847D14FEA472901A99C
:10510000206D4A4602F0E8FB00283ED0656C019B0A
:10511000E66CAB6501232B654FF0FF33AB634FF4B7
:105120009573EB63236BC5F82890DB06334658BFB5
:105130004FEA4828012F42461BD912212046FFF78B
:10514000EFFEC0B93268124B1340A3B942F2930389
:10515000324639462046EB62FFF7F8FE054650B965
:105160004A460199206D02F0F1FB284603B0BDE8E4
:10517000F0831121E2E74A460199206D02F0E6FB37
:10518000E26C39462046FFF70FFF0125EDE700BF2F
:1051900008E0FFFD2DE9F3411F46436C856C044692
:1051A0005E68884601924FF47A72C6F309060136AA
:1051B0007600B5FBF6F5B5FBF2F555435D6200F000
:1051C0006FFD002843D17E0201A9206D324602F016
:1051D000CBFB00283BD0656C019BAB6501232B65A5
:1051E0004FF0FF33AB634FF48D73EB63236BAE6211
:1051F000DB06E66C58BF4FEA4828012F334642468B
:105200001AD919212046FFF78BFEB8B93268114B25
:1052100013409BB942F29103324639462046EB6275
:10522000FFF794FE054648B90199206D02F0DAFBBC
:10523000284602B0BDE8F0811821E3E70199206D0E
:1052400002F0D0FBE26C39462046FFF7ADFE0125A7
:10525000EEE700BF08E0FFFD12F0030F2DE9F0417B
:1052600007460C4615461E4617D00E44B44202D1DE
:105270000020BDE8F0810123FA6B21463846FFF794
:1052800023FF0028F5D128464FF40072F96B05F58D
:1052900000750134FCF798FEE8E7BDE8F041FFF740
:1052A00013BF000012F0030F2DE9F04107460C4632
:1052B00015461E4617D00E44B44202D10020BDE868
:1052C000F08129464FF40072F86B05F50075FCF784
:1052D0007BFE0123FA6B21463846FFF75BFF00286F
:1052E000EDD10134E8E7BDE8F041FFF753BF00001E
:1052F00000207047302310B583F311880024436CDD
:1053000040302146DC6301F02FFB84F3118810BD8F
:10531000026843680A43026003B1184770470000FF
:10532000024A136843F0C003136070470044004012
:10533000024A136843F0C0031360704700480040FE
:10534000024A136843F0C0031360704700780040BE
:10535000044B9A6C02439A641A6F104318671B6FD0
:10536000704700BF0045025837B5274C274D2046EF
:1053700000F038FD04F11400009400234FF4007293
:10538000234900F0C9F94FF40072224904F13800B2
:105390000094214B00F042FA204BC4E91735204C11
:1053A000204600F01FFD04F11400009400234FF488
:1053B00000721C4900F0B0F94FF400721A4904F170
:1053C00038000094194B00F029FA194BC4E917353D
:1053D000184C204600F006FD04F1140000234FF4A1
:1053E00000721549009400F097F9144B4FF40072C5
:1053F000134904F13800009400F010FA114BC4E98D
:10540000173503B030BD00BFF845002000E1F505B9
:105410002043002020410020215300080044004088
:105420008C450020203F0020203D00203153000803
:105430000048004020450020203B00204153000848
:10544000203900200078004038B5274B0446002959
:1054500014BF0D461D46037C012B06D1234B9842F9
:1054600032D14FF40030FFF773FF2A68236EE16DED
:1054700003EB5203A566B3FBF2F36A68100442BF64
:1054800023F0070003F0070343EA4003CB60AB6857
:1054900043F040034B60EB6843F001038B6042F440
:1054A000967343F001030B604FF0FF330B6251051D
:1054B00016D512F0102215D0B2F1805F14BFFF2371
:1054C0003F2384F8643038BD094B984202D14FF431
:1054D0008020C8E7074B9842C7D14FF08040C2E711
:1054E000FF23EEE77F23ECE72C9B0008F845002024
:1054F0008C450020204500202DE9F047C66D04466C
:105500003768F5692A07356219D045F30001C5F3FC
:10551000C00301F0200141EA0321AB074FF0300343
:1055200048BF41F04001680748BF41F0800183F364
:105530001188201DFFF7ECFE002383F31188EA0594
:105540000AD5302383F311884FF48061201DFFF7C3
:10555000DFFE002383F311884FF030094FF0000A7B
:105560000BE089F31188736A204694F8641019409F
:1055700000F052FC8AF31188F56915F02008F0D18B
:105580003B0616D54FF0300A04F13809280610D52D
:105590008AF31188484600F075F9002829DA0821B5
:1055A000201DFFF7B5FE27F080033360002383F34F
:1055B0001188790614D56A0612D5302383F3118831
:1055C000D4E913239A4208D1236C33B127F0400762
:1055D0001021201DFFF79CFE3760002383F3118804
:1055E000EB060BD5A26E136943B15069BDE8F047D5
:1055F0001847B06288F31188F569C7E7BDE8F087FE
:10560000090100F16043012203F56143C9B283F847
:10561000001300F01F039A4043099B0003F160430D
:1056200003F56143C3F880211A60704700F01F033F
:1056300001229A40430900F160409B0000F561405F
:1056400003F1604303F56143C3F88020C3F8802170
:10565000002380F800337047F8B515468268044689
:105660000B46AA4200D28568A1692669761AB5421E
:105670000BD22A461846FCF7A7FCA2692A44A36865
:105680002846A2615B1BA360F8BD0CD9AF1B18466E
:105690003246FCF799FC3A46E1683044FCF794FC4A
:1056A000E368DA19EBE72A461846FCF78DFCE26856
:1056B000E5E70000836893422DE9F04104460E4679
:1056C000154600D28568D4E904703F1ABD420CD259
:1056D0002A463146FCF778FC62692A44A3682846CA
:1056E00062615B1BA360BDE8F0810ED9A5EB0708E2
:1056F0003A463146FCF768FC4246F119E068FCF78F
:1057000063FCE36803EB0802E8E72A463146FCF74E
:105710005BFCE268E2E7000010B5C1600024C361F1
:10572000029B84600362C0E905111144C0E90000D6
:10573000016110BD08B5D0E90532934201D18268FC
:1057400082B98268013282605A1C4261197000215C
:10575000D0E904329A4224BFC368436101F01EF9C4
:10576000002008BD4FF0FF30FBE7000070B530238C
:1057700004460D4683F31188A668A6B1A368A26902
:10578000013BA360531CA36115782269934224BF97
:10579000E368A361E3690BB120469847002383F3D4
:1057A0001188284607E02946204601F0E7F800283E
:1057B000E2DA86F3118870BD2DE9F74F05460F46F2
:1057C00014469946D0F81CA04FF0300888F3118891
:1057D0004FF0000B164666B1324639462846FFF7B1
:1057E0003BFF034660B94946284601F0C7F8002848
:1057F000F2D0002383F31188A01B03B0BDE8F08F23
:10580000BAF1000F03D001902846D047019B8BF3DB
:105810001188F61A1F4488F31188DCE7C160C36160
:10582000009B82600362C0E905111144C0E90000D9
:1058300001617047F8B504460D461646302383F3E0
:105840001188A768A7B1A368013BA36063695A1CCC
:1058500062611D70D4E904329A4224BFE368636137
:10586000E3690BB120469847002080F3118807E0D8
:105870003146204601F082F80028E2DA87F31188E9
:10588000F8BD0000D0E9052310B59A4201D1826825
:105890007AB982680021013282605A1C82611C78C8
:1058A00003699A4224BFC368836101F077F82046F8
:1058B00010BD4FF0FF30FBE72DE9F74F05460F46CF
:1058C00014469946D0F81CA04FF0300888F3118890
:1058D0004FF0000B164666B1324639462846FFF7B0
:1058E000E9FE034660B94946284601F047F800281A
:1058F000F2D0002383F31188A01B03B0BDE8F08F22
:10590000BAF1000F03D001902846D047019B8BF3DA
:105910001188F61A1F4488F31188DCE70379052BF8
:1059200005BF836A002001204B6004BF4FF4007361
:105930000B60704770B55D1E866A04460D44B54223
:1059400005D9436B43F080034363012070BD0625F6
:105950000571FFF781FC05232371F7E770B55D1E24
:10596000866A04460D44B54205D9436B43F0800373
:105970004363012070BD07250571FFF793FC0523E4
:105980002371F7E738B505790446052D05D10823BD
:105990000371FFF7ADFC257138BD0120FCE7000065
:1059A0000323F0B5037185B00446FFF755FA0022D2
:1059B00020461146FFF792FA4FF4D57203AB082147
:1059C0002046FFF7ADFA0246B8B901232363039BD3
:1059D00003F47063B3F5807F09D103AB3721204610
:1059E000FFF79EFA18B9A54B039A1340A3B12046BE
:1059F0000125FFF75BFA0223ADE003AB002237215C
:105A00002046FFF78DFA28B99C4A039B1A40002ACA
:105A100000F0A58002232363236B03F00F03022B06
:105A200040F0A7806425964E42F2107000F082FF8D
:105A300003AB324601212046FFF75CFA0028D6D19D
:105A4000039B002B80F291805A0003D5236B43F017
:105A500010032363002204F1080302212046FFF70C
:105A6000BBFA02460028C2D104F1380303212046C4
:105A7000FFF756FA0028BAD104F11805A26B0921E4
:105A800020462B46FFF7A8FA0028B0D102ABA26B44
:105A900007212046FFF744FA06460028A7D1236BCA
:105AA00003F00F03022B40F08D807E227F212846D9
:105AB00003F036FA012840F28580E76B42F210705D
:105AC00000F038FF08234FF4007239462046009654
:105AD000FFF79EFA00288AD1384603F06DFA236B4F
:105AE000A06203F00F03022B70D103AB654A0621BD
:105AF0002046FFF715FA00286FD16049039B194033
:105B0000B1FA81F149092046FFF7B8F902AB4FF429
:105B1000007210212046FFF703FA054600287FF4A3
:105B200066AF564E029B33427FF461AF236B13F096
:105B30000E0F73D003F00F03022B7FF458AFE36A0C
:105B40001978012900F08F80022900F09380002944
:105B500040F0928005232846237105B0F0BD114620
:105B600020462263FFF7BAF956E7013D7FF45CAFA8
:105B70003DE7454D6426454A404F012B08BF154679
:105B800003AB002237212046FFF7CAF900287FF433
:105B90002EAF039B3B427FF42AAF03AB2A46292159
:105BA0002046FFF7A7F900287FF421AF039B002BC5
:105BB000FFF64AAF013E3FF41AAF42F2107000F018
:105BC000B9FEDDE7284603F0CBF988E77E227F2186
:105BD0002846E66B03F0A4F908B9002193E70023F7
:105BE00040223146204600930623FFF711FA002891
:105BF000F3D1B3895BBA9B07EFD5254B40223146E1
:105C0000204600930623FFF703FA0028E5D1317CF4
:105C100001F00F010F3918BF012174E7E36A197809
:105C2000002997D001297FF4E2AE2046FFF744F91E
:105C300003ABA26B37212046FFF772F900287FF4EF
:105C4000D6AE039B33427FF4D2AE03AB02220621D1
:105C50002046FFF765F900287FF4C9AE039B334265
:105C60003FF478AFC3E60B4F2046FFF725F903ABAF
:105C70003A46ECE7084FF7E7084FF5E708E0FFFD85
:105C80000080FFC00001B903000010800080FF50B9
:105C9000F1FFFF800001B7030002B7030000B70364
:105CA00037B504460C4D01ABA26B0D212046FFF722
:105CB00037F978B9019B2B420BD1C3F34323042B53
:105CC00008D0053B022B04D84FF47A7000F032FE66
:105CD000E9E7012003B030BD08E0FFFD70B53023D7
:105CE000044683F311880379022B4FF0000303D19C
:105CF00083F3118800250CE00422027183F31188DC
:105D0000FFF7CEFF05460226204625B1FFF7CEF865
:105D10002671284670BDFFF7C9F82671EAE7000032
:105D2000FFF73AB8044B0360012303710023436378
:105D3000C0E90A33704700BF449B000810B5302308
:105D4000044683F31188C162FFF740F80223002064
:105D5000237180F3118810BD10B53023044683F3FE
:105D60001188FFF759F800230122E362227183F3BF
:105D7000118810BD026843680A43026003B11847E6
:105D8000704700001430FFF717BD00004FF0FF33DD
:105D90001430FFF711BD00003830FFF78DBD000053
:105DA0004FF0FF333830FFF787BD00001430FFF7A6
:105DB000DDBC00004FF0FF311430FFF7D7BC00000E
:105DC0003830FFF737BD00004FF0FF323830FFF7B3
:105DD00031BD0000012914BF6FF01300002070478F
:105DE000FFF7C2BA044B036000234360C0E90233EB
:105DF00001230374704700BF689B000810B530236F
:105E0000044683F31188FFF71FFB0223002023744D
:105E100080F3118810BD000038B5C36904460D46F3
:105E20001BB904210844FFF7A5FF294604F114001B
:105E3000FFF780FC002806DA201D4FF40061BDE862
:105E40003840FFF797BF38BD026843680A430260D5
:105E500003B118477047000013B5406B00F580543C
:105E6000D4F8A4381A681178042914D1017C0229C5
:105E700011D11979012312898B4013420BD101A949
:105E80004C3002F07DFFD4F8A4480246019B2179F2
:105E9000206800F0DFF902B010BD0000143002F0FD
:105EA00005BF00004FF0FF33143002F0FFBE0000CA
:105EB0004C3002F0D1BF00004FF0FF334C3002F005
:105EC000CBBF0000143002F0D3BE00004FF0FF3112
:105ED000143002F0CDBE00004C3002F09DBF000037
:105EE0004FF0FF324C3002F097BF000000207047A7
:105EF00010B500F58054D4F8A4381A681178042934
:105F000017D1017C022914D15979012352898B4080
:105F100013420ED1143002F065FE024648B1D4F8A7
:105F2000A4084FF4407341790068BDE8104000F0C8
:105F30007FB910BD406BFFF7DBBF0000704700006A
:105F40007FB5124B01250426044603600023057427
:105F500000F1840243602946C0E902330C4B0290F1
:105F6000143001934FF44073009602F017FE094B72
:105F700004F69442294604F14C000294CDE90063F2
:105F80004FF4407302F0D8FE04B070BD909B00083F
:105F9000355F0008595E00080A68302383F31188D2
:105FA0000B790B3342F823004B79133342F823006B
:105FB0008B7913B10B3342F8230000F58053C3F8FB
:105FC000A41802230374002080F311887047000096
:105FD00038B5037F044613B190F85430ABB90125AE
:105FE000201D0221FFF730FF04F114006FF00101C2
:105FF000257700F0DFFC04F14C0084F854506FF07A
:106000000101BDE8384000F0D5BC38BD10B5012114
:1060100004460430FFF718FF0023237784F8543038
:1060200010BD000038B504460025143002F0CEFD46
:1060300004F14C00257702F097FE201D84F854509F
:106040000121FFF701FF2046BDE83840FFF750BFB0
:1060500090F88020034602F06002202A14D190F8C4
:1060600081200020212A02D81F2A03D87047222A23
:1060700007D07047054A5A6707229A67D8670120F8
:106080007047C3E91D00F9E7002070474422002053
:1060900037B500F58055D5F8A4381A681178042969
:1060A0001AD1017C022917D11979012312898B4059
:1060B000134211D100F14C04204602F013FF58B1F5
:1060C00001A9204602F05CFED5F8A4480246019BD7
:1060D0002179206800F0BEF803B030BD01F10B0358
:1060E000F7B550F8236004460D46F6B1302383F32C
:1060F000118804EB8507301D08214C36FFF7A4FEFC
:10610000FB685B691B6813B1304602F047FE01A9CA
:10611000304602F035FE024648B1019B2946204632
:1061200000F098F8002383F3118803B0F0BDFB68FA
:106130005A691268002AF5D01B8A013B1340F1D13D
:1061400004F18002EAE70000133138B550F821402D
:10615000ECB1302383F3118804F58053D3F8A428DD
:106160001368527903EB8203DB689B695D6845B174
:1061700004216018FFF768FE294604F1140002F0BC
:106180003BFD2046FFF7B4FE002383F3118838BDA2
:106190007047000001F076BD01234022002110B5B8
:1061A000044600F8303BFBF72FFF0023C4E901331E
:1061B00010BD000010B53023044683F3118824225B
:1061C000416000210C30FBF71FFF204601F07CFDF1
:1061D00002230020237080F3118810BD70B500EBFE
:1061E0008103054650690E461446DA6018B1102244
:1061F0000021FBF709FFA06918B110220021FBF76D
:1062000003FF31462846BDE8704001F05DBE000046
:1062100083682022002103F0011310B50446836037
:106220001030FBF7F1FE2046BDE8104001F0D6BE6D
:10623000F0B4012500EB810447898D40E4683D43BB
:10624000A469458123600023A2606360F0BC01F073
:10625000F3BE0000F0B4012500EB810407898D40F6
:10626000E4683D436469058123600023A2606360A4
:10627000F0BC01F069BF000070B5022300250446A0
:10628000242203702946C0F888500C3040F8045C82
:10629000FBF7BAFE204684F8705001F0A9FD636850
:1062A0001B6823B129462046BDE87040184770BDE1
:1062B0000378052B10B504460AD080F88C300523EE
:1062C000037043681B680BB1042198470023A36047
:1062D00010BD00000178052906D190F88C20436894
:1062E00002701B6803B118477047000070B590F842
:1062F0007030044613B1002380F8703004F180023E
:10630000204601F08FFE63689B68B3B994F8803033
:1063100013F0600535D00021204602F077F9002106
:10632000204602F067F963681B6813B10621204616
:106330009847062384F8703070BD2046984700289F
:10634000E4D0B4F88630A26F9A4288BFA36794F96C
:106350008030A56F002B4FF0300380F20381002DB9
:1063600000F0F280092284F8702083F31188002164
:106370002046D4E91D23FFF76DFF002383F3118826
:10638000DAE794F8812003F07F0343EA022340F226
:106390000232934200F0C58021D8B3F5807F48D007
:1063A0000DD8012B3FD0022B00F09380002BB2D1EF
:1063B00004F1880262670222A267E367C1E7B3F5CE
:1063C000817F00F09B80B3F5407FA4D194F88230A8
:1063D000012BA0D1B4F8883043F0020332E0B3F5CA
:1063E000006F4DD017D8B3F5A06F31D0A3F5C063BF
:1063F000012B90D86368204694F882205E6894F858
:106400008310B4F88430B047002884D043686367B1
:106410000368A3671AE0B3F5106F36D040F6024266
:1064200093427FF478AF5C4B63670223A36700233A
:10643000C3E794F88230012B7FF46DAFB4F8883055
:1064400023F00203A4F88830C4E91D55E56778E716
:10645000B4F88030B3F5A06F0ED194F882302046A6
:1064600084F88A3001F022FD63681B6813B10121B2
:1064700020469847032323700023C4E91D339CE77B
:1064800004F18B0363670123C3E72378042B10D146
:10649000302383F311882046FFF7BAFE85F3118875
:1064A0000321636884F88B5021701B680BB1204670
:1064B000984794F88230002BDED084F88B30042388
:1064C000237063681B68002BD6D0022120469847B2
:1064D000D2E794F8843020461D0603F00F010AD558
:1064E00001F092FD012804D002287FF414AF2B4B59
:1064F0009AE72B4B98E701F079FDF3E794F88230A7
:10650000002B7FF408AF94F8843013F00F01B3D060
:106510001A06204602D502F091F8ADE702F082F8A3
:10652000AAE794F88230002B7FF4F5AE94F884301B
:1065300013F00F01A0D01B06204602D502F066F82A
:106540009AE702F057F897E7142284F8702083F353
:1065500011882B462A4629462046FFF769FE85F317
:106560001188E9E65DB1152284F8702083F3118863
:1065700000212046D4E91D23FFF75AFEFDE60B2239
:1065800084F8702083F311882B462A46294620463A
:10659000FFF760FEE3E700BFC09B0008BC9B00085C
:1065A000B89B000838B590F870300446002B3ED0F8
:1065B000063BDAB20F2A34D80F2B32D8DFE803F0CB
:1065C00037313108223231313131313131313737E0
:1065D000856FB0F886309D4214D2C3681B8AB5FB24
:1065E000F3F203FB12556DB9302383F311882B4668
:1065F0002A462946FFF72EFE85F311880A2384F8E0
:1066000070300EE0142384F87030302383F3118847
:10661000002320461A461946FFF70AFE002383F39B
:10662000118838BDC36F03B198470023E7E7002105
:10663000204601F0EBFF0021204601F0DBFF6368FC
:106640001B6813B10621204698470623D7E70000B0
:1066500010B590F870300446142B29D017D8062BAB
:1066600005D001D81BB110BD093B022BFBD800217E
:10667000204601F0CBFF0021204601F0BBFF6368FC
:106680001B6813B1062120469847062319E0152BF5
:10669000E9D10B2380F87030302383F31188002375
:1066A0001A461946FFF7D6FD002383F31188DAE76F
:1066B000C3689B695B68002BD5D1C36F03B1984752
:1066C000002384F87030CEE70023826880F82430FD
:1066D00083691B6899689142FBD25A6803604260E3
:1066E00010605860704700000023826880F82430F2
:1066F00083691B6899689142FBD85A6803604260BD
:10670000106058607047000008B50846302383F3D6
:10671000118891F82430032B05D0042B0DD02BB910
:1067200083F3118808BD8B6A00221A604FF0FF3393
:106730008362FFF7C9FF0023F2E7D1E9003213605B
:106740005A60F3E7034610B51B68984203D09C6873
:106750008A689442F8D25A680B604A6011605960A6
:1067600010BD0000FFF7B0BF064BD96881F82400C8
:106770001868026853601A600122D86080F82420EB
:10678000F9F740BE984800200C4B30B5DD684B1C33
:1067900087B004460FD02B46094A684600F09EF9A0
:1067A0002046FFF7E1FF009B13B1684600F0A0F917
:1067B000A86A07B030BDFFF7D7FFF9E79848002077
:1067C00009670008044B1A68DB6890689B68984268
:1067D00094BF00200120704798480020094B10B555
:1067E0001C68D868226853601A600122DC6084F853
:1067F0002420FFF779FF01462046BDE81040F9F755
:1068000001BE00BF98480020044B1A68DB689268FC
:106810009B689A4201D9FFF7E1BF70479848002072
:1068200038B50123084C00252370656002F0E6FBB3
:1068300002F00CFC0549064802F0E2FC022323703A
:1068400085F3118838BD00BF10490020C49B0008A3
:106850009848002000F082B9034A516853685B1AD7
:106860009842FBD8704700BF001000E08B604B637C
:106870000023CA610B63022310B504468B840123F5
:10688000084604F128028C6181F8263001F11003DA
:106890000A61E26A4A611360E36201F12C03CB6290
:1068A00010BD0000D0E90131026841F8183CA1F1A7
:1068B0009C033839CB60036941F8243C436941F8B3
:1068C000203C034B41F8043CC3680248FFF7CEBFAD
:1068D0001D0400089848002008B5FFF7E3FFBDE855
:1068E0000840FFF73FBF000038B50E4BDC6804F1ED
:1068F0002C05A062E06AA8420FD194F826303BB97B
:1069000094F825309B0702BFD4E9043213605A6023
:106910000F20BDE83840FFF727BF0368E362FFF7A9
:1069200021FFE7E798480020302383F31188FFF721
:10693000DBBF000008B50146302383F3118808202F
:10694000FFF722FF002383F3118808BD054BDB68A6
:1069500021B1036098620320FFF716BF4FF0FF30AC
:10696000704700BF984800200346006820B100220D
:106970001A608162FFF7F6BE70470000064BDB68C5
:1069800039B1426818605A60136043600420FFF711
:10699000FBBE4FF0FF307047984800200346006868
:1069A000834205D002681A6053608162FFF7DABE45
:1069B0007047000038B504460D462068844200D177
:1069C00038BD036823605C608562FFF7CBFEF4E7A7
:1069D000036810B59C68A2420CD85C680B608A60A2
:1069E0004C60216059609968891A99604FF0FF33B3
:1069F000836010BD121B1B68ECE700000A2938BF3A
:106A00000A2170B504460D460A26601902F0F0FA14
:106A100002F0D8FA041BA54203D8751C04462E4682
:106A2000F3E70A2E04D90120BDE8704002F0B0BCA3
:106A300070BD0000F8B5144B14460A270D46D96105
:106A40000A2C826003F1100238BF0A2442601A69DE
:106A5000026050601861081902F0BAFA02F0B2FA46
:106A6000431B0646A34206D37C1C281927463546FD
:106A700002F0BEFAF2E70A2F04D90120BDE8F8407F
:106A800002F086BCF8BD00BF9848002070B50D46E6
:106A9000064602F097FA0F490B4653F8102F9A4218
:106AA00006D12A4601463046BDE87040FFF7C2BF16
:106AB000CB69C41A93682C1928BF2C46A34202D96B
:106AC0002946FFF79BFF224631460348BDE8704048
:106AD000FFF77EBF98480020A8480020C0E90323A4
:106AE000002310B45DF8044B4361FFF7CFBF0000F3
:106AF00010B5194C236998420DD08168D0E9003255
:106B000013605A609A680A449A60002303604FF049
:106B1000FF33A36110BD0268234643F8102F536072
:106B20000022026022699A4203D1BDE8104002F0BF
:106B300059BA936881680B44936002F043FA226962
:106B4000E1699268441AA242E4D91144BDE81040B8
:106B5000091AFFF753BF00BF984800202DE9F047FE
:106B6000DFF8B88008F110072B4ED8F8105002F06B
:106B700029FAD8F81C40AA68011B8A423DD814445F
:106B8000D5E90032C8F81C4013605A6000232B601E
:106B90009946D8F81020B24201D102F023FA89F3C5
:106BA0001188D5E9033128469847302383F31188AB
:106BB0006B69002BD9D002F005FA6A69A0EB0409D1
:106BC00082464A450DD2022002F0E2FB0022D8F8AC
:106BD0001030B34208D151462846BDE8F047FFF7D0
:106BE00029BF2244121AF2E712EB09092946384656
:106BF00038BF4A46FFF7ECFEB6E7D8F81010B142AE
:106C000008D01444C8F81C00211AA960BDE8F04758
:106C1000FFF7F4BEBDE8F087A848002098480020A0
:106C200038B502F0CFF9054AD2E90845031B181917
:106C300045F10001C2E9080138BD00BF98480020B5
:106C400010B560B9074804790368053C9B6818BF14
:106C500001249847404200F00400204310BD012069
:106C6000FCE700BFCC380020FFF7EABF2DE9F04772
:106C70008846174699460446B0B90D4E3579052D1C
:106C800005D003240DE0013D15F0FF050ED033685B
:106C9000424639463046D3F814A04B46D047002828
:106CA000F1D12046BDE8F0870424FAE70124F8E793
:106CB000CC3800202DE9F04788461746994604460F
:106CC000B0B90D4E3579052D05D003240DE0013DF9
:106CD00015F0FF050ED03368424639463046D3F8EA
:106CE00018A04B46D0470028F1D12046BDE8F087D8
:106CF0000424FAE70124F8E7CC38002037B50C4625
:106D0000154670B949B101290BD107486946036896
:106D10001B6A984710B9019B2B600024204603B0E2
:106D200030BD0424FAE700BFCC38002000207047B3
:106D3000FEE70000704700004FF0FF307047000092
:106D40004B6843608B688360CB68C3600B694361A9
:106D50004B6903628B6943620B68036070470000F4
:106D600008B53B4B40F2FF713A48D3F888200A43FC
:106D7000C3F88820D3F888206FF30A02C3F888206C
:106D8000D3F88830344B1A6C0A431A649A6E0A435B
:106D90009A66324A9B6E1146FFF7D2FF00F580607B
:106DA00002F11C01FFF7CCFF00F5806002F1380111
:106DB000FFF7C6FF00F5806002F15401FFF7C0FF46
:106DC00000F5806002F17001FFF7BAFF00F5806006
:106DD00002F18C01FFF7B4FF00F5806002F1A80119
:106DE000FFF7AEFF00F5806002F1C401FFF7A8FFD6
:106DF00000F5806002F1E001FFF7A2FF00F580607E
:106E000002F1FC01FFF79CFF02F58C7100F5806038
:106E1000FFF796FF01F0A6FC114BD3F8902242F049
:106E20000102C3F89022D3F8942242F00102C3F881
:106E300094220522C3F898204FF06052C3F89C209A
:106E4000084AC3F8A020BDE8084000F005BD00BF17
:106E5000004402580000025800450258D89B000820
:106E600000ED00E01F00080308B501F083FEFFF706
:106E7000D7FC0D4BDA6B42F04002DA635A6E22F017
:106E800040025A665B6E094B1A6842F008021A60AB
:106E90001A6842F004021A6000F0ACFD00F040FBFA
:106EA000BDE8084000F0B2B800450258001802489A
:106EB00001207047002070477047000002290CD065
:106EC000032904D00129074818BF00207047032A6E
:106ED00005D8054800EBC200704704487047002001
:106EE000704700BFBC9D00084C220020709D000828
:106EF00070B59AB005460846144601A900F0BEF8E0
:106F000001A8FBF77FF8431C0022C6B25B001046C5
:106F1000C5E9003423700323023404F8013C01ABBB
:106F2000D1B202348E4201D81AB070BD13F8011BE1
:106F3000013204F8010C04F8021CF1E708B5302313
:106F400083F311880348FFF7A3F8002383F3118824
:106F500008BD00BFA84B002090F8803003F01F024E
:106F6000012A07D190F881200B2A03D10023C0E920
:106F70001D3315E003F06003202B08D1B0F88430F6
:106F80002BB990F88120212A03D81F2A04D8FFF7B3
:106F90005FB8222AEBD0FAE7034A426707228267EA
:106FA000C3670120704700BF6C22002010B5044663
:106FB000052916D8DFE801F016150316161D302333
:106FC00083F311880E4A0121FFF708F920460D4A84
:106FD0000221FFF703F90C48FFF724F8002383F39D
:106FE000118810BD302383F311880748FEF7F0FFA6
:106FF000F4E7302383F311880348FFF707F8EDE740
:10700000489D0008249D0008A84B002038B50B4D72
:107010000B4C2A460B492046FFF76AFF05F1CA02CE
:1070200004F108000849FFF763FF05F5CA7204F18F
:1070300010000649BDE83840FFF75ABF4849002014
:1070400054220020459500084F9500085E950008E1
:1070500070B5044608460D46FAF7D4FFC6B220467E
:10706000013403780BB9184670BD32462946FAF749
:10707000B5FF0028F3D10120F6E700002DE9F0412B
:1070800005460C46FAF7BEFF2A49C6B22846FFF766
:10709000DFFF08B10F36F6B227492846FFF7D8FFC1
:1070A00008B11036F6B2632E07D8224FDFF8888079
:1070B0002E7846B92670BDE8F08129462046BDE805
:1070C000F041F9F799BB252E30D1072239462846E1
:1070D000FAF784FF70B9194B224603F1140153F8F3
:1070E000040B8B4242F8040BF9D11B880735163488
:1070F0001380DDE7082241462846FAF76FFFA8B95A
:10710000A21C0F4B0F48104E197802320909415C3E
:1071100002F8041C13F8011B01F00F01B342415C9B
:1071200002F8031CF0D118340835C1E7013504F822
:10713000016BBDE7679500085E9500086F95000834
:1071400000E8F11F869500080CE8F11FBFF34F8F90
:10715000044B1A695107FCD1D3F810215207F8D11A
:10716000704700BF0020005208B50D4B1B78ABB92B
:10717000FFF7ECFF0B4BDA68D10704D50A4A5A60D7
:1071800002F188325A60D3F80C21D20706D5064A9C
:10719000C3F8042102F18832C3F8042108BD00BFFE
:1071A00050640020002000522301674508B5114BB0
:1071B0001B78F3B9104B1A69510703D5DA6842F00E
:1071C0004002DA60D3F81021520705D5D3F80C211C
:1071D00042F04002C3F80C21FFF7B8FF064BDA6813
:1071E00042F00102DA60D3F80C2142F00102C3F848
:1071F0000C2108BD50640020002000520F289ABFC7
:1072000000F5806040040020704700004FF400301B
:1072100070470000102070470F2808B50ED8FFF700
:10722000EDFF0368013309D100F5003304308342D8
:1072300001D1012008BD02680132F7D00020F9E732
:107240000F2838B505463FD8FFF780FF1F4CFFF7E2
:107250008BFF4FF0FF3307286361C4F814311DD84A
:107260002361FFF773FF030243F02403E360E36845
:1072700043F08003E36023695A07FCD42846FFF7F4
:1072800065FFFFF7BBFF4FF4003100F0C1FA28465D
:10729000FFF78CFFBDE83840FFF7BEBFC4F81031E0
:1072A000FFF754FFA0F108031B0243F02403C4F8C6
:1072B0000C31D4F80C3143F08003C4F80C31D4F80D
:1072C00010315B07FBD4D9E7002038BD0020005205
:1072D0002DE9F84F04460D46104644EA0203DB064A
:1072E00002D00020BDE8F88F20F01F00DFF8E0A0FA
:1072F000DFF8E0B0FFF738FF05EB0008454503D1A4
:107300000120FFF753FFEDE7202229462046F9F739
:1073100085FB10B920342035F0E723680133E0D134
:10732000234604F120020433934244D104F178430C
:10733000234E2448B3F5801F234B28BF9946A3F55D
:1073400082732EBF5846D1461E46FFF7FFFE4FF010
:10735000FF33A4EB050C05F11C010360336843F017
:10736000020333602B1FD9F8007017F00507FAD11C
:1073700053F8042F8B424CF80320F4D1BFF34F8F06
:10738000FFF7E4FE4FF0FF330360336823F002039E
:107390003360BFF34F8F0D4BC3F85C42BFF34F8F89
:1073A000BFF36F8F202229462046F9F737FB0028CC
:1073B000B0D03846A5E719680131B4D091E700BFD5
:1073C0000C210052142000521021005200ED00E068
:1073D000102000521421005210B5084C237828B117
:1073E0001BB9FFF7C1FE0123237010BD002BFCD099
:1073F0002070BDE81040FFF7D9BE00BF50640020E8
:107400002DE9F74F0D468246002877D011F00D0781
:107410000CBF0826202611F0080300933BD0431E22
:1074200003426BD106460AF11F0121F01F0A4FF0FB
:107430000109DFF8D88005F0040305EA090BBBF168
:10744000000F38D0D8F81420D20734D409F101093C
:1074500008F10C08B9F1060FF1D187B9284D324671
:107460005146E81901F014FE044600BB2037A02F56
:10747000F5D13246514601F00BFE0446B8B932460A
:107480005146204801F004FE0446002831D1204630
:1074900003B0BDE8F08F002FC5D10029C7D1014648
:1074A0003246284601F0F4FD04460028BFD052467B
:1074B000002120461FE01BB1D8F814205407C5D581
:1074C000A80703D5D8F814209107BFD5009A1AB1A0
:1074D000D8F814201207B9D5019332460A4B514609
:1074E00003EB491001F0D4FD019B04460028ADD008
:1074F000DDE752460021FAF787FDC8E70024C6E71A
:10750000946400205464002074640020D89D000816
:107510000021FFF775BF00000121FFF771BF0000D8
:1075200070B5144D0124144E40F2FF3200210120A9
:10753000FAF76AFD06EB441001342A6955F80C1F6E
:1075400001F092FD062CF5D137254FF4C0542046AA
:10755000FFF7E2FF014628B122460848BDE8704027
:1075600001F082BDC4EBC404013D4FEAD404EED166
:1075700070BD00BFD89D00087464002054640020D2
:107580000421FFF73DBF00004843FFF7C1BF0000E3
:1075900008B101F0F1BD7047B0F5805F10B5044649
:1075A00007D8FFF7EDFF28B92046BDE81040FFF7E8
:1075B000AFBF002010BD0000FFF7EABF70B5044662
:1075C0001046AAB144EA010313F01F030FD1094A80
:1075D000214495686D0706D51568AC4203D35668FB
:1075E0003544A94204D903330C32122BF1D10020C7
:1075F00070BD00BFD89D000808B501F0D1FE034A58
:10760000D2E90032C01842EB010108BD3865002004
:107610002DE9F743434AD2E9003213437ED0FFF706
:10762000EBFF414A00234FF46164F8F705FF3F4A3E
:1076300000230026F8F700FF3C23ADF80160B2FB01
:10764000F3F1B2FBF4F503FB112104FB1522384CD6
:10765000C9B2A042B2FBF3F24FF046038DF80030FE
:1076600046D840F26D194FF0640E4FF4C8789F076A
:1076700003F26C7428D1B4FBFEF70EFB174747BB2F
:10768000B4FBF8F708FB1744002C0BBF4FF0010CBC
:107690004FF0000C4FF4B7744C465F1CA042FFB291
:1076A0001CD20EB18DF800300023224C0C271E4650
:1076B00007FB0C44DFB203F1010CE75D874211D8F0
:1076C000C01B63460126F5E74FF0000C40F26D1435
:1076D000E3E74FF0010C4FF4B774DEE7001B3B46C5
:1076E0000126C4E70EB18DF8013001308DF802009B
:1076F0009DF800009DF8013050380133400640EA03
:1077000043509DF8023040EA034040EAC52040EA79
:10771000421040EA510003B0BDE8F0834FF404107A
:10772000F9E700BF3865002040420F00805101009A
:1077300090230B00209E00080244074BD2B210B5E4
:10774000904200D110BD441C00B253F8200041F813
:10775000040BE0B2F4E700BF504000580E4B30B5C8
:107760001C6F240405D41C6F1C671C6F44F4004478
:107770001C670A4C02442368D2B243F4807323602E
:10778000074B904200D130BD441C51F8045B00B25D
:1077900043F82050E0B2F4E7004402580048025891
:1077A0005040005807B5012201A90020FFF7C4FF8F
:1077B000019803B05DF804FB13B50446FFF7F2FF30
:1077C000A04205D0012201A900200194FFF7C6FFC5
:1077D00002B010BD10B56424013C4FF47A70FFF77D
:1077E000A9F814F0FF04F7D1084B4FF0807214246D
:1077F0009A6103F5805308229A61013C4FF47A7034
:10780000FFF798F814F0FF04F7D110BD00000258FC
:107810000144BFF34F8F064B884204D3BFF34F8F11
:10782000BFF36F8F7047C3F85C022030F4E700BFEE
:1078300000ED00E00144BFF34F8F064B884204D3B4
:10784000BFF34F8FBFF36F8F7047C3F870022030C4
:10785000F4E700BF00ED00E0114BDA6951021DD5DD
:107860009A69D20704D50F4A9A6002F144329A60AD
:10787000DA69D007FCD41A6A22F480021A629A6983
:1078800042F002029A61064BDA69D107FCD49A6988
:1078900042F001029A61DA69D207FCD4704700BF56
:1078A000002000523B2A190870B5054616460C46C2
:1078B00001201021FFF768FE286046733CB1204686
:1078C00036B1FFF75DFE2B68186000B19C6070BD9B
:1078D000FFF722FEF7E70000F8B50E4615460B68E5
:1078E000044640B905F11F01306821F01F01FFF780
:1078F0008FFF012718E0427B29461846FFF75EFEFE
:1079000007460028EED133686360A368AB4211D20A
:1079100013B12068FFF73CFE637B284633B1FFF7C5
:107920002FFE206028B9A0603846F8BDFFF7F4FDAF
:10793000F7E7A560206805F11F01306021F01F0105
:10794000FFF766FF01232373D3E7000010B5044659
:1079500040B10068884205D1606808B1FAF734FB8D
:107960000023237310BD0000F8B50E4614460B68C3
:10797000054640B904F11F01306821F01F01FFF7EF
:1079800059FF012716E0427B21461846FFF716FEF5
:1079900007460028EED1AB68A34211D213B1286884
:1079A000FFF7F6FD6B7B204633B1FFF7E9FD28605A
:1079B00028B9A8603846F8BDFFF7AEFDF7E7AC6020
:1079C000316819B122462868FAF7FEFA286804F1EE
:1079D0001F01306021F01F01FFF72CFF01232B73E3
:1079E000CFE7000020B103688B4204BF002303737C
:1079F00070470000034B1A681AB9034AD2F8D02422
:107A00001A607047406500200040025808B5FFF733
:107A1000F1FF024B1868C0F3806008BD406500208C
:107A2000EFF30983054968334A6B22F001024A6388
:107A300083F30988002383F31188704700EF00E087
:107A4000302080F3118862B60D4B0E4AD96821F4BC
:107A5000E0610904090C0A430B49DA60D3F8FC2001
:107A600042F08072C3F8FC20084AC2F8B01F1168C7
:107A700041F0010111602022DA7783F8220070477B
:107A800000ED00E00003FA0555CEACC5001000E0A3
:107A9000302310B583F311880E4B5B6813F4006339
:107AA00014D0F1EE103AEFF309844FF08073683C84
:107AB000E361094BDB6B236684F30988FEF782FEE2
:107AC00010B1064BA36110BD054BFBE783F3118892
:107AD000F9E700BF00ED00E000EF00E02F04000830
:107AE0003204000870B5BFF34F8FBFF36F8F1A4A8F
:107AF0000021C2F85012BFF34F8FBFF36F8F53694D
:107B000043F400335361BFF34F8FBFF36F8FC2F85D
:107B10008410BFF34F8FD2F8803043F6E074C3F384
:107B2000C900C3F34E335B0103EA0406014646EA8B
:107B300081750139C2F86052F9D2203B13F1200F50
:107B4000F2D1BFF34F8F536943F480335361BFF3D6
:107B50004F8FBFF36F8F70BD00ED00E0FEE70000B8
:107B6000214B2248224A70B5904237D3214BC11E87
:107B7000DA1C121A22F003028B4238BF00220021C5
:107B8000FAF742FA1C4A0023C2F88430BFF34F8F41
:107B9000D2F8803043F6E074C3F3C900C3F34E3328
:107BA0005B0103EA0406014646EA81750139C2F821
:107BB0006C52F9D2203B13F1200FF2D1BFF34F8F5B
:107BC000BFF36F8FBFF34F8FBFF36F8F0023C2F8E8
:107BD0005032BFF34F8FBFF36F8F70BD53F8041B4C
:107BE00040F8041BC0E700BF1C9F00083C67002052
:107BF0003C6700203C67002000ED00E0054B9A6BDD
:107C000022EA00029A631A6E22EA00021A661B6ECA
:107C1000704700BF0045025870B5D0E924430022E8
:107C20004FF0FF359E6804EB42135101D3F8000971
:107C3000002805DAD3F8000940F08040C3F80009B5
:107C4000D3F8000B002805DAD3F8000B40F0804091
:107C5000C3F8000B01326318B242C3F80859C3F8E5
:107C6000085BE0D94FF00113C4F81C3870BD000068
:107C7000890141F02001016103699B06FCD41220B7
:107C8000FEF7EABD10B50A4C2046FEF785FA094B0F
:107C9000C4F89030084BC4F89430084C2046FEF7E6
:107CA0007BFA074BC4F89030064BC4F8943010BDF3
:107CB000F865002000000840449E00085C65002034
:107CC00000000440389E000870B503780546012B7B
:107CD00058D13F4BD0F89040984254D13D4B0E21A3
:107CE00065209A6B42F000629A631A6E42F000625D
:107CF0001A661B6E384BD3F8802042F00062C3F83E
:107D00008020D3F8802022F00062C3F88020D3F8CE
:107D10008030FDF775FC314BE360314BC4F800381F
:107D20000023D5F89060C4F8003EC02323604FF4D0
:107D30000413A3633369002BFCDA01230C203361A5
:107D4000FEF78AFD3369DB07FCD41220FEF784FDC1
:107D50003369002BFCDA00262846A660FFF75CFF9B
:107D60006B68C4F81068DB68C4F81468C4F81C6851
:107D700063BB1C4BA3614FF0FF336361A36843F007
:107D80000103A36070BD184B9842C9D1114B4FF04D
:107D900080600E219A6B42F000729A631A6E42F074
:107DA00000721A661B6E0C4BD3F8802042F00072F2
:107DB000C3F88020D3F8802022F00072C3F880201E
:107DC000D3F88030FFF71AFF4D20A2E7074BD1E729
:107DD000F865002000450258004402584014004055
:107DE00003002002003C30C05C650020083C30C02D
:107DF000F8B5D0F89040054600214FF000662046C7
:107E0000FFF736FFD5F8941000234FF001128F686A
:107E10004FF0FF30C4F83438C4F81C2804EB431288
:107E200001339F42C2F80069C2F8006BC2F808092A
:107E3000C2F8080BF2D20B68D5F89020C5F898303C
:107E4000636210231361166916F01006FBD112202D
:107E5000FEF702FDD4F8003823F4FE63C4F80038BE
:107E6000A36943F4402343F01003A3610923C4F83A
:107E70001038C4F814380B4BEB604FF0C043C4F813
:107E8000103B094BC4F8003BC4F81069C4F8003932
:107E9000D5F8983003F1100243F48013C5F8982008
:107EA000A362F8BD509E000840800010D0F89020DA
:107EB00090F88A10D2F8003823F4FE6343EA0113E5
:107EC000C2F80038704700002DE9F84300EB810349
:107ED0000C460FFA81F9D0F89050D96800228046FC
:107EE00060010E6806F00306731E022B05EB4413B7
:107EF00098BFB604C3F8102B04F110024FF0010331
:107F000094BF06F18056334E03FA02F38A6998BF94
:107F100006F50046002A39D04F8A04F1580237434B
:107F20005201AF50D5F81C2813430022C5F81C3865
:107F30002B180127C3F81029A7404A69631E92B382
:107F40000A8A4033898B9208012905EB830388BF95
:107F50004A43D8F89810501841EA0241C8F89800EE
:107F6000284659602146FFF783FE08EB8900C36865
:107F70001B8A43EA84534834334364012B51D5F8B8
:107F80001C383B43C5F81C38BDE8F88305EB49179E
:107F9000D7F8002B22F40042C7F8002BD5F81C2894
:107FA00022EA0303C1E704F13F030B4A21462846B6
:107FB00005EB83035A60FFF75BFE05EB4913D3F82B
:107FC000002922F40042C3F80029D5F81C3823EA1E
:107FD0000703D7E70080001000040002D0F89420C7
:107FE0001268C0F89820FFF717BE00005831D0F88B
:107FF000903049015B5813F4004004D013F4001F83
:1080000014BF0120022070474831D0F89030490158
:108010005B5813F4004004D013F4001F14BF012078
:108020000220704700EB8100C368196A0B68136077
:108030004B6853607047000000EB810330B5DD688A
:10804000AA691368D36019B9402B84BF4023136019
:108050006B8A1468D0F890201C4402EB4110013C5C
:1080600009B2B4FBF3F46343033323F0030343EA9D
:10807000C44343F0C043C0F8103B2B6803F0030334
:10808000012B0ED1D2F8083802EB411013F4807F97
:10809000D0F8003B14BF43F0805343F00053C0F8C6
:1080A000003B02EB4112D2F8003B43F00443C2F81C
:1080B000003B30BD2DE9F041D0F8906005460C46FC
:1080C00006EB4113D3F8087B3A07C3F8087B08D5C1
:1080D000D6F814381B0704D500EB8103DB685B6816
:1080E0009847FA071FD5D6F81438DB071BD505EBE0
:1080F0008403D9688B69C4B9488A5A68B2FBF0F620
:1081000000FB16228AB91868DA6890420DD2121A5A
:10811000C3E90024302383F3118821462846FFF762
:108120008BFF84F31188BDE8F08101226B89A240A6
:1081300023EA02036B81CB68002BF4D0214628464A
:10814000BDE8F0411847000000EB81034A0170B51B
:10815000DD68D0F890306C692668E6604EBB1A4442
:108160004FF40020C2F810092A6802F00302012A25
:108170000AB20ED1D3F8080803EB421410F4807F42
:10818000D4F8000914BF40F0805040F00050C4F80B
:10819000000903EB4212D2F8000940F00440C2F893
:1081A00000090122D3F834088A400243C3F8342876
:1081B00070BD19B9402E84BF4020206020681A4449
:1081C0002E8A8419013CB4FBF6F440EAC44040F026
:1081D0000050C7E72DE9F843D0F8906005460C46FB
:1081E0004F0106EB4113D3F8088918F0010FC3F8CB
:1081F00008891CD0D6F81038DB0718D500EB8103AE
:10820000D3F80CC0DCF81430D3F800E0DA689645F7
:1082100030D2A2EB0E024FF000091A60C3F80490AE
:10822000302383F31188FFF78FFF89F3118818F04B
:10823000800F1DD0D6F834380126A640334217D01F
:1082400005EB84030134D5F89050D3F80CC0E4B2A8
:108250002F44DCF8142005EB0434D2F800E0516818
:10826000714513D3D5F8343823EA0603C5F83438FA
:10827000BDE8F883012203898A4023EA02030381CF
:10828000DCF80830002BD2D09847D0E7AEEB0103E2
:10829000BCF81000834228BF0346D7F8180980B203
:1082A000B3EB800FE4D89068A0F1040959F8048F6B
:1082B000C4F80080A0EB09089844B8F1040FF5D881
:1082C0001844194490605160C9E700002DE9F04757
:1082D000D0F8905004466E69AB691E4016F4805881
:1082E0006E6103D0BDE8F047FDF7C6BF002E12DA7D
:1082F000D5F8003E9B0705D0D5F8003E23F00303D8
:10830000C5F8003ED5F80438204623F00103C5F82F
:108310000438FDF7DFFF370505D52046FFF77CFC65
:108320002046FDF7C5FFB0040CD5D5F8083813F08A
:10833000060FEB6823F470530CBF43F4105343F45F
:10834000A053EB6031071BD56368DB681BB9AB69D1
:1083500023F00803AB612378052B0CD1D5F8003E40
:108360009A0705D0D5F8003E23F00303C5F8003E78
:108370002046FDF7AFFF6368DB680BB120469847E6
:10838000F30234D50021D4F890900F4609EB47133F
:10839000D3F8002902F44022B2F5802F1FD1D3F880
:1083A0000029002A1BDAD3F8002942F09042C3F8D2
:1083B0000029D3F80029002AFBDBD4F89000FFF74E
:1083C00057FC01222389BA4023EA0203238104EBEC
:1083D0008703DB689B6813B139462046984701370D
:1083E000D4F89430FFB29B689F423946CED9B70289
:1083F00026D5D4F8909000274FF0010A09EB4712D8
:10840000D2F8003B03F44023B3F5802F11D1D2F80A
:10841000003B002B0DDA63890AFA07F223EA020314
:10842000638104EB8703DB68DB6813B139462046C0
:1084300098470137D4F89430FFB29B689F42DDD94A
:10844000F00618D5D4F89000026AC2F30A1702F0B9
:108450000F0302F4F012B2F5802F00F08D80B2F518
:10846000402F08D104EB8303002200F58050DB6825
:108470001B6A974273D13003D5F8185835D5E903F4
:1084800003D500212046FFF715FEAA0303D50121DD
:108490002046FFF70FFE6B0303D502212046FFF7AE
:1084A00009FE2F0303D503212046FFF703FEE80250
:1084B00003D504212046FFF7FDFDA90203D50521C0
:1084C0002046FFF7F7FD6A0203D506212046FFF795
:1084D000F1FD2B0203D507212046FFF7EBFDEF014D
:1084E00003D508212046FFF7E5FD70036BD5E907AA
:1084F00003D500212046FFF76DFEAA0703D5012111
:108500002046FFF767FE6B0703D502212046FFF7E1
:1085100061FE2F0703D503212046FFF75BFEEE0621
:1085200003D504212046FFF755FEA80603D50521F3
:108530002046FFF74FFE690603D506212046FFF7C8
:1085400049FE2A0603D507212046FFF743FEEB0527
:1085500039D520460821BDE8F047FFF73BBE91071B
:1085600001D1D0F80080072A02F101029CBF03F874
:10857000018B4FEA18287CE704EB830300F5805059
:10858000DA68D2F818C0DCF80820DCE9001CA1EB9E
:108590000C0C00218F4208D1DB689B699A683A4431
:1085A0009A605A683A445A6065E711F0030F01D1A6
:1085B000D0F800808C4501F1010184BF02F8018BE5
:1085C0004FEA1828E6E7BDE8F087000008B5034841
:1085D000FFF77CFEBDE80840FFF75ABAF8650020B7
:1085E00008B50348FFF772FEBDE80840FFF750BA30
:1085F0005C650020D0F8903003EB4111D1F8003BCE
:1086000043F40013C1F8003B70470000D0F89030ED
:1086100003EB4111D1F8003943F40013C1F80039DC
:1086200070470000D0F8903003EB4111D1F8003BC7
:1086300023F40013C1F8003B70470000D0F89030DD
:1086400003EB4111D1F8003923F40013C1F80039CC
:1086500070470000044BDA6B0243DA635A6E104332
:1086600058665B6E704700BF0045025808B53C4B2A
:108670004FF0FF31D3F8802062F00042C3F8802031
:10868000D3F8802002F00042C3F88020D3F8802085
:10869000D3F88420C3F88410D3F884200022C3F8D0
:1086A0008420D3F88400D86F40F0FF4040F4FF00EE
:1086B00040F4DF4040F07F00D867D86F20F0FF40E3
:1086C00020F4FF0020F4DF4020F07F00D867D86F4F
:1086D000D3F888006FEA40506FEA5050C3F8880022
:1086E000D3F88800C0F30A00C3F88800D3F88800E4
:1086F000D3F89000C3F89010D3F89000C3F89020FE
:10870000D3F89000D3F89400C3F89410D3F89400F1
:10871000C3F89420D3F89400D3F89800C3F89810C5
:10872000D3F89800C3F89820D3F89800D3F88C00B9
:10873000C3F88C10D3F88C00C3F88C20D3F88C00CD
:10874000D3F89C00C3F89C10D3F89C10C3F89C206D
:10875000D3F89C30FCF732FABDE8084000F0D2B9FB
:108760000044025808B50122504BC3F80821504B71
:108770005A6D42F002025A65DA6F42F00202DA677D
:108780000422DB6F4B4BDA605A689104FCD54A4AED
:108790001A6001229A60494ADA6000221A614FF495
:1087A00040429A61434B9A699204FCD51A6842F49C
:1087B00080721A60424B1A6F12F4407F04D04FF45B
:1087C00080321A6700221A671A6842F001021A60A2
:1087D0003B4B1A685007FCD500221A611A6912F047
:1087E0003802FBD1012119604FF0804159605A676E
:1087F000344ADA62344A1A611A6842F480321A60E2
:108800002F4B1A689103FCD51A6842F480521A6003
:108810001A689204FCD52D4A2D499A6200225A63A7
:10882000196301F57C01DA6301F5E77199635A6414
:10883000284A1A64284ADA621A6842F0A8521A6072
:108840001F4B1A6802F02852B2F1285FF9D1482272
:108850009A614FF48862DA6140221A621F4ADA6430
:108860001F4A1A651F4A5A651F4A9A6532231F4AD2
:108870001360136803F00F03022BFAD1104A136937
:1088800043F003031361136903F03803182BFAD183
:108890004FF00050FFF7DEFE4FF08040FFF7DAFEAA
:1088A0004FF00040BDE80840FFF7D4BE0080005103
:1088B000004502580048025800C000F004000001C2
:1088C000004402580000FF01008890083220600038
:1088D00063020901470E0508DD0BBF0120000020DF
:1088E000000001100910E0000001011000200052FA
:1088F0004FF0B04208B5D2F8883003F00103C2F857
:10890000883023B1044A13680BB150689847BDE81A
:108910000840FFF7BDB800BFBC6600204FF0B04272
:1089200008B5D2F8883003F00203C2F8883023B1CA
:10893000044A93680BB1D0689847BDE80840FFF738
:10894000A7B800BFBC6600204FF0B04208B5D2F80F
:10895000883003F00403C2F8883023B1044A136955
:108960000BB150699847BDE80840FFF791B800BFC8
:10897000BC6600204FF0B04208B5D2F8883003F052
:108980000803C2F8883023B1044A93690BB1D06957
:108990009847BDE80840FFF77BB800BFBC660020E1
:1089A0004FF0B04208B5D2F8883003F01003C2F897
:1089B000883023B1044A136A0BB1506A9847BDE866
:1089C0000840FFF765B800BFBC6600204FF0B04319
:1089D00010B5D3F8884004F47872C3F88820A30651
:1089E00004D5124A936A0BB1D06A9847600604D541
:1089F0000E4A136B0BB1506B9847210604D50B4AF6
:108A0000936B0BB1D06B9847E20504D5074A136C02
:108A10000BB1506C9847A30504D5044A936C0BB175
:108A2000D06C9847BDE81040FFF732B8BC66002014
:108A30004FF0B04310B5D3F8884004F47C42C3F83B
:108A40008820620504D5164A136D0BB1506D984706
:108A5000230504D5124A936D0BB1D06D9847E004FD
:108A600004D50F4A136E0BB1506E9847A10404D57C
:108A70000B4A936E0BB1D06E9847620404D5084A36
:108A8000136F0BB1506F9847230404D5044A936FBA
:108A90000BB1D06F9847BDE81040FEF7F9BF00BF9B
:108AA000BC66002008B50348FCF724FCBDE808407C
:108AB000FEF7EEBFCC38002008B50348FCF71CFDDC
:108AC000BDE80840FEF7E4BFF845002008B50348BC
:108AD000FCF712FDBDE80840FEF7DABF8C45002028
:108AE00008B50348FCF708FDBDE80840FEF7D0BF15
:108AF0002045002008B500F0A1FCBDE80840FEF7C5
:108B0000C7BF0000062108B50846FCF779FD06211D
:108B10000720FCF775FD06210820FCF771FD0621F2
:108B20000920FCF76DFD06210A20FCF769FD0621EE
:108B30001720FCF765FD06212820FCF761FD0921BF
:108B40007A20FCF75DFD09213120FCF759FD072152
:108B50003220FCF755FD0C212620FCF751FD0C219D
:108B60002720FCF74DFD0C215220BDE80840FCF702
:108B700047BD000008B5FFF779FD00F02DFCFDF7BB
:108B80002FF9FDF7CDF8FDF705FBFDF7D7F9FEF757
:108B900093F9BDE8084000F013BA000030B5043383
:108BA000039C0172002104FB0325C160C0E9065348
:108BB000049B0363059BC0E90000C0E90422C0E9EF
:108BC0000842C0E90A11436330BD00000022416A37
:108BD000C260C0E90411C0E90A226FF00101FDF78B
:108BE000E9BE0000D0E90432934201D1C2680AB95B
:108BF000181D704700207047036919600021C26882
:108C00000132C260C269134482699342036124BF86
:108C1000436A0361FDF7C2BE38B504460D46E368FA
:108C20003BB162690020131D1268A3621344E36222
:108C300007E0237A33B929462046FDF79FFE002836
:108C4000EDDA38BD6FF00100FBE70000C368C269D0
:108C5000013BC3604369134482699342436124BF6B
:108C6000436A436100238362036B03B11847704773
:108C700070B53023044683F31188866A3EB9FFF746
:108C8000CBFF054618B186F31188284670BDA36A4C
:108C9000E26A13F8015B9342A36202D32046FFF716
:108CA000D5FF002383F31188EFE700002DE9F84F8B
:108CB00004460F4691469A464FF0300888F31188D3
:108CC0000026B346A56A4DB951462046FFF7A4FFDA
:108CD00020B185F311883046BDE8F88FD4E90A1534
:108CE000A9EB06036D1A9D4228BF1D46402D1AD9D7
:108CF0003B4601F1400251F8040B914243F8040B4A
:108D0000F9D1A36A403740364033E26AA3629A42FF
:108D100002D82046FFF79AFF8BF311884E45DAD22E
:108D200088F31188CEE738462A46F9F74DF9A36A49
:108D30002F442E442B44E8E710B5029C0433017203
:108D400003FB0421C460C0E906130023C0E90A3311
:108D5000039B0363049BC0E90000C0E90422C0E94F
:108D60000842436310BD0000026A6FF00101C26057
:108D7000426AC0E904220022C0E90A22FDF71ABEB5
:108D80000346D0E90420824201D1DB681BB950F8C8
:108D9000043B0B60704700231846FAE7C3680021C4
:108DA000C2690133C36043691344826993424361DA
:108DB00024BF436A4361FDF7F1BD000038B50446A6
:108DC0000D46E3683BB1236900201A1DA262E269E7
:108DD0001344E36207E0237A33B929462046FDF7BE
:108DE000CDFD0028EDDA38BD6FF00100FBE7000093
:108DF00003691960C268013AC260C269134482699A
:108E00009342036124BF436A036100238362036BBF
:108E100003B118477047000070B530230D46044673
:108E2000114683F31188866A2EB9FFF7C7FF10B188
:108E300086F3118870BDA36A1D70A36AE26A0133CC
:108E40009342A36204D3E16920460439FFF7D0FFBF
:108E5000002080F31188EDE72DE9F84F05460C4618
:108E600091469A464FF0300888F311880027BB4698
:108E7000AE6A4EB951462846FFF7A0FF20B186F3EF
:108E800011883846BDE8F88FD5E90A06A9EB070333
:108E9000361A9E4228BF1E46402E1AD904F14003BE
:108EA00054F8042B9C4240F8042BF9D1AB6A4037AC
:108EB0004033EA6AAB629A4204D8E9692846043929
:108EC000FFF796FF8BF311884F45DAD288F31188AC
:108ED000CEE721463246F9F777F8AB6A3444374497
:108EE0003344E6E7D0E9042103468A4216D1C0683C
:108EF000A8B1986A98B10438801A10D01060012087
:108F0000D9680139D960D9690A4499698A421A61D4
:108F100024BF5A6A1A6100229A6270470020704783
:108F200070B501F01F04550901234E090134B5EB5A
:108F3000511F02F01F0203FA04F350F8254038BF16
:108F400050F8260003F1FF333DBFD4401840C2F172
:108F5000200303EA040036BF9840D040204370BD90
:108F600070B57E227F210546FFF7DAFF18B1012890
:108F700019D0002070BD3E2249212846FFF7D0FFBE
:108F80002F22044631212846FFF7CAFF0646013446
:108F90005022023653212846B440FFF7C1FF09385A
:108FA00004FA00F0E6E7302245212846FFF7B8FF33
:108FB00001308002DEE70000D0F8D40070470000E6
:108FC00000F018BA014B586A704700BF000C00400F
:108FD000034B002258631A610222DA60704700BF17
:108FE000000C0040014B0022DA607047000C00408A
:108FF000014B5863704700BF000C0040024B034A0E
:109000001A60034A5A607047946600204067002047
:1090100000000220074B494210B55C68201A084046
:109020001968821A8A4203D3A24201D85A6010BD3D
:109030000020FCE79466002008B5302383F31188F4
:10904000FFF7E8FF002383F3118808BD0448054BB0
:1090500003600023C0E901330C3000F017B900BFF2
:109060009C66002039900008CB1D083A23F00703C6
:10907000591A521A10B4D2080024C0E9004384607F
:109080000C301C605A605DF8044B00F0FFB8000023
:109090002DE9F84F374BCD1D8846002814BF814677
:1090A0009946082A4FEAD50538BF082209F10C0B6A
:1090B0009246584600F02CF909F104020AF1070122
:1090C000CAF10000146874B9584600F02BF9D9F8B9
:1090D0000030CBB308225146E8009847044698B3C5
:1090E00040E9029830E06718D4F804C007400CF15A
:1090F0000103A7F1080604EBC303B34238D9DF1B11
:10910000B5EBE70F4FEAE70E32D8B4421FD204F1B5
:109110000803AE45A6EB03034FEAE30363600BD9F4
:10912000691CAEEB050E06EBC1020EF1FF33536076
:10913000236846F8313022603446C6F80480584629
:1091400044F8089B00F0EEF82046BDE8F88FAC45E7
:1091500021680AD0013504EBC50044F8351000F150
:1091600008015B1A0146DB10436026461160E3E705
:109170002246A7E79C660020F8B550F8043C044658
:1091800050F8085CA0F1080607332F1D0C35DB08EA
:1091900040F8043C284600F0BBF83B469F421A6862
:1091A00001D0B34228D20AB1964225D244F8082C05
:1091B00054F8042C1E60013254F8081C06EBC2005F
:1091C000814206D1486810440A6844F8040C44F807
:1091D000082C59684A1C03EBC202964207D154F886
:1091E000042C01320A445A6054F8082C1A602846AC
:1091F000BDE8F84000F096B81346CFE7FEE7000060
:1092000070B5002504461D4B86B005630E4681638C
:109210005860FEF715FC04F12803A5606563C4E9F6
:109220000A3304F11003C4E904334FF0FF33C4E9F7
:109230000044C4E90635FFF7C5FE2B46024604F19B
:109240003C012046C4E9082380230D4A6567FDF7E9
:109250000DFB7368E0600B4A03620123009280F803
:1092600024306846F26801923269CDE90223064B48
:10927000CDE90435FDF730FB06B070BD1049002084
:10928000749E000897950008FD9100080023C0E92E
:10929000000083600361704770B51C4B054684680D
:1092A000DE685CB3B44213D103690133036170BD5E
:1092B000A36094F8243083B1062B15D1A06A21460F
:1092C000D4E9003213605A60FDF73CFAA36A9C6847
:1092D000B368A2689A42EBD306E0D4E90032204694
:1092E00013605A60FDF73EFA28463146FDF72AFA28
:1092F000B5620620BDE87040FDF736BA03698660A6
:1093000001330361336BC3603063D0E798480020BA
:1093100008B5302383F31188FFF7BEFF002383F3E2
:10932000118808BD0346194AD0689A68824210B570
:109330001FD1302282F31188196901391961A9B945
:109340001C68DA68A34202631DD0416B92B9816048
:10935000012218681A6102681A605360026B9860F3
:10936000DA600363FDF7FEF9FDF74EFA002383F39D
:10937000118810BD1468A24203D0A468A14238BF6E
:109380002146D268E2E79960F0E700BF98480020E4
:10939000024A536B03435363704700BF9848002051
:1093A00038B5EFF311859DB9EFF30584C4F30804D4
:1093B000302334B183F31188FDF732FC85F3118833
:1093C00038BD83F31188FDF72BFC84F3118838BD79
:1093D000BDE83840FDF724BC0023054A1946013397
:1093E000102BC2E9001102F10802F8D1704700BF4A
:1093F000BC6600200E4B9A6C42F008029A641A6F09
:1094000042F008021A670B4A1B6FD36B43F0080344
:10941000D363C722084B9A624FF0FF32DA62002210
:109420009A615A63DA605A6001225A611A60704781
:10943000004502580010005C000C0040094A08B5C5
:109440001169D3680B40D9B29B076FEA0101116122
:1094500007D5302383F31188FDF7FCF9002383F34C
:10946000118808BD000C00404D4435002D2D0A0028
:109470002F6172647570696C6F742E6162696E0021
:109480002F6172647570696C6F742D766572696690
:10949000792E6162696E002F6172647570696C6FFC
:1094A000742D666C6173682E6162696E002F617243
:1094B000647570696C6F742D666C61736865642E79
:1094C0006162696E0053544D333248373F3F3F006D
:1094D00053544D3332483733782F37327800535452
:1094E0004D3332483734332F3735332F373530004B
:1094F0002F005375636365737366756C6C79206DAB
:109500006F756E74656420534443617264202873E0
:109510006C6F77646F776E3D2575290A00EB769046
:1095200045584641542020200046415433322020E3
:1095300020002A3A3C3E7C223F7F002B2C3B3D5BA7
:109540005D006330004375626550696C6F74004361
:109550007562654F72616E67652B2D424C00255315
:10956000455249414C250025424F4152442500486F
:10957000344833324E395F4136553832384E5F43C6
:109580003436334F50003031323334353637383992
:109590004142434445460069646C65000000000098
:1095A0000000000001120008A11200085114000878
:1095B000D912000899120008000000000000000005
:1095C00005120008AD12000889140008FD110008FA
:1095D0000912000801105A00031059000120580018
:1095E00003205600435545414141414345454549C6
:1095F000494941414592924F4F4F5555594F554F0B
:109600009C4F9E9F41494F55A5A5A6A7A8A9AAABC7
:10961000ACADAEAFB0B1B2B3B4414141B8B9BABB71
:10962000BCBDBEBFC0C1C2C3C4C54141C8C9CACB0D
:10963000CCCDCECFD1D145454549494949D9DADBD1
:10964000DCDD49DF4FE14F4F4F4FE6E8E855555518
:109650005959EEEFF0F1F2F3F4F5F6F7F8F9FAFBF9
:10966000FCFDFEFF01030507090E10121416181C5D
:109670001E0000007D1D0100632C001E9601A01E2F
:109680005A01001F0806101F0606201F0806301F7B
:109690000806401F0606511F0700591F521F5B1F77
:1096A000541F5D1F561F5F1F601F0806701F0E00AE
:1096B000BA1FBB1FC81FC91FCA1FCB1FDA1FDB1F62
:1096C000F81FF91FEA1FEB1FFA1FFB1F801F080678
:1096D000901F0806A01F0806B01F0400B81FB91F7E
:1096E000B21FBC1FCC1F0100C31FD01F0206E01F0A
:1096F0000206E51F0100EC1FF31F0100FC1F4E21B5
:109700000100322170211002842101008321D02424
:109710001A05302C2F04602C0201672C0601752CD1
:109720000201802C6401002D260841FF1A0300006D
:1097300061001A03E0001703F8000703FF000100AF
:1097400078010001300132010601390110014A019E
:109750002E017901060180014D0043028101820141
:1097600082018401840186018701870189018A01C0
:109770008B018B018D018E018F019001910191016F
:1097800093019401F60196019701980198013D0219
:109790009B019C019D0120029F01A001A001A2014B
:1097A000A201A401A401A601A701A701A901AA0180
:1097B000AB01AC01AC01AE01AF01AF01B101B2012F
:1097C000B301B301B501B501B701B801B801BA01E0
:1097D000BB01BC01BC01BE01F701C001C101C20156
:1097E000C301C401C501C401C701C801C701CA0141
:1097F000CB01CA01CD011001DD0101008E01DE01A6
:109800001201F3010300F101F401F401F801280150
:10981000220212013A020900652C3B023B023D0282
:10982000662C3F0240024102410246020A015302F5
:10983000400081018601550289018A0158028F0189
:109840005A0290015C025D025E025F0293016102B6
:109850006202940164026502660267029701960142
:109860006A02622C6C026D026E029C01700271022F
:109870009D01730274029F017602770278027902D9
:109880007A027B027C02642C7E027F02A6018102A6
:109890008202A9018402850286028702AE01440287
:1098A000B101B20145028D028E028F029002910237
:1098B000B7017B030300FD03FE03FF03AC030400B9
:1098C0008603880389038A03B1031103C2030200DC
:1098D000A303A303C4030803CC0303008C038E0378
:1098E0008F03D8031801F2030A00F903F303F4030A
:1098F000F503F603F703F703F903FA03FA03300459
:10990000200350041007600422018A043601C104B8
:109910000E01CF040100C004D004440161052604F7
:1099200000000000C700FC00E900E200E400E000E5
:10993000E500E700EA00EB00E800EF00EE00EC00D5
:10994000C400C500C900E600C600F400F600F2003D
:10995000FB00F900FF00D600DC00F800A300D800EF
:10996000D7009201E100ED00F300FA00F100D10010
:10997000AA00BA00BF00AE00AC00BD00BC00A10050
:10998000AB00BB0091259225932502252425C1001B
:10999000C200C000A9006325512557255D25A200FE
:1099A000A5001025142534252C251C2500253C2533
:1099B000E300C3005A2554256925662560255025F6
:1099C0006C25A400F000D000CA00CB00C800310113
:1099D000CD00CE00CF0018250C2588258425A600B3
:1099E000CC008025D300DF00D400D200F500D500E4
:1099F000B500FE00DE00DA00DB00D900FD00DD006E
:109A0000AF00B400AD00B1001720BE00B600A70043
:109A1000F700B800B000A800B700B900B300B2006A
:109A2000A025A000100002400800024000080240EB
:109A300000000B0028000240080002400408024019
:109A400006010C00400002400800024008080240E5
:109A500010020D0058000240080002400C080240AD
:109A600016030E00700002400C0002401008024075
:109A700000040F00880002400C000240140802405D
:109A800006051000A00002400C0002401808024029
:109A900010061100B80002400C0002401C080240F1
:109AA00016072F001004024008040240200802405C
:109AB000000838002804024008040240240802403C
:109AC0000609390040040240080402402808024008
:109AD000100A3A0058040240080402402C080240D0
:109AE000160B3B00700402400C0402403008024098
:109AF000000C3C00880402400C0402403408024080
:109B0000060D4400A00402400C0402403808024044
:109B1000100E4500B80402400C0402403C0802400C
:109B2000160F460001000000000000000096000033
:109B30000000000000000000000000000000000025
:109B40000000000000000000B16E0008B56E0008C3
:109B5000A1590008DD5C0008355900085D5900086E
:109B6000855900081D59000800000000A15D00088B
:109B70008D5D0008C95D0008B55D0008C15D000885
:109B8000AD5D0008995D0008855D0008D55D0008A1
:109B900000000000B95E0008A55E0008E15E000854
:109BA000CD5E0008D95E0008C55E0008B15E000801
:109BB0009D5E0008ED5E000801000000000000004E
:109BC00000000000429500080000000000000000B6
:109BD00068460020984800200000812A000000000C
:109BE000AAAAAAAA00000024FFFE000000000000AC
:109BF00000A00A000001000000000000AAAAAAAA12
:109C000000000000FFFF0000000000000000000056
:109C10001400AA5600000000AAAAAAAA14005554CB
:109C2000FFFF000000000000CCCC0C0020681A00F0
:109C300000000000AAAA8AAA10541500FFFF000025
:109C4000000C700777000000408102010010000046
:109C5000AAAAAAAA00410100F7FF000000000070B4
:109C6000070000000000000000000000AAAAAAAA45
:109C700000000000FFFF00000000000000000000E6
:109C80000000000000000000AAAAAAAA000000002C
:109C9000FFFF0000000000000000000000000000C6
:109CA00000000000AAAAAAAA00000000FFFF00000E
:109CB00000000000000000000000000000000000A4
:109CC000AAAAAAAA00000000FFFF000000000000EE
:109CD000000000000000000000000000AAAAAAAADC
:109CE00000000000FFFF0000000000000000000076
:109CF0000000000000000000AAAAAAAA00000000BC
:109D0000FFFF00000000000000000000F8650020D8
:109D100001010200AD6F0008BD6E0008596F000818
:109D20003D6F000803000000000000009161000882
:109D30000000000010000000184900200000000092
:109D40000100000000000000020000000000000010
:109D5000DD600008496100084000400038490020EB
:109D6000284900200200000000000000040309044C
:109D700043000000789D000809024300020100C072
:109D8000320904000001020201000524001001054F
:109D900024010001042402020524060001070582B3
:109DA000030800FF09040100020A00000007050182
:109DB0000240000007058102400000001200000080
:109DC000C49D00081201100102000040AE2D581081
:109DD0000002010203010000000000200000020058
:109DE0000200000000000030000004000800000035
:109DF000000000240000080004000000000400002F
:109E000000FC0000020000000000043000800000A0
:109E10000800000000000038000001000100000000
:109E20001F1C1F1E1F1E1F1F1E1F1E1F1F1D1F1E4C
:109E30001F1E1F1F1E1F1E1F00010000001000001C
:109E40000800000080000000400100000800000041
:109E500000000000ED620008A565000851660008DA
:109E6000400040004C6500204C65002001000000CF
:109E7000446500206D61696E002C043804043808C4
:109E80000C10141C2024252600000000000064048F
:109E90000100040000000000000C00102830340015
:109EA000C865FF7F010000002704000000000000DB
:109EB00000001E0000000000FF000000A84B002072
:109EC000F84500208C4500202045002000000000BF
:109ED000C594000883040000D094000850040000DA
:109EE000DE94000801000000000000000096000061
:109EF00000000800040000006C9D00080000000045
:109F00000000000000000000000000000000000051
:0C9F1000000000000096000000000800A7
:00000001FF
