:020000040800F2
:1000000000060020E1020008E3020008E302000805
:10001000E3020008E3020008E3020008E30200082C
:10002000E3020008E3020008E3020008D5760008B6
:10003000E3020008E3020008E3020008E30200080C
:10004000E3020008E3020008E3020008E3020008FC
:10005000E3020008E3020008E18500080D860008BD
:10006000398600086586000891860008E145000889
:100070000946000835460008614600088D4600081C
:10008000B5460008E1460008E3020008E302000864
:10009000E3020008E3020008E3020008BD8600084E
:1000A000E3020008E3020008E3020008E30200089C
:1000B000E3020008E3020008E3020008E30200088C
:1000C000E3020008E3020008E3020008E30200087C
:1000D000E3020008E3020008A9870008BD870008C2
:1000E00021870008E3020008E3020008E302000899
:1000F000E3020008E3020008E30200080D470008DD
:10010000E302000895870008E5870008E30200087D
:10011000E3020008E3020008E3020008E30200082B
:1001200039470008614700088D470008B9470008B3
:10013000E5470008E3020008E3020008E3020008C4
:10014000E3020008E3020008E3020008E3020008FB
:100150000D4800083948000865480008E302000817
:10016000E3020008E3020008E3020008E3020008DB
:10017000E3020008C1820008E3020008E30200086D
:10018000E3020008E3020008D1870008E302000848
:10019000E3020008E3020008E3020008E3020008AB
:1001A000E3020008E3020008E3020008E30200089B
:1001B000E3020008E3020008E3020008E30200088B
:1001C000E3020008E3020008E3020008E30200087B
:1001D000E3020008AD820008E3020008E302000821
:1001E000E3020008E3020008E3020008E30200085B
:1001F000E3020008E3020008E3020008E30200084B
:10020000E3020008E3020008E3020008E30200083A
:10021000E3020008E3020008E3020008E30200082A
:10022000E3020008E3020008E3020008E30200081A
:10023000E3020008E3020008E3020008E30200080A
:10024000E3020008E3020008E3020008E3020008FA
:10025000E3020008E3020008E3020008E3020008EA
:10026000E3020008E3020008E3020008E3020008DA
:10027000E3020008E3020008E3020008E3020008CA
:10028000E3020008E3020008E3020008E3020008BA
:10029000E3020008E3020008E3020008E3020008AA
:1002A000E3020008E3020008E3020008E30200089A
:1002B000E3020008E3020008E3020008E30200088A
:1002C000E3020008E3020008E3020008E30200087A
:1002D000E3020008E3020008E3020008E30200086A
:1002E00002E000F000F8FEE772B6374880F30888B5
:1002F000364880F3098836483649086040F20000E5
:10030000CCF200004EF63471CEF200010860BFF36B
:100310004F8FBFF36F8F40F20000C0F2F0004EF637
:100320008851CEF200010860BFF34F8FBFF36F8F8B
:100330004FF00000E1EE100A4EF63C71CEF20001E3
:100340000860062080F31488BFF36F8F07F024FA4B
:1003500006F096FB4FF055301F491B4A91423CBFB7
:1003600041F8040BFAE71D49184A91423CBF41F895
:10037000040BFAE71A491B4A1B4B9A423EBF51F83D
:10038000040B42F8040BF8E700201849184A914280
:100390003CBF41F8040BFAE707F03CFA06F0F4FB27
:1003A000144C154DAC4203DA54F8041B8847F9E7A6
:1003B00000F0C4F9114C124DAC4203DA54F8041B9E
:1003C0008847F9E707F024BA000600200022002041
:1003D0000000000808ED00E00000002000060020FA
:1003E000589D000800220020D8220020D82200209A
:1003F0009C670020E0020008E0020008E00200081C
:10040000E00200082DE9F04F2DED108AC1F80CD064
:10041000D0F80CD0BDEC108ABDE8F08F002383F338
:1004200011882846A047002006F00CF9FEE706F0E8
:1004300065F800DFFEE7000053B94AB9002908BF9C
:1004400000281CBF4FF0FF314FF0FF3000F074B9AF
:10045000ADF1080C6DE904CE00F006F8DDF804E01B
:10046000DDE9022304B070472DE9F047089D0446FA
:100470008E46002B4DD18A42944669D9B2FA82F257
:1004800052B101FA02F3C2F1200120FA01F10CFA93
:1004900002FC41EA030E94404FEA1C48210CBEFBCB
:1004A000F8F61FFA8CF708FB16E341EA034306FB54
:1004B00007F199420AD91CEB030306F1FF3080F0E3
:1004C0001F81994240F21C81023E63445B1AA4B230
:1004D000B3FBF8F008FB103344EA034400FB07F7D2
:1004E000A7420AD91CEB040400F1FF3380F00A8113
:1004F000A74240F207816444023840EA0640E41B08
:1005000000261DB1D4400023C5E900433146BDE8B3
:10051000F0878B4209D9002D00F0EF800026C5E955
:10052000000130463146BDE8F087B3FA83F6002E6D
:100530004AD18B4202D3824200F2F980841A61EBE5
:10054000030301209E46002DE0D0C5E9004EDDE703
:1005500002B9FFDEB2FA82F2002A40F09280A1EBEB
:100560000C014FEA1C471FFA8CFE0126200CB1FB40
:10057000F7F307FB131140EA01410EFB03F0884239
:1005800008D91CEB010103F1FF3802D2884200F2C6
:10059000CB804346091AA4B2B1FBF7F007FB101158
:1005A00044EA01440EFB00FEA64508D91CEB0404F6
:1005B00000F1FF3102D2A64500F2BB800846A4EB51
:1005C0000E0440EA03409CE7C6F12007B34022FA3C
:1005D00007FC4CEA030C20FA07F401FA06F31C436B
:1005E000F9404FEA1C4900FA06F3B1FBF9F8200C78
:1005F0001FFA8CFE09FB181140EA014108FB0EF0BE
:10060000884202FA06F20BD91CEB010108F1FF3A0D
:1006100080F08880884240F28580A8F10208614419
:10062000091AA4B2B1FBF9F009FB101144EA014127
:1006300000FB0EFE8E4508D91CEB010100F1FF34D2
:100640006CD28E456AD90238614440EA0840A0FB6A
:100650000294A1EB0E01A142C846A64656D353D040
:100660005DB1B3EB080261EB0E0101FA07F722FA64
:1006700006F3F1401F43C5E9007100263146BDE88D
:10068000F087C2F12003D8400CFA02FC21FA03F3F0
:10069000914001434FEA1C471FFA8CFEB3FBF7F071
:1006A00007FB10360B0C43EA064300FB0EF69E4296
:1006B00004FA02F408D91CEB030300F1FF382FD22F
:1006C0009E422DD9023863449B1B89B2B3FBF7F6D7
:1006D00007FB163341EA034106FB0EF38B4208D9B0
:1006E0001CEB010106F1FF3816D28B4214D9023EF1
:1006F0006144C91A46EA004638E72E46284605E70F
:100700000646E3E61846F8E64B45A9D2B9EB0208DF
:1007100064EB0C0E0138A3E74646EAE7204694E76F
:100720004046D1E7D0467BE7023B614432E73046A2
:1007300009E76444023842E7704700BF38B501F06A
:10074000FFF901F0AFFB06F0B3FE054606F0B8FF77
:100750000446D0B90F4B9D4219D001339D4241F25E
:10076000883504BF01240025002006F0ABFE0CB143
:1007700000F078F801F036FB00F026FD08B100F03B
:1007800071F8284600F01CF9F9E70025ECE705466A
:10079000EAE700BF010007B008B501F09DF9A0F13C
:1007A00020035842584108BD07B541F21203022107
:1007B00001A8ADF8043001F0ADF903B05DF804FB19
:1007C00038B5302383F31188174803680BB106F05E
:1007D0001DF80023154A4FF47A71134806F00CF8FF
:1007E000002383F31188124C236813B12368013B63
:1007F0002360636813B16368013B63600D4D2B7820
:1008000033B963687BB9022001F056FA3223636082
:100810002B78032B07D163682BB9022001F04CFA27
:100820004FF47A73636038BDD8220020C1070008F6
:10083000F8230020F0220020084B187003280CD861
:10084000DFE800F008050208022001F02BBA0220C0
:1008500001F01EBA024B00225A607047F0220020BD
:10086000F8230020F8B5504B504A1C461968013156
:1008700000F0998004339342F8D162684C4B9A425D
:1008800040F291804B4B9B6803F1006303F500330A
:100890009A4280F08880002001F06CF90220FFF776
:1008A000CBFF454B0021D3F8E820C3F8E810D3F87C
:1008B0001021C3F81011D3F81021D3F8EC20C3F89D
:1008C000EC10D3F81421C3F81411D3F81421D3F881
:1008D000F020C3F8F010D3F81821C3F81811D3F89A
:1008E0001821D3F8802042F00062C3F88020D3F8AA
:1008F000802022F00062C3F88020D3F88020D3F853
:10090000802042F00072C3F88020D3F8802022F0CB
:100910000072C3F88020D3F8803072B64FF0E02325
:10092000C3F8084DD4E90004BFF34F8FBFF36F8FB6
:10093000224AC2F88410BFF34F8F536923F48033E7
:100940005361BFF34F8FD2F8803043F6E076C3F3A4
:10095000C905C3F34E335B0103EA060C29464CEA92
:1009600081770139C2F87472F9D2203B13F1200F5C
:10097000F2D1BFF34F8FBFF36F8FBFF34F8FBFF332
:100980006F8F536923F4003353610023C2F8503250
:10099000BFF34F8FBFF36F8F302383F311888546EA
:1009A00080F308882047F8BD0000020820000208F4
:1009B000FFFF0108002200200044025800ED00E083
:1009C0002DE9F04F93B0B44B2022FF2100900AA8EC
:1009D0009D6801F0B1F9B14A1378A3B90121B0487B
:1009E00011700360302383F3118803680BB105F0A5
:1009F0000DFF0023AB4A4FF47A71A94805F0FCFEC5
:100A0000002383F31188009B13B1A74B009A1A604F
:100A1000A64A1378032B03D000231370A24A536015
:100A20004FF0000A009CD3465646D146012001F003
:100A300039F924B19C4B1B68002B00F02682002062
:100A400001F04AF80390039B002BF2DB012001F038
:100A50001FF9039B213B1F2BE8D801A252F823F07A
:100A6000E10A0008090B00089D0B00082D0A000888
:100A70002D0A00082D0A00082F0C0008FF0D0008A1
:100A8000190D00087B0D0008A30D0008C90D000812
:100A90002D0A0008DB0D00082D0A00084D0E000885
:100AA000810B00082D0A0008910E0008ED0A0008CD
:100AB000810B00082D0A00087B0D00082D0A000894
:100AC0002D0A00082D0A00082D0A00082D0A00082A
:100AD0002D0A00082D0A00082D0A00089D0B0008A9
:100AE0000220FFF759FE002840F0F981009B022107
:100AF00005A8BAF1000F08BF1C4641F21233ADF849
:100B0000143001F007F891E74FF47A7000F0E4FF39
:100B1000071EEBDB0220FFF73FFE0028E6D0013F77
:100B2000052F00F2DE81DFE807F0030A0D1013360F
:100B30000523042105A8059300F0ECFF17E004212C
:100B40005548F9E704215A48F6E704215948F3E7E4
:100B50004FF01C08404608F1040801F00DF804218C
:100B6000059005A800F0D6FFB8F12C0FF2D10120B6
:100B70004FF0000900FA07F747EA0B0B5FFA8BFB0F
:100B800001F026F926B10BF00B030B2B08BF002454
:100B9000FFF70AFE4AE704214748CDE7002EA5D01B
:100BA0000BF00B030B2BA1D10220FFF7F5FD07463D
:100BB00000289BD00120002600F0DCFF0220FFF778
:100BC0003BFE1FFA86F8404600F0E4FF0446B0B151
:100BD000039940460136A1F140025142514100F0D3
:100BE000E9FF0028EDD1BA46044641F21213022172
:100BF00005A83E46ADF8143000F08CFF16E72546F8
:100C00000120FFF719FE244B9B68AB4207D9284609
:100C100000F0B2FF013040F067810435F3E70025B2
:100C2000224BBA463E461D701F4B5D60A8E7002E62
:100C30003FF45CAF0BF00B030B2B7FF457AF02209C
:100C4000FFF7FAFD322000F047FFB0F10008FFF691
:100C50004DAF18F003077FF449AF0F4A08EB0503C7
:100C6000926893423FF642AFB8F5807F3FF73EAFC0
:100C7000124BB845019323DD4FF47A7000F02CFF3E
:100C80000390039A002AFFF631AF039A0137019BC4
:100C900003F8012BEDE700BF00220020F423002021
:100CA000D8220020C1070008F8230020F0220020ED
:100CB00004220020082200200C220020F422002020
:100CC000C820FFF769FD074600283FF40FAF1F2D2E
:100CD00011D8C5F120020AAB25F003008449424532
:100CE000184428BF4246019201F000F8019AFF2102
:100CF0007F4801F021F84FEAA803C8F387027C4936
:100D00002846019301F020F8064600283FF46DAF15
:100D1000019B05EB830533E70220FFF73DFD00282B
:100D20003FF4E4AE00F064FF00283FF4DFAE00279C
:100D3000B846704B9B68BB4218D91F2F11D80A9B2D
:100D400001330ED027F0030312AA134453F8203CBA
:100D500005934046042205A9043701F0F9F88046BE
:100D6000E7E7384600F008FF0590F2E7CDF8148079
:100D7000042105A800F0CEFE02E70023642104A8A8
:100D8000049300F0BDFE00287FF4B0AE0220FFF710
:100D900003FD00283FF4AAAE049800F01FFF059061
:100DA000E6E70023642104A8049300F0A9FE0028CC
:100DB0007FF49CAE0220FFF7EFFC00283FF496AED4
:100DC000049800F00DFFEAE70220FFF7E5FC002899
:100DD0003FF48CAE00F01CFFE1E70220FFF7DCFCE3
:100DE00000283FF483AE05A9142000F017FF074642
:100DF0000421049004A800F08DFE3946B9E73220A2
:100E000000F06AFE071EFFF671AEBB077FF46EAE00
:100E1000384A07EB0903926893423FF667AE022017
:100E2000FFF7BAFC00283FF461AE27F003074F44F8
:100E3000B9453FF4A5AE484609F1040900F09CFE0F
:100E40000421059005A800F065FEF1E74FF47A70E3
:100E5000FFF7A2FC00283FF449AE00F0C9FE0028CD
:100E600044D00A9B01330BD008220AA9002000F0CD
:100E70006BFF00283AD02022FF210AA800F05CFF77
:100E8000FFF792FC1C4805F0E3FB13B0BDE8F08FC0
:100E9000002E3FF42BAE0BF00B030B2B7FF426AE92
:100EA0000023642105A8059300F02AFE07460028C8
:100EB0007FF41CAE0220FFF76FFC804600283FF451
:100EC00015AEFFF771FC41F2883005F0C1FB0598C3
:100ED00000F0C6FF46463C4600F07AFFA6E506460F
:100EE0004EE64FF0000901E6BA467EE637467CE65C
:100EF000F422002000220020A0860100704700009C
:100F000070470000704700002DE9F04100F5803780
:100F1000044616463B7C5BB9C0681030204400F0A4
:100F2000E5FEE5683544B5F5004FE56002D816B139
:100F3000BDE8F081DEB905F07F0605F11000002163
:100F4000C6F180062044F6B232462E4400F0F4FE8C
:100F5000A06804F11008324600F10060414600F537
:100F6000003006F051F830B901233B74E0E74FF44C
:100F700000463546ECE7A26805F1100140463244D0
:100F80002144A260E268521BE26000F0AFFE022042
:100F9000BDE8F04100F090BE183000F0E9BC000060
:100FA00010B5044608F0F4F8204610BD10B504460C
:100FB00008F0EEF8204610BDC3B280B2A3F14102A2
:100FC000052A02D8373800B27047613B052B94BF21
:100FD00057383038F7E70000F8B50446154608469C
:100FE00003220C4900F08CFE014688B908346F1CBE
:100FF00015F91100FFF7E0FF064617F9110001315E
:10100000FFF7DAFF102940EA061004F8010BEFD1D0
:10101000F8BD00BF089300082DE9F04FADF53F7D06
:101020000746416801222AA802F086FE002840F007
:1010300087800646824681461125DFF80C81DFF85D
:101040000CB101AB4FF4805241462AA802F0D4FF04
:10105000002875D1019AB2F5805F71D8002A65D059
:101060000446019A9442ECD2282D0FD008DC132DAF
:101070002DD01E2D39D0112D13D00134A4B2F0E79C
:10108000322D2DD0372D2FD02D2DF6D13B68121BB0
:1010900008EB040138461B692D259847BDF804402C
:1010A000EBE7121B022A09D9594608EB040000F0AD
:1010B00027FE18B902342825A4B2DEE718F8043058
:1010C0003A2B3DD00A2B1CBFA1461325D5E718F8B3
:1010D00004300A2B34D03A2B04BFA2463225CCE789
:1010E00018F80430202BC8D0264618F804300A2BF4
:1010F0001AD1AAEB090208EB090102A811254F2A0F
:1011000028BF4F2208F0ECF8A21B08EB060116A836
:101110004F2A28BF4F2208F0E3F83B6816AA02A91D
:10112000DB6838469847A8E71E25A6E73B6838469F
:1011300004491B69984701200DF53F7DBDE8F08FFC
:101140000020F9E70A940008002400200C9300080E
:1011500000F1180110B5044686B00846019100F070
:10116000F1FB2046FFF758FF60B1019902A800F09B
:1011700049FC102204F1080102A808F02DF8B0FA89
:1011800080F0400906B010BD70B504460025EEB2EF
:10119000304600F0FFFC58B100213046013500F028
:1011A00009FD08B9002070BD022000F085FDEEE7C2
:1011B0002046FFF731FF0028F4D004F58034207C6E
:1011C00080F00100EFE70000F0B5C9B006F088F943
:1011D00000F0ECFE18B90025284649B0F0BD69467C
:1011E0002A4802F0CBFF00284BD1294C204602F0C0
:1011F000F5FF284802F0F2FF274802F0EFFF2146F2
:10120000224803F067F80028E5D1702007F0C2FFFC
:10121000064610B1214B44600360336830469B683A
:101220009847054600282ED01A4F1948394603F032
:1012300051F805460028CED1194807F0ABFF044607
:1012400038B1184B4760036000F58033C0E90255A0
:101250001D74236820469B689847054628B10E49AF
:101260000C4803F037F80028B5D1336830465B6886
:1012700098471CB1236820465B68984700F07EFEC3
:10128000AAE70025FAE70446EFE700BF109300083D
:1012900020930008379300084D93000870930008CE
:1012A000140001008C9300082DE9F04FD44A8DB052
:1012B0000B68D0F804A001931A440368D14E1A4475
:1012C000D1F81C90DFF8B4C3DFF8B4B3D0E902342E
:1012D000634003EA0A03634013444A6802920AEB3C
:1012E0007363029CC84A2244C468224484688AEA20
:1012F00004051D40654015448A68039203EB35558B
:10130000039CC24A2244846822448AEA03042C4093
:1013100084EA0A041444CA6805EBF43404921644BF
:1013200083EA0502224056445A4032440E6905962B
:1013300004EBB222059FB64E3E441E4485EA0403E8
:1013400013406B4033444E69069602EB7363069F6D
:10135000B04E3E442E4484EA02051D4065403544AB
:101360008E69079603EB3555079FAB4E3E442644E6
:1013700082EA03042C4054403444A84E4E4405EB0A
:10138000F434164483EA050222405A4032440E6A7D
:10139000089604EBB222089FA14E3E441E4485EA03
:1013A000040313406B4033444E6A099602EB7363A7
:1013B000099F9C4ED1F830E03E44D1F83880F34488
:1013C0002E4484EA02051D40654035448E6AA6F528
:1013D000244703EB35550A964F3F274482EA03041E
:1013E0002C4054403C44CF6A0B9705EBF4340B9EE1
:1013F0008D4F3744029E174483EA050222405A402B
:101400003A448A4F774404EBB2221F4485EA04032E
:1014100013406B403B444F6BBC4402EB7363654429
:1014200084EA020C0CEA030C8CEA040C6544DFF835
:1014300054C2C44403EB3555A44482EA03042C404F
:1014400054406444D1F83CC0794905EBF43461441C
:10145000114483EA050222405A400A44754904EBCC
:10146000B2223144079E194484EA02032B406340B0
:101470000B44714902EBF36331440B9E0D4482EA45
:1014800003012140514029446C4D03EBF151354497
:10149000019E254483EA010414405C402C44684DBD
:1014A00001EBB4443544069E154481EA04021A4017
:1014B0004A402A44634D04EB323235440A9E1D44AF
:1014C00084EA02030B4063402B445F4D02EBF3635D
:1014D0003544059E0D4482EA0301214051402944D0
:1014E0005A4D03EBF1516544254483EA010414404D
:1014F0005C402C44564D01EBB4443544099E1544E0
:1015000081EA04021A404A402A44524D04EB323226
:101510003544049E1D4484EA02030B4063402B447F
:101520004D4D02EBF36345440D4482EA0301214033
:1015300051402944494D03EBF1513544089E2C4458
:1015400083EA010515405D402C44454D01EBB44450
:101550003544039E2A4481EA04051D404D402A4437
:10156000404D04EB32323D442B4484EA020593445F
:101570000D4065402B443C4D02EBF3633544069E21
:10158000294482EA0305254055402944374D03EBA1
:10159000F1514D442C4483EA010515405D4025443A
:1015A00001EBB54581EA050404EA03024A405A44C6
:1015B000A6F5B82B089E05EB3232ABF2BE6B544059
:1015C0005B4423442A4C344402EB33730B9E0C449B
:1015D00085EA020159402144264C344403EB715101
:1015E000029E254482EA03044C402544224C444494
:1015F00001EB3545144483EA01026A40224443E08A
:1016000078A46AD7EECEBDC156B7C7E8DB702024F8
:10161000AF0F7CF52AC68747134630A8019546FDD3
:10162000D8988069AFF7448BBED75C892211906B44
:101630002108B44962251EF640B340C0515A5E26C7
:10164000AAC7B6E95D102FD65314440281E6A1D88B
:10165000C8FBD3E7E6CDE121D60737C3870DD5F424
:10166000ED145A4505E9E3A9F8A3EFFCD9026F6729
:1016700081F6718722619D6D0C38E5FD937198FDAF
:101680008A4C2A8D8E4379A6934C344405EB722202
:10169000059E1C4481EA0503534023448F4C344487
:1016A00002EB33730A9E0C4485EA0201594021443F
:1016B0008B4C4C4403EB7151254482EA03044C40AB
:1016C0002C44884D354401EB3444019E154483EA93
:1016D000010262402A44844D3D4404EB72221D44C1
:1016E00081EA040353402B44804D354402EB3373AD
:1016F000049E294484EA02055D4029447C4D35441A
:1017000003EB7151079E254482EA03044C402C44AC
:10171000784D354401EB3444099E2A4483EA01059F
:1017200065401544744A324404EB7525039E134406
:1017300081EA04026A401A44704B734405EB32722A
:101740000B4484EA0501514019446D4B634402EB9C
:1017500071511C4485EA02034B401C44694B3344DD
:1017600001EB3444019E1D4482EA010363402B4493
:10177000654D04EB73233544069E154463EA01026C
:1017800062402A44614D03EBB2624D4462EA0409AF
:1017900029445F4D89EA0309454449442C445D4D81
:1017A00002EBB1513544049E61EA03081D4488EA06
:1017B0000208444401EB744464EA02034B402B44A6
:1017C000554D04EBF323754463EA010E15448EEA8C
:1017D000040E0EEB0502514D03EBB262354462EA92
:1017E000040E29440A9D8EEA030EA5F580164C4D81
:1017F0007144A6F6833602EBB151264461EA030434
:1018000054403444029E01EB7444354464EA0206B9
:101810001D444E407319089E424D04EBF32335449A
:1018200063EA01061544664072193F4D03EBB2624C
:10183000654462EA040629443C4D5E403144079EFB
:1018400002EBB151354461EA03062C44384D564051
:101850003D443444059E1D4401EB744464EA020394
:101860004B402B44334D04EBF32335440B9E15447E
:1018700063EA010262402A442F4D03EBB262354411
:10188000039E0D4462EA0401594029442B4D02EBAA
:10189000B15135442A4E254461EA030454402C4496
:1018A000099D01EB74442E4464EA02051E4485EA56
:1018B00001039D1903681A440AEB040303EBF523A3
:1018C0000260436083681C44C36819448460C1603B
:1018D0000DB0BDE8F08F00BF44EABEA4A9CFDE4B37
:1018E000604BBBF670BCBFBEC67E9B28FA27A1EA40
:1018F0008530EFD4051D880439D0D4D9E599DBE6CD
:10190000F87CA21F6556ACC4442229F497FF2A43F1
:10191000A72394AB39A093FCC3595B6592CC0C8F81
:10192000D15D84854F7EA86FE0E62CFE144301A3B1
:10193000A111084E827E53F735F23ABDBBD2D72AA9
:1019400091D386EB094B036003F18833436003F1C5
:101950002943A3F59613A3F68B638360A3F1883321
:10196000C3600023C0E90433704700BF012345670B
:101970002DE9F8431446026905460E46E300C2F31A
:10198000C50800F118079B18036122BF43690133A2
:10199000436112F4FC7F436903EB5473436114D039
:1019A000C8F1400907EB08004C4504D22246BDE8C7
:1019B000F84307F021BC403C4A464E4407F01CFC6B
:1019C000444439462846FFF76FFCA04606EB04095D
:1019D000B8F13F0FA9EB08010AD94022384607F0B9
:1019E0000BFC39462846A8F14008FFF75DFCEFE7FD
:1019F000A1096FF03F02384602FB014206EB81115C
:101A0000D5E7000070B50B6901F1180506460C46D4
:101A1000C3F3C503EA18501C8022EA54C3F13F0205
:101A2000072A1FD8002100F087F929462046FFF732
:101A30003BFC38220021284600F07EF92369294624
:101A40002046236563696365FFF72EFC214610225B
:101A5000304607F0D1FB204658220021BDE87040F7
:101A600000F06AB9C3F137020021E5E72DE9F84F2C
:101A70004FF47A7306460D46002402FB03F7DFF8A5
:101A80005080DFF8509098F900305FFA84FA5A1CC1
:101A900001D0A34210D159F824002A4631460368E8
:101AA000D3F820B03B46D847854205D1074B0120EB
:101AB00083F800A0BDE8F88F0134042CE3D14FF483
:101AC000FA7004F0C5FD0020F4E700BF44340020A4
:101AD0001022002014220020002307B50246012115
:101AE0000DF107008DF80730FFF7C0FF20B19DF81A
:101AF000070003B05DF804FB4FF0FF30F9E700008A
:101B00000A46042108B5FFF7B1FF80F00100C0B21A
:101B1000404208BD074B0A4630B41978064B53F8CB
:101B20002140014623682046DD69044BAC4630BCA9
:101B3000604700BF4434002014220020A08601002A
:101B400070B50A4E00240A4D05F002FA308028686C
:101B50003388834208D905F0F7F92B680444013330
:101B6000B4F5003F2B60F2D370BD00BF46340020B7
:101B70000034002005F0BABA00F1006000F5003032
:101B80000068704700F10060920000F5003005F039
:101B90003BBA0000054B1A68054B1B889B1A834211
:101BA00002D9104405F0D0B900207047003400205D
:101BB0004634002038B50446074D29B12868204432
:101BC000BDE8384005F0D8B92868204405F0C2F9CE
:101BD0000028F3D038BD00BF00340020002070473B
:101BE00000F1FF5000F58F10D0F80008704700009A
:101BF000064991F8243033B100230822086A81F89D
:101C00002430FFF7BFBF0120704700BF043400201D
:101C1000014B1868704700BF0010005C194B013879
:101C20000322084470B51D68174BC5F30B042D0C37
:101C30001E88A6420BD15C680A46013C82421346CC
:101C40000FD214F9016F4EB102F8016BF6E7013AB9
:101C500003F10803ECD181420B4602D22C2203F897
:101C6000012B0424094A1688AE4204D1984284BF4D
:101C7000967803F8016B013C02F10402F3D1581A83
:101C800070BD00BF0010005C24220020CC9300082F
:101C9000022803D1024B4FF080529A61704700BF77
:101CA00000100258022803D1024B4FF480529A616F
:101CB000704700BF00100258022804D1024A53693D
:101CC00083F48053536170470010025870B5044686
:101CD0004FF47A764CB1412C254628BF412506FBAE
:101CE00005F0641B04F0B4FCF4E770BD002310B5EC
:101CF000934203D0CC5CC4540133F9E710BD00001B
:101D0000013810B510F9013F3BB191F900409C42F8
:101D100003D11AB10131013AF4E71AB191F9002067
:101D2000981A10BD1046FCE703460246D01A12F975
:101D3000011B0029FAD1704702440346934202D0A6
:101D400003F8011BFAE770472DE9F8431F4D1446CD
:101D50000746884695F8242052BBDFF870909CB364
:101D600095F824302BB92022FF2148462F62FFF737
:101D7000E3FF95F824004146C0F1080205EB80001E
:101D8000A24228BF2246D6B29200FFF7AFFF95F8D5
:101D90002430A41B17441E449044E4B2F6B2082E2B
:101DA00085F82460DBD1FFF723FF0028D7D108E0B6
:101DB0002B6A03EB82038342CFD0FFF719FF002881
:101DC000CBD10020BDE8F8830120FBE704340020DC
:101DD000024B1A78024B1A70704700BF443400203F
:101DE00010220020F8B5194C194803F039FF21469C
:101DF000174803F061FF24684FF47A70154ED4F849
:101E00009020154DD2F80438114F43F00203C2F868
:101E10000438FFF75BFF2046104904F05BF8D4F864
:101E200090200424D2F8043823F00203C2F80438C6
:101E30004FF4E133336055F8040BB84202D0314619
:101E400003F06CFE013CF6D1F8BD00BFCC9B00084E
:101E5000784900202C34002014220020D49B000854
:101E60000C4B70B50C4D04461E780C4B55F82620D3
:101E70009A420DD00A4B002118221846FFF75CFF4A
:101E80000460014655F82600BDE8704003F046BEE8
:101E900070BD00BF44340020142200207849002087
:101EA0002C340020F0B5A1B071B60023012000242D
:101EB00080261A46194602F07DFD4FF4D067214A6C
:101EC0003D25136923BBD2F810310BBB036804F125
:101ED000006199600368C3F80CD003685E60036812
:101EE0001F6001680B6843F001030B6001680B6819
:101EF00023F01E030B6001680B68DB07FCD4037B37
:101F00008034416805FA03F3B4F5001F0B60D8D1A3
:101F100002F090FDB4F5001F11D000240A4E0B4DC5
:101F2000012005F0E3F83388A34205D9286820444E
:101F3000013405F021F8F6E7002005F0D7F861B686
:101F400021B0F0BD002000524634002000340020B3
:101F500030B50A44084D91420DD011F8013B58406C
:101F6000082340F30004013B2C4013F0FF0384EAF4
:101F70005000F6D1EFE730BD2083B8ED10B5084C26
:101F800001220849002001F0B3FE23783BB1064846
:101F900003F03CFD044803F06FFD0023237010BDE7
:101FA00048340020DC930008283700201D482DE924
:101FB000F041036D2BB901224FF48051503005F0F0
:101FC000D1FA194E33780BB1FFF7D8FF0324174F1E
:101FD0004FF00008134D15492846C7F8048003F058
:101FE0003DFD284603F076FB48B1013C284603F04E
:101FF00043FD14F0FF04EED1204634700FE00C498D
:1020000001220C4801F074FE014618B1284603F085
:10201000FDFCEAE7084800F011F801203070BDE847
:10202000F08100BF28370020483400203C220020E7
:10203000DC9300084C340020E09300080FB400202B
:1020400004B07047006870470346006859687047DD
:102050000B0A017043700B0C090E8370C17070473E
:10206000110A027003714170110C120E8170C2705E
:102070001A0A42711A0C1B0E8271C371704700005C
:10208000C36A0239023B8B4283BF4389006C01FB68
:102090000300002070470000C2F307238A76CB7646
:1020A0000378032B01BF120C0A75120A4A75704798
:1020B00000F10B010022D30143EA520310F8012B77
:1020C00052FA83F38842DAB2F5D110467047000025
:1020D00010B5417804460020013102464901022A28
:1020E00016BFA35C032203EBC03302F101021EBF43
:1020F0009BB203EB500398B29142F0D810BD0000A0
:1021000002684AB1134613F8011B1F290DD93A2959
:10211000F9D1911C8B4202D04FF0FF3070471278FA
:10212000302AF9D1036000207047014B18787047BE
:102130009836002038B50D46044618B9092000230A
:102140002B6038BD0368002BF8D01A78002AF5D030
:102150008188DA889142F1D1587804F015FC10F0AA
:102160000100EBD12368EBE738B50D4640F2523160
:10217000144602F0B9F9FF2807D9012C0BD9030A3C
:10218000022468702B70204638BD30B1002CFAD084
:1021900001242870F7E70024F5E70446F3E7000080
:1021A0002DE9F8430026D0F8008005460C468E76CF
:1021B000836B002B4AD098F80030042B4BD1334668
:1021C0003546402720E0B7F5187F80F0C480F90637
:1021D00006F1010608BF0237D05B02372BB900F5C4
:1021E000205292B2B2F5006F0DD305F11A01C5F17C
:1021F000FF0240EA03402144FFF7B6FF002800F049
:10220000AA80054400200346D8F8102092F8231035
:10221000B142D8D8002B40F09E80002D00F09B806A
:1022200000232544AB766373D8F81020137903F0AC
:102230003701DB0621730BD402F13800FFF704FFEE
:10224000C4E9000193896381D3892381BDE8F883C0
:1022500000200146F4E7C36C01335ED1EA6B002332
:102260002E26551E184615F8011F013020290CD0C6
:10227000052908BFE521092804D10B2B9EBFE718CB
:1022800001337E73E718013379730B28EBD1E11822
:1022900000204873A17E00294BD1002B40D06FF065
:1022A0000C0604F10D000825361B331810F8011B2D
:1022B000002938D02E298BB24AD0A3F14101192927
:1022C00003D8117B0D4200D020330373EDE7B9F141
:1022D000000F05D100F520539BB2B3F5006F0BD36F
:1022E00007F11A01C7F1FF0240EA09402144FFF754
:1022F0003BFF48B10744002002368146D8F80C3035
:10230000985B0028E3D13846B9F1000F4FF0000286
:1023100018BF002023189A76A0E7B1463746EDE7AC
:102320003F23A3760123234400219976137B03B92D
:102330006373D37A02F11C0003F03F03237300237D
:10234000FFF780FE20606360D38A6381138B7CE794
:1023500010250B46B9E73F230125A37660E700006F
:1023600038B50546002435F8020B08B9204638BDBB
:1023700002F0EEF86308C2B203EBC43312FA83F33F
:102380009AB2C0F3072303EB520303EBC2339CB2B0
:10239000E9E7000037B5C37804461BB90025284695
:1023A00003B030BD00F14C01826C012340780191F3
:1023B00004F010FB054680B9A36BE070A06C226BA3
:1023C000C31A9342EAD2A3780199022BE6D10244C0
:1023D0000123607804F0FEFAE1E70125DFE7000061
:1023E00038B5836C05460C468B4210D0FFF7D2FF00
:1023F00060B92246012305F14C01687804F0C6FA61
:1024000000281CBF4FF0FF340120AC6438BD002011
:10241000FCE7000038B500230446C3704FF0FF33DB
:102420008364FFF7DDFF00284BD1B4F84A524AF627
:1024300055239D4207D10B22254904F14C0006F09B
:10244000CBFE00283FD094F84C30EB2B03D0183350
:10245000DBB2012B2ED84AF655239D4206D1082225
:102460001C4904F19E0006F0B7FE48B3B4F857309B
:10247000B3F5007F1ED194F85930DBB15A1E1A42D1
:1024800018D1B4F85A30ABB194F85C30013B012B51
:1024900010D8B4F85D306BB1B4F85F307F2B06D83C
:1024A00004F16C00FFF7CEFDB0F5803F02D3B4F825
:1024B000623053B94AF6552085420CBF02200320F2
:1024C00038BD0420FCE70120FAE70020F8E700BF50
:1024D0000C9400081894000802392DE9F04701F027
:1024E00007044FF0010A466C05460AFA04F4174641
:1024F000984606EB1136C1F3C809E4B231462846C6
:102500000136FFF76DFF18B10120BDE8F08799464D
:1025100005EB090292F84C30234214BF012100213F
:10252000414513D06340013F82F84C3085F803A049
:10253000EBD0640014F0FF04EAD109F10103012497
:102540004FF00009B3F5007FE1D1D7E70220DCE7C7
:1025500001290246F8B50C4640F28C800668F36A01
:102560008B4240F287803378013B032B00F282805C
:10257000DFE803F00229384B04EB5405B16B304619
:1025800001EB5521FFF72CFF10B14FF0FF30F8BDE4
:102590006F1CC5F30805B16B3046354401EB57217C
:1025A00095F84C50FFF71CFF0028EED1C7F3080741
:1025B000E3073E4496F84C0045EA00204CBF000972
:1025C000C0F30B00E3E7B16B304601EB1421FFF7DA
:1025D00007FF0028D9D1640004F4FF742644B6F83C
:1025E0004C00D4E7B16B304601EBD411FFF7F8FE95
:1025F0000028CAD1A40006F14C0004F4FE74204463
:10260000FFF720FD20F07040C1E7D0E90430D57914
:1026100053EA000101D0916801B95DBB9168022DB8
:10262000A4EB01010DD1013B728940F1FF305B0A3F
:1026300043EAC053B3FBF2F399421BD81CD0601C91
:10264000A5E7032D02D193698B42F8D8D3699BB9D2
:10265000B16B304601EBD411FFF7C2FE002894D1D4
:10266000A0004C3600F4FE703044FFF7EBFC20F085
:1026700000408CE701208AE76FF0004087E7000008
:10268000F8B5066804460D463378042B0CBF4FF0AE
:1026900080524FF400128A4201D80220F8BDCA06C7
:1026A000FBD182680163D2B9022B13D83389B3EB13
:1026B000551FF2D9F36BA363A36B6263002BECD0BD
:1026C00003EB55234C36C5F308050020A3633544BE
:1026D000E563E3E7F36BC271002BE7D01A46778915
:1026E0007F02BD42114604D23046FFF7C9FCA06309
:1026F000E2E72046FFF72CFF431C024606D00128E4
:10270000CBD9F36A8342C8D9ED1BEAE70120C5E7BC
:1027100001292DE9F04706460C46174608D9C36A39
:102720008B4205D90378022B62D003D8012B22D02B
:10273000022552E0033B012BFAD8816B01EBD41147
:10274000FFF74EFE0546002847D1A40006F14C03D2
:1027500004F4FE741C443378042B07D0204627F081
:102760007047FFF76FFC00F0704007433946204682
:10277000FFF76EFC2FE001EB5108816B01EB582154
:10278000FFF72EFE054640BB14F0010406F14C098C
:1027900008F1010AC8F3080808BFFBB230461FBFA2
:1027A00019F8083003F00F023B0103F0F00318BFE3
:1027B000134309F808300123B16BF37001EB5A2180
:1027C000FFF70EFE054640B9CAF3080A44B1C7F345
:1027D000071709F80A700123F3702846BDE8F0874F
:1027E00019F80A30C7F3032723F00F031F43F0E75C
:1027F000816B01EB1421FFF7F3FD05460028ECD1B6
:10280000640006F14C0304F4FF741F551919C7F353
:1028100007274F70DFE70000F8B504460E4617465D
:10282000E3690BB91846F8BD012BA6EB0305206838
:1028300014BFAA1C3A46691CFFF76AFF0028F2D1B0
:10284000E369013BE361EBE701292DE9F843064623
:102850000C461746056802D80220BDE8F883EB6AEB
:102860008B42F9D97AB9A14621463046A046FFF7F6
:102870006FFE0446B0B92B78042B02D1002F43D150
:10288000F7710020E9E72B78042B02D1C379022BE2
:10289000E9D04FF0FF3239462846FFF739FF0028CC
:1028A000E1D0DAE70128D7D0421C01D10120D4E7DA
:1028B0002B78042B19D1EA6AAB69023A93421CD3F4
:1028C00008F10102A2420CD02B78042B08D100237E
:1028D000A2EB090249462846FFF7FEFD0028BCD1BD
:1028E000A146EB6AA342BFD8C5E70022414628466D
:1028F000FFF70EFF0028DED0AFE70133AB612B7985
:1029000043F001032B71DBE7F3798BB9B468BC4268
:1029100002D10223F371B4E721463046FFF718FED7
:10292000012899D9431CC1D001348442EFD0A8E7D3
:10293000032BA6D1B368BB42A3D8B2691344BB42F0
:102940009FD3E6E770B5C3790446032B06D18168AF
:102950008369CD18A94203D10023E371002070BD23
:102960004E1C20683246FFF7D3FE0028F7D13146CF
:10297000F0E700002DE9F74305460191FFF70AFD56
:102980000446002849D105F14C09019928464FF425
:102990000072FFF775FB2146A86407464846FFF71B
:1029A000CBF96C896402B4F5004F28BF4FF40044A2
:1029B000B4F5007F2FD9204604F078FC804630B172
:1029C00022460021640A0026FFF7B6F909E06408F0
:1029D000EEE72346BA194146687803F0FBFF18B9C1
:1029E00026446B899E42F4D3404604F06FFC68890C
:1029F000801B18BF012003B0BDE8F08301366B894E
:102A00009E42F4D20123BA194946687803F0E2FFE6
:102A10000028F3D0EBE70026F1E70120EBE7000008
:102A2000F8B50446FFF7B6FC0546002842D12378E6
:102A3000032B37D12779012F34D104F14C060146FD
:102A40004FF400723046FFF777F955234122722187
:102A500084F84A32AA2304F50D7084F84F2084F8D4
:102A60004B32522384F8301284F84C3084F84D30C5
:102A7000612384F8311284F84E3084F83332A1692E
:102A800084F83222FFF7E4FA616904F50E70FFF76B
:102A9000DFFA626B3B46314601326078A26403F094
:102AA00099FF257100226078114603F0B7FF0038C6
:102AB00018BF0120F8BD000000232DE9F0430B6092
:102AC00085B00F461546FFF71BFB061EC0F2B2810C
:102AD000804B53F82640002C00F0AE813C6005F09E
:102AE000FE0523786BB1607803F04EFFC70708D46A
:102AF0001DB110F0040500D00A25284605B0BDE838
:102B0000F0830023F0B22370607003F029FFC10747
:102B100000F194810DB14207EED400212046FFF769
:102B200079FC022840F099806E4604F2122304F2E8
:102B30005221324618461033FFF784FA42F8040B4C
:102B40008B42F7D1002556F8041B00297DD0204682
:102B5000FFF760FC012879D80128A26C40F0C08002
:102B600004F1570304F18C0113F8015B002D7BD1B4
:102B70008B42F9D1B4F8B430B3F5807F74D194F8B6
:102B8000B830092B70D104F19400FFF75DFA4FF0D3
:102B9000FF33171841F10001BB4275EB010363D30A
:102BA00004F1A000FFF74EFA94F8BA302063012B2D
:102BB000A37059D194F8B99003FA09F91FFA89F36F
:102BC0006381002B50D0444B04F1A800FFF73AFA80
:102BD0000646984248D8831C626304F1A400E3626D
:102BE000FFF730FA00EB020804F19C00C4F84080C3
:102BF000FFF728FA10441FFA89F2A06306FB02F3DC
:102C000013EB080345EB05029F4271EB02032BD344
:102C10002E4604F1AC00FFF715FAE06365B963894D
:102C2000B34221D9E16B2046FFF72AFA81192046E9
:102C3000FFF7D6FB98B90136631993F84C30812B16
:102C400014D02035C5F30805E8E703200135042D2D
:102C50007FF479AF042807D101E0042801D10125D0
:102C60004BE701287FF678AF0D2546E705F1140004
:102C700004F14C063044FFF7E5F901280546F3D985
:102C8000E36A8342F0D96189821E236C02FB01331F
:102C90006364A16B204601EBD511FFF7A1FB00286F
:102CA000DDD105F07F0006EB8000FFF7CBF9431C78
:102CB00003D00135A842ECD0D6E70425C4E90500CD
:102CC000064A257000251388E56101339BB2138005
:102CD000E38012E79C360020FDFFFF7FA036002036
:102CE000B4F85730B3F5007FBED1B4F8626026B9AE
:102CF00004F17000FFF7A6F9064694F85C302663ED
:102D0000591EA3700129AFD894F859506581002D40
:102D1000AAD0691E2942A7D1B4F85D8018F00F0F20
:102D2000A4F80880A0D1B4F85F0018B904F16C00D1
:102D3000FFF788F9B4F85A10002995D006FB03FE76
:102D400001EB181CF44460458ED3A0EB0C00A842A4
:102D5000B0FBF5F388D33E48834285D84FF6F57033
:102D600083426DD903259F1C114402EB0C03032DF4
:102D7000E7626263A16323644CD1B4F8763053EA0E
:102D800008037FF471AFBB0004F17800FFF75AF934
:102D9000E06303F2FF13B6EB532FFFF465AF4FF080
:102DA000FF33032DC4E905334FF08003237187D12E
:102DB000B4F87C30012B83D1511C2046FFF710FB67
:102DC00000287FF47DAFB4F84A224AF655232071DB
:102DD0009A427FF475AF1F4B04F14C00FFF732F9B4
:102DE00098427FF46DAF03F1FF5304F50C70FFF7C9
:102DF00029F903F50053203398427FF461AF04F5BD
:102E00000D70FFF71FF9A06104F50E70FFF71AF9B6
:102E1000606155E7B8F1000F3FF426AF7144022D11
:102E20004FEA4703E1631EBFD91907F0010303EB23
:102E30005103AEE70B2560E60C255EE603255CE654
:102E400040F6F575AB428CBF022501258BE700BF2C
:102E5000F5FFFF0F525261412DE9F84F0746056813
:102E6000884649B96E69C6B1EB6AB34298BF01267C
:102E7000AB69A3B9002405E0FFF76AFB012804460B
:102E800003D801242046BDE8F88F421C00F0D28010
:102E9000EB6A8342F6D84646EAE70126E8E72A7855
:102EA000EB6A042A40F08380A6F1020A023B4FF04D
:102EB000010B9A4528BF4FF0000AD146696C28469D
:102EC00001EB1931FFF78CFA00283BD109F0070319
:102ED000EA6AC9F3C8010BFA03F3901EDBB26A1861
:102EE0004C4609F1010992F84C20814502EA03029F
:102EF00033BF5B0000234FF40071DBB228BF99465B
:102F0000B2B90234631E0333BCD8012321462846DC
:102F10001A46FFF7E1FA0228B3D0012800F08A80B0
:102F2000B8F1000F13D10223FB710028A9D130E0C2
:102F3000CA450AD0002BD2D10131B1F5007FBDD2F4
:102F40000123CCE74FF0FF34DCE70024DAE7FB791C
:102F5000022B07D1731CA342E7D0BB68F31ABB61F5
:102F60000323FB7108F10102FB69A24205D113B1F1
:102F70000133FB61D9E70223FBE70BB90123FB61B6
:102F8000224641463846FFF747FC00284FD101232F
:102F9000FB61EA6AAB69023A6C6193429CBF03F140
:102FA000FF33AB612B7943F001032B716AE7464590
:102FB00014D1741C3846A34298BF02242146FFF75F
:102FC000C7FA01283FF45DAF431C33D0E0B16B6911
:102FD000012B03D9EA6A934238BF1E4634460134B6
:102FE000EB6AA34203D8012E7FF644AF02242146A8
:102FF0003846FFF7ADFA48B101283FF442AF01303F
:1030000018D0B442EBD135E7002CE7D04FF0FF32B7
:1030100021462846FFF77CFB48B9B8F1000FB8D02D
:10302000224641462846FFF773FB0028B1D001280D
:103030007FF427AF4FF0FF3424E700002DE9F84379
:1030400006680446076B894633782037042B0CBF8B
:103050004FF080534FF40013BB429CBF00238363A7
:10306000836B73B1C7F30808B8F1000F3CD101338B
:10307000416B836339B93389B3EB571F34D80023CD
:10308000A36304200AE07389013B13EA57232BD181
:10309000FFF75EFA0128054602D80220BDE8F88352
:1030A000421C01D10120F9E7F36A834216D8B9F135
:1030B000000FE4D0616B2046FFF7CEFE0546C8B195
:1030C0000128EAD0431CEDD001463046FFF752FC00
:1030D0000028E7D1E37943F00403E3712946304641
:1030E0006563FEF7CDFFA0634C360020276346449E
:1030F000E663D3E70720D1E7F8B50E460021044682
:103100000768FFF7BDFA98B90546A16B3846FFF787
:1031100067F968B93A78E36B042A1B780CD11B066F
:103120000ED5054601212046FFF788FF0028ECD088
:10313000042808BF072006E0E52B01D0002BF0D1C2
:103140000135B542EED1F8BDC16C4B1C2DE9F04103
:1031500004460568066B1FD1E5274FF00108A16BF7
:103160002846FFF73DF998B92A78E36B042A09BF8E
:103170001A781F7002F07F021A7085F80380236BA3
:10318000B3420DD200212046FFF758FF0028E6D0B9
:10319000042808BF022003E0FFF772FA0028DBD002
:1031A000BDE8F0812DE9F04105460068A96B06698C
:1031B000FFF716F9044620B9EB6B1A78852A03D07D
:1031C00002242046BDE8F081324603F1200153F885
:1031D000040B8B4242F8040BF9D1777801377F0159
:1031E000A7F16003B3F5007FEAD800212846FFF776
:1031F00025FF04280446E3D00028E2D1A96B286803
:10320000FFF7EEF804460028DBD1EB6B1A78C02AF2
:10321000D6D106F1200203F1200153F8040B8B42B2
:1032200042F8040BF9D196F823300F222C33B3FB6C
:10323000F2F3B7EB431FC3D34FF0400800212846F9
:10324000FFF7FCFE04280446BAD00028B9D1A96BC8
:103250002868FFF7C5F804460028B2D1EB6B1A784E
:10326000C12AADD1B8F5187F09D206EB080203F1E7
:10327000200153F8040B8B4242F8040BF9D108F1FA
:1032800020084745DAD8B8F5187F9AD83046FEF7B7
:103290001FFF7388834294D092E700000B680022DE
:1032A00010B5036004460B6A83604B6AC261C37148
:1032B00023F0FF03896AC0E90432C164FFF7E0F933
:1032C00020B92046BDE81040FFF76CBF10BD0000DC
:1032D000F8B50368054601271C692046FEF7F8FE8D
:1032E000A070000A6678E0702846E96CFFF7C8F91C
:1032F00020B1022828BF0220C0B2F8BDA96B2868FF
:10330000FFF76EF80028F4D1EB6B04F1200254F8BB
:10331000041B944243F8041BF9D12B68DF70002E84
:10332000E7D000212846013EFFF788FEE0E70000D5
:103330002DE9F8434FF0FF08064607680424454688
:103340004FF6FF79B16B11B9002C73D063E03846AA
:10335000FFF746F8044600285DD1F06B0378002B98
:103360006ED03A78042A11D1852B4DD1336B30467B
:10337000F364FFF717FF044600284CD13B691B7923
:1033800003F03F03B3712046BDE8F883C27AE52B12
:1033900002F03F02B27143D02E2B41D022F0200127
:1033A00008293DD00F2A40D1590637D503F0BF0573
:1033B000336B90F80D80F364437B434530D1428BEF
:1033C00072BB03780D21FC6823F04003DFF874E042
:1033D000013B4B4301211EF801CB30F80CC009B36F
:1033E000FF2B1DD824F813C06146013301320D2A8A
:1033F000F1D10278520605D521B1FF2B10D8002259
:1034000024F81320013DEDB200213046FFF716FEEF
:103410000446002896D00023B363B4E7AB42CBD078
:10342000FF25F1E7CC45E1D0FAE72DB9FEF740FEE4
:10343000404501D10024A6E74FF0FF33F364A2E733
:103440000424E8E7B49400082DE9F04F002187B088
:103450000446D0F80090FFF713F9804670B999F848
:103460000030042B33D1D9F80C00FEF779FF074662
:103470002046FFF75DFF054620B18046404607B075
:10348000BDE8F08FD9F810309A8CBA42F0D193F899
:1034900023B040265D4506D1D9F80C3033F81530FD
:1034A000002BE5D1EAE7F106D9F8103008BF023663
:1034B000985B01F04DF8D9F80C30824633F81500CE
:1034C00001F046F88245D3D102360135E2E74FF0EC
:1034D000FF0A4FF0FF3B5546C4F84CB0A16B48467D
:1034E000FEF77EFF00285CD1E66B3778002F77D09F
:1034F000F27AE52F02F03F03A37103D0120704D53F
:103500000F2B04D0C4F84CB04FE00F2B54D194F8DB
:103510004B3058063FD4790645D5236B07F0BF07DB
:1035200096F80DA0E364737B53453ED1738B002B5B
:103530003BD135780121D9F80C3005F03F050193D6
:103540000D23013D5D43284B13F8012BB25A71B393
:10355000FF2D059329D81046049200F0F9FF6B1C4B
:1035600003900293019B33F8150000F0F1FF0399DB
:1035700081421AD1049A029D1146059B1B4A93422F
:10358000E2D133785A0604D519B1019B33F81530CE
:103590005BB97D1EEDB200212046FFF74FFD0028EC
:1035A0009CD080466AE7BD42BDD0FF25F3E74FF6C9
:1035B000FF708242E2D0F8E72DB93046FEF778FD81
:1035C00050453FF45BAF94F84B30DB079AD40B22A5
:1035D00004F14001304605F0FFFD002892D14DE78F
:1035E0004FF004084AE700BFB4940008C1940008F3
:1035F0002DE9F04F90F84BB099B004461BF0A005B0
:1036000040F068810668F26832F81530002B4AD124
:103610003378042B40F087800F230E352046B5FB0E
:10362000F3F5A91CFFF768FD8146002877D1236BCD
:103630000135A3EB4515E3795A07E56435D523F049
:1036400004032046E371FFF77DF950BB4FF0FF32D2
:10365000616B2046FFF7E0F818BBA3682BB3214647
:1036600004A8FFF71BFEE0B970894FF40071D4E99C
:103670000423E0FB01233069C4E904233830FEF75A
:10368000EFFC3069D4E904232830FEF7E9FCE37944
:10369000326904A843F0010382F82130FFF718FED5
:1036A00018B181463BE00135AEE7D6E9035440222C
:1036B00000212046FEF740FB852301214022237094
:1036C000C0234FF0C10C04EB010884F82030002324
:1036D0001E469E46571C04F802C0F0B2023204F89F
:1036E00007E021B135F8131009B10133DBB20F0A3D
:1036F000A15408F802700232D706F2D135F81370DF
:103700000136002FE6D184F82330831C28466370ED
:10371000FEF726FE84F82400000A84F825004846B7
:1037200019B0BDE8F08F04F140070DF1100A1BF04D
:10373000010F97E807008AE8070000F0D3804023D4
:103740004FF0010884F84B30BC46F368B8F1050F20
:103750009AE80700ACE803002CF8022B4FEA12426B
:103760008CF8002059D9981E424630F8021F0029D3
:1037700042D10DF10F0C072102F00F0E91461209F4
:103780000EF13000392888BF0EF1370001390CF8EE
:10379000010902D0B9F10F0FEED818AB7E205A18EC
:1037A00002F8580C38460022914206D010F801CB9E
:1037B00002F1010EBCF1200F31D104F13F0C0729B9
:1037C00002F1010297BF18AB20205818013198BFB1
:1037D00010F8580C072A0CF80200F0D92046FFF721
:1037E00033FE8146002878D108F10108B8F1640F52
:1037F000AAD14FF0070992E74FF0100C01F0010E2B
:1038000049080EEB4202D30344BF82F4883282F0AF
:103810002102BCF1010CF1D1A7E74246A9E77246AB
:10382000C2E7216B2046A1EB4511FEF729FF814637
:1038300000287FF474AF4FF6FF783846FEF738FC67
:103840000190A16B3046FEF7CBFD814600287FF446
:1038500066AFE36BE9B2019A4FF00D0CD6F80CE0BD
:103860005A734FF00F02DFF8E0A0DA724A1E1873A5
:103870000CFB02F284469876D87640451AF8019BF4
:103880000CF1010C18BF3EF8120003EB090B18BF36
:10389000013203F809004FEA1029002808BF40460A
:1038A000BCF10D0F8BF80190E7D1404502D03EF8F6
:1038B00012200AB941F0400119700123002120466D
:1038C000F370FFF7BBFB814600287FF428AF013D72
:1038D000B7D11BE04FF0060921E704287FF41FAFA2
:1038E00084F84BB01BF0020F20461BBF0C350D2196
:1038F0000125B5FBF1F518BF01352946FFF7FCFBA3
:10390000814600287FF40BAF013D8AD1A16B304680
:10391000FEF766FD814600287FF401AF01462022B4
:10392000E06BFEF709FAE36B03CF18605960BA78D1
:1039300039889A72198194F84B30E26B03F01803BE
:1039400013730123F370EAE6B494000810B504463B
:103950000A463430FEF776FB886004F13800FEF743
:1039600073FBC2E9040194F8213003F00203D37120
:103970000023D36110BD000003284B8B04BF8A8A4B
:1039800043EA0243184670472DE9F04F0B7899B08F
:10399000044689462F2BD0F800B001D05C2B09D10A
:1039A0004A461378914601322F2BFAD05C2BF8D07F
:1039B000002301E0DBF81C30A3600023E3619BF8E7
:1039C0000030042B1ED1A368E3B1DBF82030214680
:1039D00004A82362DBF824306362DBF82830A3629A
:1039E000FFF75CFC0346002854D1DBF8102002F1FD
:1039F0003800FEF727FBC4E9040392F8213003F0F6
:103A00000203E37199F800301F2B00F23581802307
:103A10000021204684F84B3019B0BDE8F04FFEF786
:103A20002FBE49460B78894601312F2BFAD05C2BEB
:103A3000F8D01F2B8CBF00250425012F2FD1138810
:103A40002E2B31D1002322F8173004F140029F427F
:103A50008CBF2E21202101330B2B02F8011BF6D144
:103A600045F02005204684F84B50FFF7EDFC94F814
:103A70004B30002800F0E78004280BD1990603F0B2
:103A8000040240F1DC80002A00F0F6808023002050
:103A900084F84B3019B0BDE8F08F0425CDE7022F34
:103AA00002D153882E2BCAD0911E87BB002322F847
:103AB0001730002F00F0118132F81300194601333E
:103AC0002028F9D009B92E2801D145F00305901E10
:103AD00030F817302E2B01D0013FF9D14FF02033B1
:103AE0004FF0000A6364D0462364C4F847300823CB
:103AF000481C32F811600090F6B1202E03D02E2E13
:103B00000DD1B84210D045F003050099F0E731F827
:103B10001730202B01D02E2BC8D1013FC5E79A4585
:103B200005D20099B9423BD10B2B30D101E00B2BD0
:103B300027D145F003050B2394F84020E52A04BF64
:103B4000052284F84020082B04BF4FEA88085FFA5A
:103B500088F808F00C030C2B03D008F00303032BA8
:103B600001D145F00205A8073FF57CAF18F0010F21
:103B700018BF45F0100518F0040F18BF45F00805F0
:103B800070E70099B94202D045F00305D4D84FEA56
:103B900088080B234FF0080A00975FFA88F8B4E70B
:103BA0007F2E15D9304640F25231CDE9022345F03F
:103BB0000203019300F098FC10F0800F0646DDE947
:103BC000022316D000F07F0646498E5D019D46B364
:103BD00031464548CDE9012305F06CFBDDE90123C1
:103BE000F8B9A6F1410189B219291ED848F0020896
:103BF00010E0FF28EAD9591E8A4503D345F0030592
:103C00009A4682E704EB0A01000A0AF1010A019DC3
:103C100081F8400004EB0A010AF1010A81F84060D2
:103C200073E745F003055F26F4E7A6F1610189B269
:103C300019299EBF203E48F00108B6B2EAE7002AE3
:103C400008BF052026E75A073FF524AFA379DB0616
:103C500045D59BF80000042835D1A3682146E279B8
:103C600023622369DBF8100023F0FF031343636230
:103C7000E36CA362FFF76AFE23680027DA6819F88D
:103C8000010B00283FF409AF40F25231009200F0DE
:103C90004BFC054608B31F28009A7FF6FEAE2F287E
:103CA0003FF4BFAE5C283FF4BCAE7F2805D8014688
:103CB0000E4805F0FFFA009A78B9FF2F0DD022F8D0
:103CC00017500137DBE7216B0BF14C03C1F30801FF
:103CD0001944FFF751FEA060CEE70620DAE6052082
:103CE000D8E600BF349400082D94000824940008FE
:103CF0001FB5CDE9001003A814460391FEF700FAA2
:103D0000002815DB0B4A52F820300BB10021197046
:103D1000019B0BB10021197042F820302CB1002218
:103D200001A96846FEF7C8FE0446204604B010BD4F
:103D30000B24FAE79C3600202DE9F04798B0904616
:103D400005460191002800F0528102F03F0603A9C8
:103D500001A83246FEF7B0FE002840F04681039BE2
:103D60004FF48C60049303F0A1FA0746002800F09A
:103D70004081039B00F500720199D86004A81A6184
:103D8000FFF702FE044620B99DF95B30002BB8BF57
:103D9000062418F01C0F00F0CD80002C4CD0042C11
:103DA00040D104A8FFF724FC044600283AD146F08D
:103DB0000806039B1A78042A40F083801869294674
:103DC0002B60FFF7C3FD039B1E2200211869023000
:103DD000FDF7B2FF039C00211A2220692630FDF76F
:103DE000ABFF236920221A71246903F099FA014676
:103DF000012208342046FEF72BF9039B04A81B6917
:103E000083F82120FFF764FA044658B9A96801B382
:103E100002462846FEF718FDAB68039A0446013BAC
:103E20005361B4B1384603F051FA0CB100232B6052
:103E3000204618B0BDE8F0879DF8163013F0110F3A
:103E400040F0848018F0040F40F0C98018F0080F8B
:103E5000AFD1039A31071399936C48BF46F04006DF
:103E6000E964AB641078042872D1069B9DF81710A2
:103E70002B62089B106923F0FF030B4329466B62FA
:103E8000179BAB62FFF762FDDDF80CA00024002257
:103E900005F15008BAF8063021464046C5F800A0A2
:103EA000AB80002385F8306085F831406C64C5E94B
:103EB0000E234FF40072FDF73FFFB20653D40024E7
:103EC000B0E703F02DFA0146009013980E30FEF78C
:103ED000BFF8139800991630FEF7BAF8039C1399AF
:103EE0002078FFF749FD202300228046CB72204630
:103EF0001399FEF7D1F8139B002201211A775A7704
:103F00009A77DA77039BD970B8F1000FA1D04146B8
:103F100004A8D3F84890FEF797FC0446002881D106
:103F200049460398FEF75CFA039B044608F1FF300C
:103F3000586176E7002C7FF475AF9DF81630DC06EB
:103F40004FD418F0020F84D0D80782D5072469E730
:103F5000FFF712FD0023A86001F11C00FEF772F8C4
:103F60006B61286190E7D5E9046956EA0903A6D098
:103F7000BAF80AA0A9684FEA4A2AC5E90E69B2450B
:103F800074EB09031BD300242964002C7FF44AAF8F
:103F9000C6F30803002B92D0039C2046FEF770F86E
:103FA00008B3760A0123414646EAC95682196A6473
:103FB000607802F0EBFC041E18BF012432E72846AB
:103FC000FEF7C6FAB6EB0A06014669F100090128B8
:103FD00003D9431CD3D10124D6E70224D4E7082413
:103FE00020E704241EE702241CE704461EE70924F8
:103FF0001EE711241CE700002DE9F04F994685B01B
:104000000023884603A90446C9F800301646FEF787
:1040100091F8054680BB94F831506DBB94F8303070
:1040200013F00103009300F0A68004F1500AD4E9D4
:104030000432D4E90E011B1A62EB0102B34272F1A1
:10404000000238BF1E46BEB1D4E90E10C1F308030A
:10405000002B40F08280039B5A894B0A013A43EAC5
:10406000C0531A401BD151EA000309D1A0680128AE
:104070000DD8022584F83150284605B0BDE8F08FF0
:10408000216C20460192FEF763FA019AEFE7431C88
:1040900004D10123009D84F83130EDE72064DDF880
:1040A0000CB0216C5846FDF7EBFF0028E1D0B6F5C7
:1040B000007F02EB000731D3BBF80A1002EB562059
:1040C000730A88429BF8010088BF8B1A3A46414622
:1040D000019302F05BFC0028DBD194F93020019BB6
:1040E000002A0BDA606CC01B984207D24FF40072B2
:1040F000514608EB4020FDF7F9FD019B5F02D9F81E
:104100000030F61BB8443B44C9F80030D4E90E3205
:10411000DB1942F10002C4E90E3294E7626CBA4244
:104120001AD094F93030002B0DDA012351469BF858
:10413000010002F04FFC0028ABD194F8303003F0BE
:104140007F0384F83030039801233A465146407883
:1041500002F01CFC00289CD16764A16B4046C1F3AF
:104160000801C1F500775144B74228BF37463A46A7
:10417000FDF7BCFDC3E707257EE7000070B596B0EC
:104180000E460022019002A901A8FEF795FC044604
:10419000E0B94FF48C6003F089F80546D8B1029B72
:1041A00000F500720199D86002A81A61FFF7ECFBD4
:1041B000044640B99DF95330002B0ADB1EB131464D
:1041C00002A8FDF7EDFF284603F080F8204616B060
:1041D00070BD0624F7E71124F8E7000070B5B8B009
:1041E0000222019003A901A8FEF766FC044608BB61
:1041F000039B4FF48C60109303F058F80546002899
:1042000066D0039B00F500720199D86010A81A616E
:10421000FFF7BAFB044650B99DF88B30980655D489
:10422000190653D49DF84630DA0706D507242846E8
:1042300003F04CF8204638B070BD039B0493187807
:10424000042814D104A91869FFF780FB069E9DF885
:104250004630DB0610D410A8FEF776FF044600288F
:10426000E5D156BB0398FEF7DBFB0446DFE71F9959
:10427000FFF782FB0646EAE7039BDA69B242D5D034
:1042800024930021269624A81B78042B01BFDDE986
:104290000823CDE928239DF817308DF89730FEF7D5
:1042A000EFF904460028C2D124A8FFF741F80446DC
:1042B0000028BBD00428BAD1CDE70246314604A875
:1042C000FEF7C2FA04460028B1D1CBE70624AEE7D8
:1042D0001124AFE7F0B5BDB0CDE900106846FDF799
:1042E0000FFF022203A901A8FEF7E6FB04460028FF
:1042F00041D1039B4FF48C60149302F0D7FF054625
:10430000002800F0EE80039B00F5007214AE0199C6
:10431000D8601A613046FFF737FB044640BB9DF872
:104320009B3013F0A00F40F0D880039B009F1A78B9
:10433000042A68D11B6904AC03F1400C18680833E7
:1043400053F8041C2246634503C21446F6D150229A
:10435000314628A8FDF7CAFC394628A8FFF714FB08
:10436000044600284CD12A9A169B9A4206D008246B
:10437000284602F0ABFF20463DB0F0BD349A209BAA
:104380009A42F4D128A8FFF733F904460028EFD168
:10439000039B04AF1B6993F801E093F823C09C8C46
:1043A0003A46083303CAB24243F8080C43F8041CE7
:1043B0001746F5D1039B28A81B6983F801E0039BEE
:1043C0001A6982F823C01A6982F82440240A82F804
:1043D00025401A691379D9065CBF43F02003137195
:1043E000FEF776FF04460028C2D13046FEF7ACFE49
:1043F00004460028BCD10398FEF712FB0446B7E739
:104400000428B5D1BEE7239A04AB02F1200C106852
:10441000083252F8041C1C46624503C42346F6D1F8
:104420005022314628A8FDF761FC394628A8FFF73D
:10443000ABFA044600284CD12A9A169B9A4296D190
:10444000349A209B9A4292D128A8FFF7D1F80446CB
:1044500000288DD137990DF11D030DF12D0001F1CB
:104460000D0253F8044B834242F8044BF9D11888EB
:10447000012710809B7893709DF81B30039CDA060F
:1044800058BF43F02003CB72E770CB7ADB06ACD584
:10449000169A2A9B9A42A8D02078FFF76DFA014617
:1044A0002046FDF7EDFD0146C8B12046FDF798FF17
:1044B000044600287FF45CAF039890F86D302E2BF3
:1044C00093D12A9A00F16C01FDF7E6FD039BDF70A2
:1044D0008BE704287FF44CAFB6E7062448E70224B4
:1044E00046E7112447E700007F2810B501D880B2C5
:1044F00010BDB0F5803F13D240F2523399420FD134
:104500000849002231F8024B93B2844203D103F1EF
:104510008000C0B2ECE70132802AF3D11346F6E7FF
:104520000020E5E7749700087F280DD940F2523348
:10453000994208D1FF2806D800F10040034B80388B
:1045400033F8100070470020704700BF74970008D0
:10455000B0F5803FF0B522D21F4A83B21F49B0F5B3
:10456000805F28BF0A46141D34F8042C2146AAB1E6
:10457000934213D334F8025C2E0AEFB252FA85F557
:10458000A84222DA082E09D8DFE806F0050A101240
:104590001416181A1C00801A34F810301846F0BD92
:1045A000981A00F001001B1A9BB2F7E7103BFBE7DB
:1045B000203BF9E7303BF7E71A3BF5E70833F3E731
:1045C000503BF1E7A3F5E353EEE70434002ECBD1E3
:1045D00001EB4702C7E700BFC4940008B896000883
:1045E00008B5074B074A196801F03D019960536807
:1045F0000BB190689847BDE8084003F0A3B800BF2E
:1046000000000240A436002008B5084B196889094B
:1046100001F03D018A019A60054AD3680BB1106927
:104620009847BDE8084003F08DB800BF0000024085
:10463000A436002008B5084B1968090C01F03D01AB
:104640000A049A60054A53690BB190699847BDE81E
:10465000084003F077B800BF00000240A4360020F5
:1046600008B5084B1968890D01F03D018A059A606B
:10467000054AD3690BB1106A9847BDE8084003F0BA
:1046800061B800BF00000240A436002008B5074B07
:10469000074A596801F03D01D960536A0BB1906A2D
:1046A0009847BDE8084003F04DB800BF0000024045
:1046B000A436002008B5084B5968890901F03D016E
:1046C0008A01DA60054AD36A0BB1106B9847BDE8DE
:1046D000084003F037B800BF00000240A4360020B5
:1046E00008B5084B5968090C01F03D010A04DA606D
:1046F000054A536B0BB1906B9847BDE8084003F037
:1047000021B800BF00000240A436002008B5084BC5
:104710005968890D01F03D018A05DA60054AD36BBD
:104720000BB1106C9847BDE8084003F00BB800BF10
:1047300000000240A436002008B5074B074A19685C
:1047400001F03D019960536C0BB1906C9847BDE846
:10475000084002F0F7BF00BF00040240A43600206A
:1047600008B5084B1968890901F03D018A019A6072
:10477000054AD36C0BB1106D9847BDE8084002F0B4
:10478000E1BF00BF00040240A436002008B5084B7A
:104790001968090C01F03D010A049A60054A536D3D
:1047A0000BB1906D9847BDE8084002F0CBBF00BF49
:1047B00000040240A436002008B5084B1968890D92
:1047C00001F03D018A059A60054AD36D0BB1106E68
:1047D0009847BDE8084002F0B5BF00BF00040240A2
:1047E000A436002008B5074B074A596801F03D017F
:1047F000D960536E0BB1906E9847BDE8084002F047
:10480000A1BF00BF00040240A436002008B5084B39
:104810005968890901F03D018A01DA60054AD36EC1
:104820000BB1106F9847BDE8084002F08BBF00BF86
:1048300000040240A436002008B5084B5968090C52
:1048400001F03D010A04DA60054A536F0BB1906F25
:104850009847BDE8084002F075BF00BF0004024061
:10486000A436002008B5084B5968890D01F03D01B8
:104870008A05DA60054AD36F13B1D2F880009847F1
:10488000BDE8084002F05EBF00040240A4360020EC
:1048900000230C4910B51A460B4C0B6054F823004A
:1048A000026001EB430004334260402BF6D1074A1B
:1048B0004FF0FF339360D360C2F80834C2F80C3471
:1048C00010BD00BFA436002074980008000002400C
:1048D0000F28F8B510D9102810D0112811D012289F
:1048E00008D10F240720DFF8C8E00126DEF80050C9
:1048F000A04208D9002653E00446F4E70F24002024
:10490000F1E70724FBE706FA00F73D424AD1264CBF
:104910004FEA001C3D4304EB00160EEBC000CEF83E
:104920000050C0E90123FBB273B12048D0F8D83061
:1049300043F00103C0F8D830D0F8003143F0010350
:10494000C0F80031D0F8003117F47F4F0ED017486F
:10495000D0F8D83043F00203C0F8D830D0F8003196
:1049600043F00203C0F80031D0F8003154F80C00D5
:10497000036823F01F030360056815F00105FBD1F0
:1049800004EB0C033D2493F80CC05F6804FA0CF4AC
:104990003C6021240560446112B1987B00F0D0FC9A
:1049A0003046F8BD0130A3E774980008004402586F
:1049B000A436002010B5302484F31188FFF788FF57
:1049C000002383F3118810BD10B50446807B00F0EE
:1049D000CDFC01231549627B03FA02F20B6823EA3E
:1049E0000203DAB20B6072B9114AD2F8D81021F082
:1049F0000101C2F8D810D2F8001121F00101C2F86B
:104A00000011D2F8002113F47F4F0ED1084BD3F8D8
:104A1000D82022F00202C3F8D820D3F8002122F0D7
:104A20000202C3F80021D3F8003110BDA4360020E3
:104A30000044025808B5302383F31188FFF7C4FF00
:104A4000002383F3118808BD084BC26A994228BF2E
:104A50001946836C50688B4210B506D95A1E4C001B
:104A600002EB4103B3FBF4F3184410BD20BCBE00BD
:104A700001F001038A0748BF43F002034A0748BF19
:104A800043F008030A0748BF43F00403CA0648BFBF
:104A900043F010038A06426B48BF43F020031343E0
:104AA0004363704710B5074C204600F0CBFF064B20
:104AB0000022C4E91023054BA364054BE363054BB7
:104AC000E36410BD283700200070005200B4C40415
:104AD0007C3700207C390020C36A0BB9104BC362BD
:104AE0000379012B11D10F4B98420ED10E4BD3F805
:104AF000D42042F48032C3F8D420D3F8FC2042F40E
:104B00008032C3F8FC20D3F8FC30436C00221A65D5
:104B1000DA621A605A605A624FF0FF329A63704745
:104B20007499000828370020004402580379012BAB
:104B30001BD0436C00221A65DA621A605A605A620E
:104B40004FF0FF329A63094B98420ED1084BD3F8CD
:104B5000D42022F48032C3F8D420D3F8FC2022F4ED
:104B60008032C3F8FC20D3F8FC307047283700208F
:104B70000044025810B5446C0649FFF765FF6060B9
:104B8000236842F2107043F003032360BDE8104035
:104B900001F05EBD801A06000129F8B5466C0B4F86
:104BA00009D175680A493D40FFF74EFF054345F4BA
:104BB00080557560F8BD746806493C40FFF744FFB6
:104BC000044344F480547460F4E700BF00ECFFFF3A
:104BD00080F0FA0240787D01436C00225A601A602E
:104BE00070470000426C0129536823F4404304D00D
:104BF000022905D001B95360704743F48043FAE7B6
:104C000043F40043F7E70000436C41F480519A609D
:104C1000D9605A6B1206FCD580229A637047000057
:104C200010B541F48851446CA260E160616B11F0F1
:104C30004502FBD0A26311F0040203D0FFF718FF76
:104C4000012010BD616910461960FAE710B541F402
:104C50008851446CA260E160616B11F04502FBD0A9
:104C6000A26311F0050203D0FFF702FF012010BD7F
:104C7000616910461960FAE773B5134604460E469B
:104C8000302282F31188426CD26B32B14FF0FF3187
:104C90004030019301F0E8FC019B606C002202654A
:104CA000C263C262456B15F4807504D185F3118827
:104CB000012002B070BD4FF0FF31816382F3118893
:104CC000012E06D90C21204602B0BDE87040FFF746
:104CD000BDBF1046EDE7000073B5446C0E460025DD
:104CE0000192616BA1632565E562FFF7C1FE012EAC
:104CF00007D9019B2A460C2102B0BDE87040FFF79E
:104D0000A5BF02B070BD000010B541F49851446CCD
:104D1000A260E160616B11F04502FBD0A26311F06B
:104D20003F0203D0FFF7A4FE012010BD216A104608
:104D30001960E1695960A16999606169D960F4E716
:104D40002DE9F74304460191006D01A917469846E5
:104D500002F020FC064600284AD0626C2046DDF8AE
:104D600004905568C5F3090501356B00A56CB5FBCA
:104D7000F3F54FF47A73B5FBF3F55D43556200F03C
:104D800027FE50BB636C4FF0FF3201254146C3F84C
:104D9000589020461D659A634FF49572DA6342F28B
:104DA00007029F62DA62E36C0A9AFFF74FFFA0B92D
:104DB000E26C104B11680B407BB929462046FFF787
:104DC0005BFF054648B92E463A460199206D02F030
:104DD00019FC304603B0BDE8F0833A460199206DD6
:104DE00002F010FCE26C01212046FFF775FFF0E7AE
:104DF0000126EEE708E0FFFD2DE9F7431F46436C6F
:104E000001924FF47A725D6804468846C5F309053D
:104E100001356E00856CB5FBF6F5B5FBF2F5554333
:104E20005D6200F0D5FD20B10125284603B0BDE844
:104E3000F0837E0201A9206D324602F0ABFB0546ED
:104E40000028F1D0636C019AD4F84C909A65012245
:104E50001A654FF0FF329A634FF49572DA639E62DF
:104E6000236BDB064B4658BF4FEA4828012F4246CA
:104E70001BD912212046FFF7E9FEC0B9D9F800205E
:104E8000104B13409BB9636C42F2930239462046A3
:104E9000DA62E26CFFF7F0FE804640B932460199D3
:104EA000206D454602F0AEFBBFE71121E2E7324636
:104EB0000199206D02F0A6FBE26C39462046FFF70F
:104EC0000BFFB2E708E0FFFD2DE9F3411F46436CFD
:104ED00001924FF47A725D6804468846C5F309056D
:104EE00001356E00856CB5FBF6F5B5FBF2F5554363
:104EF0005D6200F06DFD20B10125284602B0BDE8DD
:104F0000F0817E0201A9206D324602F089FB054640
:104F10000028F1D0636C019A9A6501221A654FF05E
:104F2000FF329A634FF48D72DA639E62236BE66CF4
:104F3000DB06334658BF4FEA4828012F424619D9AD
:104F400019212046FFF782FEB0B932680F4B13409B
:104F500093B9636C42F2910239462046DA62E26C00
:104F6000FFF78AFE064638B901993546206D02F0F2
:104F700093FBC2E71821E4E70199206D02F08CFB56
:104F8000E26C39462046FFF7A7FEB6E708E0FFFDD2
:104F900012F0030F2DE9F04107460C4615461E4658
:104FA00017D00E44B44202D10020BDE8F0810123A5
:104FB000FA6B21463846FFF71FFF0028F5D1284637
:104FC0004FF40072F96B05F500750134FCF78EFEA5
:104FD000E8E7BDE8F041FFF70FBF000012F0030F54
:104FE0002DE9F04107460C4615461E4617D00E44E3
:104FF000B44202D10020BDE8F08129464FF400728E
:10500000F86B05F50075FCF771FE0123FA6B21467C
:105010003846FFF759FF0028EDD10134E8E7BDE835
:10502000F041FFF751BF000000207047302310B55A
:1050300083F311880024436C40302146DC6301F087
:1050400021FB84F3118810BD02684368114301609D
:1050500003B1184770470000024A136843F0C003C9
:105060001360704700440040024A136843F0C003D5
:105070001360704700480040024A136843F0C003C1
:105080001360704700780040064BD3F8E8200243D5
:10509000C3F8E820D3F810211043C3F81001D3F867
:1050A000103170470044025837B5274C274D204631
:1050B00000F028FD04F11400009400234FF4007266
:1050C000234900F0C3F94FF40072224904F138007B
:1050D0000094214B00F03CFA204BC4E91735204CDA
:1050E000204600F00FFD04F11400009400234FF45B
:1050F00000721C4900F0AAF94FF400721A4904F139
:1051000038000094194B00F023FA194BC4E9173505
:10511000184C204600F0F6FC04F1140000234FF474
:1051200000721549009400F091F9144B4FF400728D
:10513000134904F13800009400F00AFA114BC4E955
:10514000173503B030BD00BF8039002000E1F50500
:10515000C43A0020C44000205950000800440040D8
:10516000EC390020C43C0020C442002069500008F3
:1051700000480040583A0020C43E00207950000802
:10518000C44400200078004038B5264D0446037C16
:10519000002918BF0D46012B06D1234B984230D170
:1051A0004FF40030FFF770FF2A68236EE16D03EBC8
:1051B0005203A566B3FBF2F36A68100442BF23F002
:1051C000070003F0070343EA4003CB60AB6843F0FA
:1051D00040034B60EB6843F001038B6042F496732D
:1051E00043F001030B604FF0FF330B62510505D50F
:1051F00012F0102211D0B2F1805F10D084F8643028
:1052000038BD0A4B984205D0094B9842CCD14FF09B
:105210008040C7E74FF48020C4E77F23EEE73F23B9
:10522000ECE700BF7C99000880390020EC390020B1
:10523000583A00202DE9F047C66D05463768F469F5
:10524000210734621AD014F0080118BF4FF480719E
:10525000E20748BF41F02001A3074FF0300348BFE9
:1052600041F04001600748BF41F0800183F311889D
:10527000281DFFF7E9FE002383F31188E2050AD514
:10528000302383F311884FF48061281DFFF7DCFE83
:10529000002383F311884FF030094FF0000A14F017
:1052A000200838D13B0616D54FF0300905F1380AF1
:1052B000200610D589F31188504600F07DF90028AA
:1052C00036DA0821281DFFF7BFFE27F08003336080
:1052D000002383F31188790614D5620612D5302392
:1052E00083F31188D5E913239A4208D12B6C33B18B
:1052F00027F040071021281DFFF7A6FE3760002386
:1053000083F31188E30618D5AA6E1369ABB150690F
:10531000BDE8F047184789F31188736A284695F865
:105320006410194000F008FC8AF31188F469B6E7AC
:10533000B06288F31188F469BAE7BDE8F08700002D
:10534000090100F16043012203F56143C9B283F80A
:10535000001300F01F039A4043099B0003F16043D0
:1053600003F56143C3F880211A60704700F01F0302
:1053700001229A40430900F160409B0000F5614022
:1053800003F1604303F56143C3F88020C3F8802133
:10539000002380F800337047F8B51546826804464C
:1053A0000B46AA4200D28568A1692669761AB542E1
:1053B0000BD218462A46FCF799FCA3692B44A3613B
:1053C0002846A3685B1BA360F8BD0CD9AF1B184629
:1053D0003246FCF78BFC3A46E1683044FCF786FC29
:1053E000E3683B44EBE718462A46FCF77FFCE3689A
:1053F000E5E7000083689342F7B50446154600D2FE
:105400008568D4E90460361AB5420BD22A46FCF707
:105410006DFC63692B4463612846A3685B1BA36032
:1054200003B0F0BD0DD93246AF1B0191FCF75EFC15
:1054300001993A46E0683144FCF758FCE3683B4484
:10544000E9E72A46FCF752FCE368E4E710B50A44B2
:105450000024C361029B8460C16002610362C0E9F1
:105460000000C0E9051110BD08B5D0E9053293422E
:1054700001D1826882B98268013282605A1C42611D
:1054800019700021D0E904329A4224BFC3684361F5
:1054900001F012F9002008BD4FF0FF30FBE70000DB
:1054A00070B5302304460E4683F31188A568A5B174
:1054B000A368A269013BA360531CA361157822690C
:1054C000934224BFE368A361E3690BB12046984788
:1054D000002383F31188284607E03146204601F077
:1054E000DBF80028E2DA85F3118870BD2DE9F74F6B
:1054F00004460E4617469846D0F81C904FF0300AE6
:105500008AF311884FF0000B154665B12A463146E3
:105510002046FFF741FF034660B94146204601F0AF
:10552000BBF80028F1D0002383F31188781B03B067
:10553000BDE8F08FB9F1000F03D001902046C847B5
:10554000019B8BF31188ED1A1E448AF31188DCE766
:10555000C160C361009B82600362C0E90511114410
:10556000C0E9000001617047F8B504460D461646D3
:10557000302383F31188A768A7B1A368013BA36018
:1055800063695A1C62611D70D4E904329A4224BFD7
:10559000E3686361E3690BB120469847002080F31C
:1055A000118807E03146204601F076F80028E2DA5B
:1055B00087F31188F8BD0000D0E9052310B59A42A1
:1055C00001D182687AB982680021013282605A1C56
:1055D00082611C7803699A4224BFC368836101F029
:1055E0006BF8204610BD4FF0FF30FBE72DE9F74F79
:1055F00004460E4617469846D0F81C904FF0300AE5
:105600008AF311884FF0000B154665B12A463146E2
:105610002046FFF7EFFE034660B94146204601F001
:105620003BF80028F1D0002383F31188781B03B0E6
:10563000BDE8F08FB9F1000F03D001902046C847B4
:10564000019B8BF31188ED1A1E448AF31188DCE765
:105650000379052B05BF836A002001204B6004BF3E
:105660004FF400730B60704770B55D1E866A044688
:105670000D44B54205D9436B43F0800343630120D9
:1056800070BD06250571FFF783FC05232371F7E73D
:1056900070B55D1E866A04460D44B54205D9436B5C
:1056A00043F080034363012070BD07250571FFF7B8
:1056B00095FC05232371F7E738B505790446052DD8
:1056C00005D108230371FFF7AFFC257138BD012018
:1056D000FCE700000323F0B5037185B00446FFF733
:1056E00049FA002220461146FFF78EFA4FF4D57290
:1056F00003AB08212046FFF7A9FA0246B8B90123F7
:105700002363039BC3F30323012B09D103AB37218D
:105710002046FFF79BFA18B9A44B039A1340ABB18C
:1057200020460125FFF758FA0223237137E103AB26
:10573000002237212046FFF789FA28B99B4A039BAC
:105740001A40002A00F0A78002232363236B03F092
:105750000F03022B40F0A9806425954E42F2107091
:1057600000F076FF03AB324601212046FFF758FADE
:105770000028D5D1039B002B80F293805A0003D5DB
:10578000236B43F010032363002204F1080302217A
:105790002046FFF7B9FA02460028C1D104F13803C8
:1057A00003212046FFF752FA0028B9D104F1180569
:1057B000A26B092120462B46FFF7A6FA0028AFD19D
:1057C00002ABA26B07212046FFF740FA06460028ED
:1057D000A6D1236B03F00F03022B40F08F807E22B3
:1057E0007F21284603F01CFA012840F28780E76BEE
:1057F00042F2107000F02CFF08234FF4007239467B
:1058000020460096FFF79CFA002889D1384603F01D
:1058100055FA236BA06203F00F03022B72D103AB86
:10582000644A06212046FFF711FA002871D15F492A
:10583000039B1940B1FA81F149092046FFF7ACF901
:1058400002AB4FF4007210212046FFF7FFF9054626
:1058500000287FF465AF554E029B33427FF460AF62
:10586000236B13F00E0F03F00F0273D0022A7FF4A4
:1058700057AFE36A1978012900F09480022900F0FB
:105880009380002900F089804B4F2046FFF7AAF94A
:1058900003AB3A4676E0114620462263FFF7B4F99F
:1058A00054E7013D7FF45AAF3AE7444D6426444A39
:1058B0003E4F012B18BF154603AB0022372120466F
:1058C000FFF7C4F900287FF42BAF039B3B427FF422
:1058D00027AF03AB2A4629212046FFF7A1F900286C
:1058E0007FF41EAF039B002BFFF648AF013E3FF451
:1058F00017AF42F2107000F0ABFEDDE7284603F070
:10590000B1F986E77E227F212846E66B03F088F90D
:1059100008B9002191E70023402231462046009338
:105920000623FFF70DFA0028F3D1B3895BBA9B0772
:10593000EFD5244B40223146204600930623FFF743
:10594000FFF90028E5D1317C01F00F010F3918BFB4
:10595000012172E7E36A1978F9B101297FF4E0AE19
:105960002046FFF73FF903ABA26B37212046FFF734
:105970006DF900287FF4D4AE039B33427FF4D0AEA0
:1059800003AB022206212046FFF760F900287FF4CE
:10599000C7AE039B33427FF4C3AE05232371284671
:1059A00005B0F0BD084F70E7084F6EE708E0FFFD57
:1059B0000080FFC00001B9030000B7030080FF5062
:1059C00000001080F1FFFF800001B7030002B70361
:1059D00037B504460C4D01ABA26B0D212046FFF7F5
:1059E00035F978B9019B2B420BD1C3F34323042B28
:1059F00008D0053B022B04D84FF47A7000F028FE43
:105A0000E9E7012003B030BD08E0FFFD70B53023A9
:105A1000054683F3118803790024022B03D184F314
:105A20001188204670BD0423037184F31188022677
:105A3000FFF7CEFF04462846FFF7CEF82E71F0E7B9
:105A4000FFF730B8044B0360012303710023436365
:105A5000C0E90A33704700BF9499000810B530239D
:105A6000044683F31188C162FFF736F80223002051
:105A7000237180F3118810BD10B53023044683F3E1
:105A80001188FFF753F800230122E362227183F3A8
:105A9000118810BD026843681143016003B11847C3
:105AA000704700001430FFF721BD00004FF0FF33B6
:105AB0001430FFF71BBD00003830FFF797BD000022
:105AC0004FF0FF333830FFF791BD00001430FFF77F
:105AD000E7BC00004FF0FF311430FFF7E1BC0000DD
:105AE0003830FFF741BD00004FF0FF323830FFF78C
:105AF0003BBD0000012914BF6FF013000020704768
:105B0000FFF7D2BA044B036000234360C0E90233BD
:105B100001230374704700BFB899000810B5302303
:105B2000044683F31188FFF72FFB02230020237420
:105B300080F3118810BD000038B5C36904460D46D6
:105B40001BB904210844FFF7A5FF294604F11400FE
:105B5000FFF78AFC002806DA201D4FF40061BDE83B
:105B60003840FFF797BF38BD0268436811430160B2
:105B700003B118477047000013B5406B00F580541F
:105B8000D4F8A4381A681178042914D1017C0229A8
:105B900011D11979012312898B4013420BD101A92C
:105BA0004C3002F06BFFD4F8A4480246019B2179E7
:105BB000206800F0DFF902B010BD0000143002F0E0
:105BC000EDBE00004FF0FF33143002F0E7BE0000DE
:105BD0004C3002F0BFBF00004FF0FF334C3002F0FA
:105BE000B9BF0000143002F0BBBE00004FF0FF311F
:105BF000143002F0B5BE00004C3002F08BBF000044
:105C00004FF0FF324C3002F085BF0000002070479B
:105C100010B500F58054D4F8A4381A681178042916
:105C200017D1017C022914D15979012352898B4063
:105C300013420ED1143002F04DFE024648B1D4F8A2
:105C4000A4484FF4407361792068BDE8104000F02B
:105C50007FB910BD406BFFF7DBBF0000704700004D
:105C60007FB5124B0125042604460360002305740A
:105C700000F1840243602946C0E902330C4B0290D4
:105C8000143001934FF44073009602F0FFFD094B6E
:105C900004F69442294604F14C000294CDE90063D5
:105CA0004FF4407302F0C6FE04B070BDE0990008E6
:105CB000555C0008795B00080A68302383F311887B
:105CC0000B790B3342F823004B79133342F823004E
:105CD0008B7913B10B3342F8230000F58053C3F8DE
:105CE000A41802230374002080F311887047000079
:105CF00038B5037F044613B190F85430ABB9012591
:105D0000201D0221FFF730FF04F114006FF00101A4
:105D1000257700F0DDFC04F14C0084F854506FF05E
:105D20000101BDE8384000F0D3BC38BD10B50121F9
:105D300004460430FFF718FF0023237784F854301B
:105D400010BD000038B504460025143002F0B6FD41
:105D500004F14C00257702F085FE201D84F8545094
:105D60000121FFF701FF2046BDE83840FFF750BF93
:105D700090F8803003F06003202B06D190F881204A
:105D80000023212A03D81F2A06D800207047222A80
:105D9000FBD1C0E91D3303E0034A42670722826753
:105DA000C3670120704700BF4422002037B500F5CB
:105DB0008055D5F8A4381A68117804291AD1017CC5
:105DC000022917D11979012312898B40134211D16D
:105DD00000F14C04204602F005FF58B101A920460D
:105DE00002F04CFED5F8A4480246019B21792068B8
:105DF00000F0C0F803B030BD01F10B03F0B550F86E
:105E0000236085B004460D46FEB1302383F311882C
:105E100004EB8507301D0821FFF7A6FEFB6806F19D
:105E20004C005B691B681BB1019002F035FE0198C4
:105E300003A902F023FE024648B1039B29462046EF
:105E400000F098F8002383F3118805B0F0BDFB68DB
:105E50005A691268002AF5D01B8A013B1340F1D120
:105E600004F18002EAE70000133138B550F8214010
:105E7000ECB1302383F3118804F58053D3F8A428C0
:105E80001368527903EB8203DB689B695D6845B157
:105E900004216018FFF768FE294604F1140002F09F
:105EA00023FD2046FFF7B4FE002383F3118838BD9D
:105EB0007047000001F044BD01234022002110B5CD
:105EC000044600F8303BFBF737FF0023C4E90133F9
:105ED00010BD000010B53023044683F3118824223E
:105EE000416000210C30FBF727FF204601F04AFDFE
:105EF00002230020237080F3118810BD70B500EBE1
:105F00008103054650690E461446DA6018B1102226
:105F10000021FBF711FFA06918B110220021FBF747
:105F20000BFF31462846BDE8704001F031BE00004D
:105F300083682022002103F0011310B5044683601A
:105F40001030FBF7F9FE2046BDE8104001F0ACBE72
:105F5000F0B4012500EB810447898D40E4683D439E
:105F6000A469458123600023A2606360F0BC01F056
:105F7000C9BE0000F0B4012500EB810407898D4003
:105F8000E4683D436469058123600023A260636087
:105F9000F0BC01F03FBF000070B5022300250446AD
:105FA000242203702946C0F888500C3040F8045C65
:105FB000FBF7C2FE204684F8705001F07DFD636857
:105FC0001B6823B129462046BDE87040184770BDC4
:105FD0000378052B10B504460AD080F88C300523D1
:105FE000037043681B680BB1042198470023A3602A
:105FF00010BD00000178052906D190F88C20436877
:1060000002701B6803B118477047000070B590F824
:106010007030044613B1002380F8703004F1800220
:10602000204601F065FE63689B68B3B994F8803040
:1060300013F0600535D00021204602F057F9002109
:10604000204602F047F963681B6813B10621204619
:106050009847062384F8703070BD20469847002882
:10606000E4D0B4F88630A26F9A4288BFA36794F94F
:106070008030A56F002B4FF0300380F20381002D9C
:1060800000F0F280092284F8702083F31188002147
:106090002046D4E91D23FFF76DFF002383F3118809
:1060A000DAE794F8812003F07F0343EA022340F209
:1060B0000232934200F0C58021D8B3F5807F48D0EA
:1060C0000DD8012B3FD0022B00F09380002BB2D1D2
:1060D00004F1880262670222A267E367C1E7B3F5B1
:1060E000817F00F09B80B3F5407FA4D194F882308B
:1060F000012BA0D1B4F8883043F0020332E0B3F5AD
:10610000006F4DD017D8B3F5A06F31D0A3F5C063A1
:10611000012B90D86368204694F882205E6894F83A
:106120008310B4F88430B047002884D04368636794
:106130000368A3671AE0B3F5106F36D040F6024249
:1061400093427FF478AF5C4B63670223A36700231D
:10615000C3E794F88230012B7FF46DAFB4F8883038
:1061600023F00203A4F88830C4E91D55E56778E7F9
:10617000B4F88030B3F5A06F0ED194F88230204689
:1061800084F88A3001F0F6FC63681B6813B10121C2
:1061900020469847032323700023C4E91D339CE75E
:1061A00004F18B0363670123C3E72378042B10D129
:1061B000302383F311882046FFF7BAFE85F3118858
:1061C0000321636884F88B5021701B680BB1204653
:1061D000984794F88230002BDED084F88B3004236B
:1061E000237063681B68002BD6D002212046984795
:1061F000D2E794F8843020461D0603F00F010AD53B
:1062000001F068FD012804D002287FF414AF2B4B65
:106210009AE72B4B98E701F04FFDF3E794F88230B3
:10622000002B7FF408AF94F8843013F00F01B3D043
:106230001A06204602D502F071F8ADE702F062F8C6
:10624000AAE794F88230002B7FF4F5AE94F88430FE
:1062500013F00F01A0D01B06204602D502F046F82D
:106260009AE702F037F897E7142284F8702083F356
:1062700011882B462A4629462046FFF769FE85F3FA
:106280001188E9E65DB1152284F8702083F3118846
:1062900000212046D4E91D23FFF75AFEFDE60B221C
:1062A00084F8702083F311882B462A46294620461D
:1062B000FFF760FEE3E700BF109A0008089A0008A5
:1062C0000C9A000838B590F870300446002B3ED088
:1062D000063BDAB20F2A34D80F2B32D8DFE803F0AE
:1062E00037313108223231313131313131313737C3
:1062F000856FB0F886309D4214D2C3681B8AB5FB07
:10630000F3F203FB12556DB9302383F311882B464A
:106310002A462946FFF72EFE85F311880A2384F8C2
:1063200070300EE0142384F87030302383F311882A
:10633000002320461A461946FFF70AFE002383F37E
:10634000118838BDC36F03B198470023E7E70021E8
:10635000204601F0CBFF0021204601F0BBFF63681F
:106360001B6813B10621204698470623D7E7000093
:1063700010B590F870300446142B29D017D8062B8E
:1063800005D001D81BB110BD093B022BFBD8002161
:10639000204601F0ABFF0021204601F09BFF63681F
:1063A0001B6813B1062120469847062319E0152BD8
:1063B000E9D10B2380F87030302383F31188002358
:1063C0001A461946FFF7D6FD002383F31188DAE752
:1063D000C3689B695B68002BD5D1C36F03B1984735
:1063E000002384F87030CEE70023826880F82430E0
:1063F00083691B6899689142FBD25A6803604260C6
:1064000010605860704700000023826880F82430D4
:1064100083691B6899689142FBD85A68036042609F
:10642000106058607047000008B50846302383F3B9
:10643000118891F82430032B05D0042B0DD02BB9F3
:1064400083F3118808BD8B6A00221A604FF0FF3376
:106450008362FFF7C9FF0023F2E7D1E9003213603E
:106460005A60F3E7034610B51B68984203D09C6856
:106470008A689442F8D25A680B604A601160596089
:1064800010BD0000FFF7B0BF064BD96881F82400AB
:106490001868026853601A600122D86080F82420CE
:1064A000F9F7B0BFC84600200C4B30B5DD684B1C77
:1064B00087B004460FD02B46094A684600F09CF985
:1064C0002046FFF7E1FF009B13B1684600F09EF9FC
:1064D000A86A07B030BDFFF7D7FFF9E7C84600202C
:1064E00029640008044B1A68DB6890689B6898422E
:1064F00094BF002001207047C8460020094B10B50A
:106500001C68D868226853601A600122DC6084F835
:106510002420FFF779FF01462046BDE81040F9F737
:1065200071BF00BFC8460020044B1A68DB68926840
:106530009B689A4201D9FFF7E1BF7047C846002027
:1065400038B50123084C00252370656002F0E4FB98
:1065500002F00AFC0549064802F0E0FC0223237021
:1065600085F3118838BD00BF70490020189A0008D3
:10657000C846002000F080B9034A516853685B1A8E
:106580009842FBD8704700BF001000E08B604B635F
:106590000023CA6100F128020B6302230A618B8485
:1065A0000123886181F8263001F11003C26A4A6133
:1065B0001360C36201F12C030846CB6270470000F0
:1065C000D0E90131026841F8183CA1F19C03383947
:1065D000CB60036941F8243C436941F8203C034BFC
:1065E00041F8043CC3680248FFF7D0BF1D0400080F
:1065F000C846002008B5FFF7E3FFBDE80840FFF7F5
:1066000041BF000038B50E4BDC6804F12C05A062D8
:10661000E06AA8420FD194F826303BB994F82530AF
:106620009B0702BFD4E9043213605A600F20BDE813
:106630003840FFF729BF0368E362FFF723FFE7E76E
:10664000C8460020302383F31188FFF7DBBF00002A
:1066500008B50146302383F311880820FFF724FF93
:10666000002383F3118808BD054BDB6821B103606B
:1066700098620320FFF718BF4FF0FF30704700BF4C
:10668000C846002003682BB10022026018469962B8
:10669000FFF7F8BE70470000064BDB6839B142686F
:1066A00018605A60136043600420FFF7FDBE4FF08E
:1066B000FF307047C84600200368984206D01A6829
:1066C0000260506018469962FFF7DCBE7047000018
:1066D00038B504460D462068844200D138BD0368B1
:1066E00023605C608562FFF7CDFEF4E7036810B5B8
:1066F0009C68A2420CD85C688A600B604C60216088
:10670000596099688A1A9A604FF0FF33836010BD10
:10671000121B1B68ECE700000A2938BF0A2170B57C
:1067200004460D460A26601902F0F0FA02F0D8FA83
:10673000041BA54203D8751C04462E46F3E70A2E17
:1067400004D90120BDE8704002F0B0BC70BD00006B
:10675000F8B5144B0D460A2A4FF00A07D96103F128
:106760001001826038BF0A22416019691446016035
:1067700048601861A81802F0B9FA02F0B1FA431B98
:106780000646A34206D37C1C28192746354602F04C
:10679000BDFAF2E70A2F04D90120BDE8F84002F063
:1067A00085BCF8BDC8460020F8B506460D4602F087
:1067B00097FA0F4A134653F8107F9F4206D12A4694
:1067C00001463046BDE8F840FFF7C2BFD169BB685B
:1067D000441A2C1928BF2C46A34202D92946FFF798
:1067E0009BFF224631460348BDE8F840FFF77EBFD5
:1067F000C8460020D8460020C0E90323002310B477
:106800005DF8044B4361FFF7CFBF000010B5194C92
:10681000236998420DD08168D0E9003213605A6034
:106820009A680A449A60002303604FF0FF33A36123
:1068300010BD0268234643F8102F53600022026007
:1068400022699A4203D1BDE8104002F059BA936818
:1068500081680B44936002F043FA2269E16992680F
:10686000441AA242E4D91144BDE81040091AFFF7C6
:1068700053BF00BFC84600202DE9F047DFF8BC80B9
:1068800008F110072C4ED8F8105002F029FAD8F869
:106890001C40AA68031B9A423ED814444FF00009DA
:1068A000D5E90032C8F81C4013605A60C5F8009062
:1068B000D8F81030B34201D102F022FA89F31188DE
:1068C000D5E9033128469847302383F311886B6953
:1068D000002BD8D002F004FA6A69A0EB04098246C2
:1068E0004A450DD2022002F0E1FB0022D8F8103018
:1068F000B34208D151462846BDE8F047FFF728BF0C
:10690000121A2244F2E712EB09092946384638BF29
:106910004A46FFF7EBFEB5E7D8F81030B34208D08F
:106920001444C8F81C00211AA960BDE8F047FFF71D
:10693000F3BEBDE8F08700BFD8460020C84600205F
:1069400038B502F0CDF9054AD2E90845031B1819FC
:1069500045F10001C2E9080138BD00BFC84600206A
:1069600010B560B9074804790368053C9B6818BFF7
:106970000124984708B144F00404204610BD0124C6
:10698000FBE700BF28370020FFF7EABF2DE9F047FB
:10699000884617469A460446B0B90D4E3579052DFE
:1069A00005D003240DE0013D15F0FF050ED032683F
:1069B000534639463046D2F814904246C84700281C
:1069C000F1D12046BDE8F0870424FAE70124F8E776
:1069D000283700202DE9F047884617469A46044696
:1069E000B0B90D4E3579052D05D003240DE0013DDC
:1069F00015F0FF050ED03268534639463046D2F8BE
:106A000018904246C8470028F1D12046BDE8F087DB
:106A10000424FAE70124F8E72837002037B50C46AC
:106A2000154670B951B101290BD107486946036871
:106A30001B6A984710B9019B04462B60204603B09F
:106A400030BD0424FAE700BF28370020002070473B
:106A5000FEE70000704700004FF0FF307047000075
:106A60004B6843608B688360CB68C3600B6943618C
:106A70004B6903628B6943620B68036070470000D7
:106A800008B53C4B40F2FF713B48D3F888200A43DD
:106A9000C3F88820D3F8882022F4FF6222F007028E
:106AA000C3F88820D3F88820D3F8E0200A43C3F83D
:106AB000E020D3F808210A43C3F808212F4AD3F86D
:106AC00008311146FFF7CCFF00F5806002F11C0190
:106AD000FFF7C6FF00F5806002F13801FFF7C0FF45
:106AE00000F5806002F15401FFF7BAFF00F5806005
:106AF00002F17001FFF7B4FF00F5806002F18C0134
:106B0000FFF7AEFF00F5806002F1A801FFF7A8FFD4
:106B100000F5806002F1C401FFF7A2FF00F580607C
:106B200002F1E001FFF79CFF00F5806002F1FC013B
:106B3000FFF796FF02F58C7100F58060FFF790FF7C
:106B400001F084FC0E4BD3F8902242F00102C3F80E
:106B50009022D3F8942242F00102C3F89422052235
:106B6000C3F898204FF06052C3F89C20054AC3F840
:106B7000A02008BD00440258000002582C9A0008CA
:106B800000ED00E01F00080308B501F06BFEFFF701
:106B9000D7FC104BD3F8DC2042F04002C3F8DC20D5
:106BA000D3F8042122F04002C3F80421D3F80431C1
:106BB000094B1A6842F008021A601A6842F004028F
:106BC0001A6000F071FD00F035FBBDE8084000F0F0
:106BD000B5B800BF004402580018024801207047B1
:106BE000002070477047000002290CD0032904D010
:106BF0000129074818BF00207047032A05D8054817
:106C000000EBC2007047044870470020704700BF87
:106C1000309C000854220020E49B000870B59AB014
:106C200005460846144601A900F0C2F801A8FBF782
:106C30007BF8431C0022C6B25B001046C5E9003455
:106C400023700323023404F8013C01ABD1B20234B7
:106C50008E4201D81AB070BD13F8011B013204F83E
:106C6000010C04F8021CF1E708B5302383F3118806
:106C70000348FFF79BF8002383F3118808BD00BF8A
:106C80007849002090F8803003F01F02012A07D1D4
:106C900090F881200B2A03D10023C0E91D3315E0B1
:106CA00003F06003202B08D1B0F884302BB990F8A2
:106CB0008120212A03D81F2A04D8FFF759B8222A95
:106CC000EBD0FAE7034A426707228267C3670120D5
:106CD000704700BF4B22002007B5052917D8DFE811
:106CE00001F0191603191920302383F31188104A73
:106CF00001210190FFF702F9019802210D4AFFF7E7
:106D0000FDF80D48FFF71EF8002383F3118803B048
:106D10005DF804FB302383F311880748FEF7E8FF92
:106D2000F2E7302383F311880348FEF7FFFFEBE718
:106D3000849B0008A89B00087849002038B50C4DBA
:106D40000C4C2A460C4904F10800FFF767FF05F1D7
:106D5000CA0204F110000949FFF760FF05F5CA7285
:106D600004F118000649BDE83840FFF757BF00BFDF
:106D70005062002054220020609B00086D9B000898
:106D8000789B000870B5044608460D46FAF7CCFF1C
:106D9000C6B22046013403780BB9184670BD32469E
:106DA0002946FAF7ADFF0028F3D10120F6E70000ED
:106DB0002DE9F04705460C46FAF7B6FF2C49C6B256
:106DC0002846FFF7DFFF08B10C36F6B229492846FE
:106DD000FFF7D8FF08B11036F6B2632E0BD8DFF8F4
:106DE0009080DFF89090244FDFF898A02E7846B975
:106DF0002670BDE8F08729462046BDE8F04702F03E
:106E000067BA252E30D1072241462846FAF778FF87
:106E100080B91A4B224603F1100153F8040B8B4240
:106E200042F8040BF9D1198807359B781334118087
:106E30009370DBE7082249462846FAF761FF98B9C4
:106E4000A21C0F4B197802320909C95D02F8041C13
:106E500013F8011B01F00F015345C95D02F8031C33
:106E6000F0D118340835C1E7013504F8016BBDE7EE
:106E7000509C0008789B00086C9C0008589C0008F7
:106E800000E8F11F0CE8F11FBFF34F8F044B1A69A4
:106E90005107FCD1D3F810215207F8D1704700BF39
:106EA0000020005208B50D4B1B78ABB9FFF7ECFF83
:106EB0000B4BDA68D10704D50A4A5A6002F18832CE
:106EC0005A60D3F80C21D20706D5064AC3F804212C
:106ED00002F18832C3F8042108BD00BFAE6400206F
:106EE000002000522301674508B5114B1B78F3B908
:106EF000104B1A69510703D5DA6842F04002DA6094
:106F0000D3F81021520705D5D3F80C2142F04002E6
:106F1000C3F80C21FFF7B8FF064BDA6842F0010214
:106F2000DA60D3F80C2142F00102C3F80C2108BD4D
:106F3000AE640020002000520F289ABF00F5806048
:106F400040040020704700004FF4003070470000FC
:106F5000102070470F2808B50BD8FFF7EDFF00F59C
:106F600000330268013204D104308342F9D1012098
:106F700008BD0020FCE700000F2838B505463FD8C3
:106F8000FFF782FF1F4CFFF78DFF4FF0FF330728FD
:106F90006361C4F814311DD82361FFF775FF030244
:106FA00043F02403E360E36843F08003E360236974
:106FB0005A07FCD42846FFF767FFFFF7BDFF4FF4E1
:106FC000003100F0ABFA2846FFF78EFFBDE83840ED
:106FD000FFF7C0BFC4F81031FFF756FFA0F1080358
:106FE0001B0243F02403C4F80C31D4F80C3143F0F5
:106FF0008003C4F80C31D4F810315B07FBD4D9E717
:10700000002038BD002000522DE9F84F05460C46FF
:10701000104645EA0203DE0602D00020BDE8F88FE4
:1070200020F01F00DFF8BCB0DFF8BCA0FFF73AFF8C
:1070300004EB0008444503D10120FFF755FFEDE7BD
:1070400020222946204602F0C7F810B92035203406
:10705000F0E72B4605F120021F68791CDDD10433CF
:107060009A42F9D105F178431B481C4EB3F5801FB5
:107070001B4B38BF184603F1F80332BFD946D1463F
:107080001E46FFF701FF0760A5EB040C336804F10F
:107090001C0143F002033360231FD9F8007017F07E
:1070A0000507FAD153F8042F8B424CF80320F4D192
:1070B000BFF34F8FFFF7E8FE4FF0FF33202221464A
:1070C00003602846336823F00203336002F084F83B
:1070D0000028BBD03846B0E7142100520C200052E3
:1070E00014200052102000521021005210B5084CFC
:1070F000237828B11BB9FFF7D5FE0123237010BDFB
:10710000002BFCD02070BDE81040FFF7EDBE00BFA3
:10711000AE6400202DE9F04F0D4685B0814658B190
:1071200011F00D0614BF2022082211F0080301936C
:1071300004D0431E034269D0002435E0002E37D02E
:1071400009F11F0121F01F094FF00108314F05F02F
:107150000403DFF8CCA005EA080BBBF1000F32D026
:107160007869C0072FD408F101080C37B8F1060F71
:10717000F3D19EB9284D4946A819019201F016FE97
:107180000446002839D12036019AA02EF3D1494671
:1071900001F00CFE044600282FD1019A49461F48F1
:1071A00001F004FE044660BB204605B0BDE8F08F48
:1071B0000029C9D101462846029201F0F7FD044694
:1071C000D8B9029AC0E713B178694107CBD5AC07AB
:1071D00002D578698007C6D5019911B17869010790
:1071E000C1D549460AEB4810CDE9022301F0DEFD86
:1071F0000446DDE902230028B5D04A460021204696
:1072000001E04A460021FAF797FDCDE70246002E3D
:1072100096D199E7809C0008F0640020B0640020BB
:10722000D06400200021FFF775BF00000121FFF7A7
:1072300071BF000070B5144D0124144E40F2FF32AE
:1072400000210120FAF778FD06EB441001342A6989
:1072500055F80C1F01F096FD062CF5D137254FF49B
:10726000C0542046FFF7E2FF014628B122460848F5
:10727000BDE8704001F086BDC4EBC404013D4FEA97
:10728000D404EED170BD00BF809C0008D064002003
:10729000B06400200421FFF73DBF00004843FFF722
:1072A000C1BF000008B101F0F3BD7047B0F5805FC9
:1072B00010B5044607D8FFF7EDFF28B92046BDE812
:1072C0001040FFF7AFBF002010BD0000FFF7EABF7E
:1072D00070B5AAB140EA010313F01F030FD1094CA6
:1072E0000144A5686D0706D52568A84203D36668E2
:1072F0003544A94204D903330C34122BF1D10022B6
:10730000104670BD809C000808B501F0D7FE034A06
:10731000D2E90032C01842EB010108BD906500209F
:10732000434BD3E900232DE9F34113437CD0FFF70E
:10733000EBFF404A00230027F9F77EF806460D468A
:107340003D4A0023F9F778F80023144630462946D1
:10735000394AF9F771F84FF461613C23ADF80170D7
:10736000B4FBF1F5B4FBF3F601FB154103FB164644
:107370004624B1FBF3F1314BF6B28DF80040984250
:107380003CD84FF0640C4FF4C87EA30704F26C7233
:1073900025D1B2FBFCF30CFB132313BBB2FBFEF3B2
:1073A0000EFB1322B2FA82F35B0903F26D18621C22
:1073B0008045D2B217D90FB18DF800400022204C81
:1073C0004FF00C0C17460CFB0343D4B2013213F8F8
:1073D00004C084450CD8A0EB0C000127F5E700237E
:1073E000E3E70123E1E7A0EB080014460127CCE71F
:1073F0000FB18DF80140431C8DF802309DF801005B
:10740000431C9DF800005038400640EA43509DF868
:10741000023040EA034040EA560040EAC52040EA14
:10742000411002B0BDE8F0814FF40410F9E700BF4D
:107430009065002040420F008051010090230B0016
:10744000C89C00080244074BD2B210B5904200D14C
:1074500010BD441C00B253F8200041F8040BE0B208
:10746000F4E700BF504000580E4B30B51C6F2404A9
:1074700005D41C6F1C671C6F44F400441C670A4C45
:1074800002442368D2B243F480732360074B9042D6
:1074900000D130BD441C51F8045B00B243F82050C9
:1074A000E0B2F4E700440258004802585040005847
:1074B00007B5012201A90020FFF7C4FF019803B01E
:1074C0005DF804FB13B50446FFF7F2FFA04205D0B8
:1074D000012201A900200194FFF7C6FF02B010BDF0
:1074E00010B56424013C4FF47A70FFF7B1F814F042
:1074F000FF04F7D1084B4FF0807214249A6103F512
:10750000805308229A61013C4FF47A70FFF7A0F88B
:1075100014F0FF04F7D110BD000002580144BFF37E
:107520004F8F064B884204D3BFF34F8FBFF36F8F4B
:107530007047C3F85C022030F4E700BF00ED00E0C4
:107540000144BFF34F8F064B884204D3BFF34F8FE4
:10755000BFF36F8F7047C3F870022030F4E700BFAD
:1075600000ED00E070B5054616460C4601201021DE
:10757000FFF794FE286046733CB1204636B1FFF712
:1075800089FE2B68186000B19C6070BDFFF74EFE4D
:10759000F7E70000F8B50F461546044648B905F16F
:1075A0001F010126386821F01F01FFF7B7FF3046A1
:1075B000F8BD427B29463868FFF78AFE0646002858
:1075C000EDD13B686360A368AB4210D213B1206871
:1075D000FFF768FE637B28462BB1FFF75BFE206058
:1075E00020B9A060E3E7FFF721FEF8E7A560206877
:1075F00005F11F01012621F01F013860FFF78EFF02
:107600002673D4E710B5044640B10068884205D11E
:10761000606808B1FAF76AFB0023237310BD00000D
:10762000F8B50F461446054648B904F11F01012676
:10763000386821F01F01FFF783FF3046F8BD427B19
:1076400021463868FFF744FE06460028EDD1AB68B6
:10765000A34210D213B12868FFF724FE6B7B2046AB
:107660002BB1FFF717FE286020B9A860E5E7FFF708
:10767000DDFDF8E7AC60396819B122462868FAF7F1
:1076800035FB286804F11F01012621F01F01386035
:10769000FFF756FF2E73D0E720B103688B4204BF7B
:1076A0000023037370470000034B1A681AB9034A9A
:1076B000D2F8D0241A607047986500200040025824
:1076C00008B5FFF7F1FF024B1868C0F3806008BDF2
:1076D00098650020EFF30983054968334A6B22F06F
:1076E00001024A6383F30988002383F311887047FA
:1076F00000EF00E0302080F3118862B60D4B0E4A97
:10770000D96821F4E0610904090C0A430B49DA60E5
:10771000D3F8FC2042F08072C3F8FC20084AC2F87B
:10772000B01F116841F0010111602022DA7783F85F
:107730002200704700ED00E00003FA0555CEACC50D
:10774000001000E0302310B583F311880E4B5B6806
:1077500013F4006314D0F1EE103AEFF309844FF004
:107760008073683CE361094BDB6B236684F3098813
:10777000FEF7B8FE10B1064BA36110BD054BFBE749
:1077800083F31188F9E700BF00ED00E000EF00E0AF
:107790002F0400083204000870B5BFF34F8FBFF309
:1077A0006F8F1A4A0021C2F85012BFF34F8FBFF3F8
:1077B0006F8F536943F400335361BFF34F8FBFF3AF
:1077C0006F8FC2F88410BFF34F8FD2F8803043F62A
:1077D000E074C3F3C900C3F34E335B0103EA04064C
:1077E000014646EA81750139C2F86052F9D2203B60
:1077F00013F1200FF2D1BFF34F8F536943F480335D
:107800005361BFF34F8FBFF36F8F70BD00ED00E08A
:10781000FEE70000214B2248224A70B5904237D340
:10782000214BC11EDA1C121A22F003028B4238BF10
:1078300000220021FAF780FA1C4A0023C2F88430A3
:10784000BFF34F8FD2F8803043F6E074C3F3C90022
:10785000C3F34E335B0103EA0406014646EA817531
:107860000139C2F86C52F9D2203B13F1200FF2D14A
:10787000BFF34F8FBFF36F8FBFF34F8FBFF36F8F88
:107880000023C2F85032BFF34F8FBFF36F8F70BD2C
:1078900053F8041B40F8041BC0E700BF309E0008EB
:1078A0009C6700209C6700209C67002000ED00E0A2
:1078B000074BD3F8D81021EA0001C3F8D810D3F849
:1078C000002122EA0002C3F80021D3F800317047FA
:1078D0000044025870B5D0E9244300224FF0FF3530
:1078E0009E6804EB42135101D3F80009002805DA21
:1078F000D3F8000940F08040C3F80009D3F8000B2A
:10790000002805DAD3F8000B40F08040C3F8000BE4
:10791000013263189642C3F80859C3F8085BE0D2F5
:107920004FF00113C4F81C3870BD0000890141F00C
:107930002001016103699B06FCD41220FEF71CBEE6
:1079400010B50A4C2046FEF7B7FA094BC4F8903040
:10795000084BC4F89430084C2046FEF7ADFA074BAC
:10796000C4F89030064BC4F8943010BD9C650020DC
:1079700000000840049D0008386600200000044014
:10798000109D000870B503780546012B5CD1434B70
:10799000D0F89040984258D1414B0E216520D3F841
:1079A000D82042F00062C3F8D820D3F8002142F07A
:1079B0000062C3F80021D3F80021D3F8802042F000
:1079C0000062C3F88020D3F8802022F00062C3F860
:1079D0008020D3F88030FDF7B3FC324BE360324BAC
:1079E000C4F800380023D5F89060C4F8003EC023E6
:1079F00023604FF40413A3633369002BFCDA0123E3
:107A00000C203361FEF7B8FD3369DB07FCD412208C
:107A1000FEF7B2FD3369002BFCDA00262846A6608B
:107A2000FFF758FF6B68C4F81068DB68C4F8146887
:107A3000C4F81C6883BB1D4BA3614FF0FF33636127
:107A4000A36843F00103A36070BD194B9842C9D1EC
:107A5000134B4FF08060D3F8D82042F00072C3F887
:107A6000D820D3F8002142F00072C3F80021D3F8E7
:107A70000021D3F8802042F00072C3F88020D3F8B0
:107A8000802022F00072C3F88020D3F88030FFF706
:107A90000FFF0E214D209EE7064BCDE79C65002091
:107AA000004402584014004003002002003C30C053
:107AB00038660020083C30C0F8B5D0F89040054644
:107AC00000214FF000662046FFF730FFD5F89410F4
:107AD00000234FF001128F684FF0FF30C4F83438A4
:107AE000C4F81C2804EB431201339F42C2F800691A
:107AF000C2F8006BC2F80809C2F8080BF2D20B6892
:107B0000D5F89020C5F89830636210231361166988
:107B100016F01006FBD11220FEF72EFDD4F8003827
:107B200023F4FE63C4F80038A36943F4402343F010
:107B30001003A3610923C4F81038C4F814380B4BA0
:107B4000EB604FF0C043C4F8103B094BC4F8003B56
:107B5000C4F81069C4F80039D5F8983003F1100260
:107B600043F48013C5F89820A362F8BDE09C000898
:107B700040800010D0F8902090F88A10D2F8003899
:107B800023F4FE6343EA0113C2F800387047000093
:107B90002DE9F84300EB8103D0F890500C46804665
:107BA000DA680FFA81F94801166806F00306731EB9
:107BB000022B05EB41134FF0000194BFB604384E81
:107BC000C3F8101B4FF0010104F1100398BF06F138
:107BD000805601FA03F3916998BF06F50046002923
:107BE0003AD0578A04F15801374349016F50D5F80C
:107BF0001C180B430021C5F81C382B180127C3F8AB
:107C00001019A7405369611E9BB3138A928B9B087E
:107C1000012A88BF5343D8F89820981842EA0343B2
:107C200001F140022146C8F89800284605EB82027F
:107C30005360FFF77BFE08EB8900C3681B8A43EAA9
:107C4000845348341E4364012E51D5F81C381F4319
:107C5000C5F81C78BDE8F88305EB4917D7F8001B79
:107C600021F40041C7F8001BD5F81C1821EA0303D2
:107C7000C0E704F13F030B4A2846214605EB830386
:107C80005A60FFF753FE05EB4910D0F8003923F492
:107C90000043C0F80039D5F81C3823EA0707D7E7B6
:107CA0000080001000040002D0F894201268C0F890
:107CB0009820FFF70FBE00005831D0F890304901EE
:107CC0005B5813F4004004D013F4001F0CBF0220D3
:107CD000012070474831D0F8903049015B5813F4C7
:107CE000004004D013F4001F0CBF02200120704795
:107CF00000EB8101CB68196A0B6813604B68536015
:107D00007047000000EB810330B5DD68AA69136895
:107D1000D36019B9402B84BF402313606B8A146869
:107D2000D0F890201C4402EB4110013C09B2B4FB96
:107D3000F3F46343033323F0030343EAC44343F000
:107D4000C043C0F8103B2B6803F00303012B0ED196
:107D5000D2F8083802EB411013F4807FD0F8003BD2
:107D600014BF43F0805343F00053C0F8003B02EBD4
:107D70004112D2F8003B43F00443C2F8003B30BD4F
:107D80002DE9F041D0F8906005460C4606EB411312
:107D9000D3F8087B3A07C3F8087B08D5D6F814381F
:107DA0001B0704D500EB8103DB685B689847FA0783
:107DB0001FD5D6F81438DB071BD505EB8403D9682B
:107DC000CCB98B69488A5A68B2FBF0F600FB1622E0
:107DD0008AB91868DA6890420DD2121AC3E90024F1
:107DE000302383F3118821462846FFF78BFF84F365
:107DF0001188BDE8F081012303FA04F26B8923EABC
:107E000002036B81CB68002BF3D021462846BDE8E6
:107E1000F041184700EB81034A0170B5DD68D0F8E6
:107E200090306C692668E66056BB1A444FF4002017
:107E3000C2F810092A6802F00302012A0AB20ED120
:107E4000D3F8080803EB421410F4807FD4F800093B
:107E500014BF40F0805040F00050C4F8000903EB1C
:107E60004212D2F8000940F00440C2F80009012291
:107E7000D3F8340802FA01F10143C3F8341870BD95
:107E800019B9402E84BF4020206020681A442E8AF1
:107E90008419013CB4FBF6F440EAC44040F00050C1
:107EA000C6E700002DE9F843D0F8906005460C467F
:107EB0004F0106EB4113D3F8088918F0010FC3F8FE
:107EC00008891CD0D6F81038DB0718D500EB8103E1
:107ED000D3F80CC0DCF81430D3F800E0DA6896452B
:107EE00030D2A2EB0E024FF000091A60C3F80490E2
:107EF000302383F31188FFF78DFF89F3118818F081
:107F0000800F1DD0D6F834380126A640334217D052
:107F100005EB84030134D5F89050D3F80CC0E4B2DB
:107F20002F44DCF8142005EB0434D2F800E051684B
:107F3000714514D3D5F8343823EA0606C5F83468F9
:107F4000BDE8F883012303FA01F2038923EA02035F
:107F50000381DCF80830002BD1D09847CFE7AEEB97
:107F60000103BCF81000834228BF0346D7F8180964
:107F700080B2B3EB800FE3D89068A0F1040959F800
:107F8000048FC4F80080A0EB09089844B8F1040FEE
:107F9000F5D818440B4490605360C8E72DE9F84FBA
:107FA000D0F8905004466E69AB691E4016F48058B4
:107FB0006E6103D0BDE8F84FFDF7EEBF002E12DA78
:107FC000D5F8003E9B0705D0D5F8003E23F003030B
:107FD000C5F8003ED5F80438204623F00103C5F863
:107FE0000438FEF707F8370505D52046FFF772FC81
:107FF0002046FDF7EDFFB0040CD5D5F8083813F096
:10800000060FEB6823F470530CBF43F4105343F492
:10801000A053EB6031071BD56368DB681BB9AB6904
:1080200023F00803AB612378052B0CD1D5F8003E73
:108030009A0705D0D5F8003E23F00303C5F8003EAB
:108040002046FDF7D7FF6368DB680BB120469847F1
:10805000F30200F1BA80B70226D5D4F89090002739
:108060004FF0010A09EB4712D2F8003B03F440231A
:10807000B3F5802F11D1D2F8003B002B0DDA6289C5
:108080000AFA07F322EA0303638104EB8703DB6840
:10809000DB6813B13946204698470137D4F894304D
:1080A000FFB29B689F42DDD9F00619D5D4F8900045
:1080B000026AC2F30A1702F00F0302F4F012B2F5DB
:1080C000802F00F0CA80B2F5402F09D104EB830362
:1080D000002200F58050DB681B6A974240F0B080B8
:1080E0003003D5F8185835D5E90303D500212046CB
:1080F000FFF746FEAA0303D501212046FFF740FE05
:108100006B0303D502212046FFF73AFE2F0303D568
:1081100003212046FFF734FEE80203D50421204660
:10812000FFF72EFEA90203D505212046FFF728FE02
:108130006A0203D506212046FFF722FE2B0203D553
:1081400007212046FFF71CFEEF0103D5082120463A
:10815000FFF716FE700340F1A780E90703D5002161
:108160002046FFF79FFEAA0703D501212046FFF70F
:1081700099FE6B0703D502212046FFF793FE2F07D8
:1081800003D503212046FFF78DFEEE0603D504211B
:108190002046FFF787FEA80603D505212046FFF7F6
:1081A00081FE690603D506212046FFF77BFE2A06DD
:1081B00003D507212046FFF775FEEB0574D5204651
:1081C0000821BDE8F84FFFF76DBED4F890904FF04E
:1081D000000B4FF0010AD4F894305FFA8BF79B68DC
:1081E0009F423FF638AF09EB4713D3F8002902F45A
:1081F0004022B2F5802F20D1D3F80029002A1CDAC2
:10820000D3F8002942F09042C3F80029D3F800299E
:10821000002AFBDB3946D4F89000FFF787FB228960
:108220000AFA07F322EA0303238104EB8703DB68DE
:108230009B6813B13946204698470BF1010BCAE7FA
:10824000910701D1D0F80080072A02F101029CBFFA
:1082500003F8018B4FEA18283FE704EB830300F58E
:108260008050DA68D2F818C0DCF80820DCE9001C7D
:10827000A1EB0C0C00218F4208D1DB689B699A6846
:108280003A449A605A683A445A6029E711F0030F59
:1082900001D1D0F800808C4501F1010184BF02F8C2
:1082A000018B4FEA1828E6E7BDE8F88F08B50348C8
:1082B000FFF774FEBDE80840FFF744BA9C65002054
:1082C00008B50348FFF76AFEBDE80840FFF73ABA71
:1082D00038660020D0F8903003EB4111D1F8003B14
:1082E00043F40013C1F8003B70470000D0F8903011
:1082F00003EB4111D1F8003943F40013C1F8003900
:1083000070470000D0F8903003EB4111D1F8003BEA
:1083100023F40013C1F8003B70470000D0F8903000
:1083200003EB4111D1F8003923F40013C1F80039EF
:1083300070470000064BD3F8DC200243C3F8DC2072
:10834000D3F804211043C3F80401D3F80431704773
:108350000044025808B53C4B4FF0FF31D3F8802061
:1083600062F00042C3F88020D3F8802002F000427F
:10837000C3F88020D3F88020D3F88420C3F8841079
:10838000D3F884200022C3F88420D3F88400D86F67
:1083900040F0FF4040F4FF0040F4DF4040F07F0039
:1083A000D867D86F20F0FF4020F4FF0020F4DF40B2
:1083B00020F07F00D867D86FD3F888006FEA40506C
:1083C0006FEA5050C3F88800D3F88800C0F30A0061
:1083D000C3F88800D3F88800D3F89000C3F8901051
:1083E000D3F89000C3F89020D3F89000D3F894000D
:1083F000C3F89410D3F89400C3F89420D3F89400F1
:10840000D3F89800C3F89810D3F89800C3F89820D0
:10841000D3F89800D3F88C00C3F88C10D3F88C00F4
:10842000C3F88C20D3F88C00D3F89C00C3F89C10C0
:10843000D3F89C10C3F89C20D3F89C30FCF728FAA2
:10844000BDE8084000F0D6B90044025808B5012242
:10845000534BC3F80821534BD3F8F42042F00202E7
:10846000C3F8F420D3F81C2142F00202C3F81C2107
:108470000222D3F81C314C4BDA605A689104FCD5C7
:108480004A4A1A6001229A60494ADA6000221A6157
:108490004FF440429A61444B9A699204FCD51A68A1
:1084A00042F480721A603F4B1A6F12F4407F04D07E
:1084B0004FF480321A6700221A671A6842F00102EC
:1084C0001A60384B1A685007FCD500221A611A69E5
:1084D00012F03802FBD1012119604FF08041596040
:1084E0005A67344ADA62344A1A611A6842F48032AE
:1084F0001A602C4B1A689103FCD51A6842F480521A
:108500001A601A689204FCD52C4A2D499A620022FE
:108510005A63196301F57C01DA6301F5E771996328
:108520005A64284A1A64284ADA621A6842F0A85241
:108530001A601C4B1A6802F02852B2F1285FF9D178
:1085400048229A614FF48862DA6140221A621F4A17
:10855000DA641F4A1A651F4A5A651F4A9A65322310
:108560001E4A1360136803F00F03022BFAD10D4A61
:10857000136943F003031361136903F03803182BE5
:10858000FAD14FF00050FFF7D5FE4FF08040FFF7D3
:10859000D1FE4FF00040BDE80840FFF7CBBE00BF62
:1085A00000800051004402580048025800C000F00A
:1085B000020000010000FF010088900832206000E6
:1085C00063020901470E0508DD0BBF0120000020F2
:1085D000000001100910E00000010110002000520D
:1085E0004FF0B04208B5D2F8883003F00103C2F86A
:1085F000883023B1044A13680BB150689847BDE82E
:108600000840FFF79FB800BF146700204FF0B0424A
:1086100008B5D2F8883003F00203C2F8883023B1DD
:10862000044A93680BB1D0689847BDE80840FFF74B
:1086300089B800BF146700204FF0B04208B5D2F8E7
:10864000883003F00403C2F8883023B1044A136968
:108650000BB150699847BDE80840FFF773B800BFF9
:10866000146700204FF0B04208B5D2F8883003F00C
:108670000803C2F8883023B1044A93690BB1D0696A
:108680009847BDE80840FFF75DB800BF14670020B9
:108690004FF0B04208B5D2F8883003F01003C2F8AA
:1086A000883023B1044A136A0BB1506A9847BDE879
:1086B0000840FFF747B800BF146700204FF0B043F1
:1086C00010B5D3F8884004F47872C3F88820A30664
:1086D00004D5124A936A0BB1D06A9847600604D554
:1086E0000E4A136B0BB1506B9847210604D50B4A09
:1086F000936B0BB1D06B9847E20504D5074A136C16
:108700000BB1506C9847A30504D5044A936C0BB188
:10871000D06C9847BDE81040FFF714B814670020EC
:108720004FF0B04310B5D3F8884004F47C42C3F84E
:108730008820620504D5164A136D0BB1506D984719
:10874000230504D5124A936D0BB1D06D9847E00410
:1087500004D50F4A136E0BB1506E9847A10404D58F
:108760000B4A936E0BB1D06E9847620404D5084A49
:10877000136F0BB1506F9847230404D5044A936FCD
:108780000BB1D06F9847BDE81040FEF7DBBF00BFCC
:108790001467002008B50348FCF748FCBDE8084012
:1087A000FEF7D0BF2837002008B50348FCF742FD8C
:1087B000BDE80840FEF7C6BF8039002008B5034871
:1087C000FCF738FDBDE80840FEF7BCBFEC390020DF
:1087D00008B50348FCF72EFDBDE80840FEF7B2BF20
:1087E000583A002008B500F0BDFCBDE80840FEF78F
:1087F000A9BF0000062108B50846FCF7A1FD062127
:108800000720FCF79DFD06210820FCF799FD0621B5
:108810000920FCF795FD06210A20FCF791FD0621B1
:108820001720FCF78DFD06212820FCF789FD092182
:108830007A20FCF785FD09213120FCF781FD072115
:108840003220FCF77DFD0C212620FCF779FD0C2160
:108850002720FCF775FD0C215220BDE80840FCF7ED
:108860006FBD000008B5FFF775FD00F043FCFDF794
:1088700047F9FDF7E5F8FDF71DFBFDF7EFF9FEF70A
:10888000B1F9BDE8084000F029BA000030B5043362
:10889000039C0172002104FB0325C160C0E906535B
:1088A000049B0363059BC0E90000C0E90422C0E902
:1088B0000842C0E90A11436330BD00000022416A4A
:1088C000C260C0E90411C0E90A226FF00101FDF79E
:1088D000FFBE0000D0E90432934201D1C2680AB958
:1088E000181D704700207047036919600021C26895
:1088F0000132C260C269134482699342036124BF9A
:10890000436A0361FDF7D8BE38B504460D46E368F7
:108910003BB162690020131D1268A3621344E36235
:1089200007E0237A33B929462046FDF7B5FE002833
:10893000EDDA38BD6FF00100FBE70000C368C269E3
:10894000013BC3604369134482699342436124BF7E
:10895000436A436100238362036B03B11847704786
:1089600070B53023044683F31188866A3EB9FFF759
:10897000CBFF054618B186F31188284670BDA36A5F
:10898000E26A13F8015B9342A36202D32046FFF729
:10899000D5FF002383F31188EFE700002DE9F84F9E
:1089A00004460E46174698464FF0300989F3118861
:1089B0000025AA46D4F828B0BBF1000F09D14146E2
:1089C0002046FFF7A1FF20B18BF311882846BDE8B0
:1089D000F88FD4E90A12A7EB050B521A934528BF6A
:1089E0009346BBF1400F1BD9334601F1400251F8C9
:1089F000040B914243F8040BF9D1A36A4036403589
:108A00004033A362D4E90A239A4202D32046FFF7F7
:108A100095FF8AF31188BD42D8D289F31188C9E73E
:108A200030465A46F9F762F9A36A5E445D445B44F6
:108A3000A362E7E710B5029C0433017203FB042133
:108A4000C460C0E906130023C0E90A33039B036333
:108A5000049BC0E90000C0E90422C0E90842436366
:108A600010BD0000026A6FF00101C260426AC0E9F5
:108A700004220022C0E90A22FDF72ABED0E904231D
:108A80009A4201D1C26822B9184650F8043B0B60E3
:108A9000704700231846FAE7C3680021C269013312
:108AA000C3604369134482699342436124BF436AAC
:108AB0004361FDF701BE000038B504460D46E3688A
:108AC0003BB1236900201A1DA262E2691344E362EC
:108AD00007E0237A33B929462046FDF7DDFD00285B
:108AE000EDDA38BD6FF00100FBE7000003691960A3
:108AF000C268013AC260C269134482699342036149
:108B000024BF436A036100238362036B03B11847E8
:108B10007047000070B530230D460446114683F3BC
:108B20001188866A2EB9FFF7C7FF10B186F3118846
:108B300070BDA36A1D70A36AE26A01339342A36207
:108B400004D3E16920460439FFF7D0FF002080F309
:108B50001188EDE72DE9F84F04460D4690469946F9
:108B60004FF0300A8AF311880026B346A76A4FB93E
:108B700049462046FFF7A0FF20B187F31188304611
:108B8000BDE8F88FD4E90A073A1AA8EB060797421E
:108B900028BF1746402F1BD905F1400355F8042B79
:108BA0009D4240F8042BF9D1A36A40364033A362BA
:108BB000D4E90A239A4204D3E16920460439FFF735
:108BC00095FF8BF311884645D9D28AF31188CDE7FA
:108BD00029463A46F9F78AF8A36A3D443E443B44A5
:108BE000A362E5E7D0E904239A4217D1C3689BB199
:108BF000836A8BB1043B9B1A0ED01360C368013BA0
:108C0000C360C3691A4483699A42026124BF436AFC
:108C10000361002383620123184670470023FBE7AA
:108C200001F01F03F0B502F01F0456095A1C01237E
:108C3000B6EB511F50F8265003FA02F34FEA5117D2
:108C400003F1FF333DBF50F82720C4F1200013404B
:108C500003EA05003BBF03FA00F225FA04F0E04006
:108C60001043F0BD70B57E227F210546FFF7D8FF87
:108C700018B1012819D0002070BD3E224921284694
:108C8000FFF7CEFF2F22044631212846FFF7C8FF09
:108C9000064601345022023653212846B440FFF7DD
:108CA000BFFF093804FA00F0E6E7302245212846E4
:108CB000FFF7B6FF01308002DEE7000090F8D63003
:108CC00090F8D7201B0403EB026390F8D42090F8AF
:108CD000D500134403EB00207047000000F018BAE1
:108CE000014B586A704700BF000C0040034B002244
:108CF00058631A610222DA60704700BF000C00401E
:108D0000014B0022DA607047000C0040014B5863B1
:108D1000704700BF000C0040024B034A1A60034A30
:108D20005A607047EC660020A06700200000022017
:108D3000074B494210B55C68201A08401968821A2E
:108D40008A4203D3A24201D85A6010BD0020FCE73A
:108D5000EC66002008B5302383F31188FFF7E8FFA5
:108D6000002383F3118808BD0448054B03600023EA
:108D7000C0E901330C3000F017B900BFF4660020E1
:108D8000558D0008CB1D083A23F00703591A521AD3
:108D900010B4D2080024C0E9004384600C301C6089
:108DA0005A605DF8044B00F0FFB800002DE9F74F62
:108DB000364FCD1D8846002818BF0746082A4FEABF
:108DC000D50538BF082207F10C003C1D91460190E3
:108DD00000F02CF9019809F10701C9F1000E2246B3
:108DE000246864B900F02CF93B68CBB308224946EB
:108DF000E8009847044698B340E9027830E004EB75
:108E0000010CD4F804A00CEA0E0C0AF10106ACF136
:108E1000080304EBC6069E42E1D9A6EB0C0CB5EBA9
:108E2000EC0F4FEAEC0BDAD89C421DD204F1080299
:108E3000AB45A3EB02024FEAE202626009D9691C6A
:108E4000ED4303EBC1025D445560256843F83150A2
:108E500022601C46C3F8048044F8087B00F0F0F858
:108E6000204603B0BDE8F08FAA45216802D1116009
:108E70002346EEE7013504EBC50344F8351003F152
:108E80000801761AF6105E601360F1E7F4660020C0
:108E900073B50446A0F1080550F8080C54F8043CDA
:108EA000061D0C3007330190DB0844F8043C00F049
:108EB000BDF8334601989E421A6801D0AB4228D2D1
:108EC0000AB1954225D244F8082C54F8042C1D60B0
:108ED000013254F8081C05EBC206B14206D14E68B7
:108EE000324444F8042C0A6844F8082C5E68711C6B
:108EF00003EBC1018D4207D154F8042C01323244F6
:108F00005A6054F8082C1A6002B0BDE8704000F0B6
:108F100097B81346CFE70000FEE7000070B51E4B80
:108F20000025044686B058600E4605638163FEF74F
:108F3000E1FB04F12803A5606563C4E90A3304F189
:108F40001003C4E904334FF0FF33C4E90044C4E91B
:108F50000635FFF7C5FE2B46024604F13C012046CC
:108F6000C4E9082380230D4A6567FDF70FFB73688A
:108F7000E0600B4A03620123009280F824306846C7
:108F8000F26801923269CDE90223064BCDE904353E
:108F9000FDF730FB06B070BD70490020249D00082D
:108FA0001C9D0008198F00080023C0E900008360A1
:108FB0000361704770B51C4B05468468DE685CB37E
:108FC000B44213D103690133036170BDA36094F807
:108FD000243083B1062B15D1A06A2146D4E9003292
:108FE00013605A60FDF73EFAA36A9C68B368A268F2
:108FF0009A42EBD306E0D4E90032204613605A606F
:10900000FDF740FA28463146FDF72CFAB5620620F6
:10901000BDE87040FDF738BA03698660013303612B
:10902000336BC3603063D0E7C846002008B53023F7
:1090300083F31188FFF7BEFF002383F3118808BD77
:10904000194BD96883688B4210B520D1302383F344
:1090500011880269013A0261B2B90468C368A0428A
:109060000B631ED04A6B9BB901238A6003610368BE
:109070001A68026050601A6B8360C26018631846F9
:10908000FDF700FAFDF750FA002383F3118810BDB5
:109090001C68A34203D0A468A24238BF2246DB6802
:1090A000E1E78260F0E700BFC8460020024A536B48
:1090B00018435063704700BFC846002038B5EFF32F
:1090C00011859DB9EFF30584C4F30804302334B14E
:1090D00083F31188FDF734FC85F3118838BD83F3E1
:1090E0001188FDF72DFC84F3118838BDBDE83840A8
:1090F000FDF726BC0023054A19460133102BC2E9AF
:10910000001102F10802F8D1704700BF1467002077
:10911000114BD3F8E82042F00802C3F8E820D3F856
:10912000102142F00802C3F810210C4AD3F8103184
:10913000D36B43F00803D363C722094B9A624FF005
:10914000FF32DA6200229A615A63DA605A600122C1
:109150005A611A60704700BF004402580010005C5A
:10916000000C0040094A08B51169D3680B40D9B218
:109170009B076FEA0101116107D5302383F3118842
:10918000FDF7F8F9002383F3118808BD000C0040B7
:10919000FEF788B8012838BF012010B504462046E4
:1091A000FEF740F830B900F007F808B900F00CF805
:1091B0008047F4E710BD0000024B1868BFF35B8FD7
:1091C000704700BF9467002008B5062000F056F8ED
:1091D0000120FDF73DFC000010B50139024490422A
:1091E00001D1002005E0037811F8014FA34201D01E
:1091F000181B10BD0130F2E7884210B501EB0204E4
:1092000002D98442234607D8431EA14208D011F850
:10921000012B03F8012FF8E7024401468A4200D1EE
:1092200010BD13F8014D02F8014DF7E71F2938B5BD
:1092300004460D4604D9162303604FF0FF3038BDB5
:10924000426C12B152F821304BB9204600F030F890
:109250002A4601462046BDE8384000F017B8012BE9
:109260000AD0591C03D1162303600120E7E700242C
:1092700042F82540284698470020E0E7024B014687
:109280001868FFF7D3BF00BF7422002038B5074D20
:1092900000230446084611462B60FDF7DDFB431C06
:1092A00002D12B6803B1236038BD00BF986700204E
:1092B000FDF7CCBBC9B2034610F8012B1AB18A42A4
:1092C000F9D118467047002918BF0023F9E70000BC
:1092D000034611F8012B03F8012B002AF9D170473E
:1092E00010B50139034632B111F8014F03F8014BB3
:1092F000013A002CF7D11A440021934200D110BD4D
:1093000003F8011BF9E700004D4435002D2D0A003C
:109310002F6172647570696C6F742E6162696E0082
:109320002F6172647570696C6F742D7665726966F1
:10933000792E6162696E002F6172647570696C6F5D
:10934000742D666C6173682E6162696E002F6172A4
:10935000647570696C6F742D666C61736865642EDA
:109360006162696E00000000000000000000000063
:10937000050F0008A10F000851110008D90F0008BF
:10938000990F00080000000000000000010F000815
:10939000AD0F000889110008FD0E0008090F000834
:1093A00053544D333248373F3F3F0053544D3332CF
:1093B000483733782F3732780053544D333248379B
:1093C00034332F3735332F373530000001105A0032
:1093D0000310590001205800032056002F00000000
:1093E0005375636365737366756C6C79206D6F7507
:1093F0006E746564205344436172642028736C6FFB
:1094000077646F776E3D2575290A0000EB769045ED
:109410005846415420202000464154333220202019
:10942000000000002A3A3C3E7C223F7F002B2C3B70
:109430003D5B5D00435545414141414345454549FB
:10944000494941414592924F4F4F5555594F554FBC
:109450009C4F9E9F41494F55A5A5A6A7A8A9AAAB79
:10946000ACADAEAFB0B1B2B3B4414141B8B9BABB23
:10947000BCBDBEBFC0C1C2C3C4C54141C8C9CACBBF
:10948000CCCDCECFD1D145454549494949D9DADB83
:10949000DCDD49DF4FE14F4F4F4FE6E8E8555555CA
:1094A0005959EEEFF0F1F2F3F4F5F6F7F8F9FAFBAB
:1094B000FCFDFEFF01030507090E10121416181C0F
:1094C0001E00000061001A03E0001703F800070304
:1094D000FF0001007801000130013201060139016D
:1094E00010014A012E017901060180014D0043025D
:1094F0008101820182018401840186018701870143
:1095000089018A018B018B018D018E018F019001F0
:109510009101910193019401F6019601970198013F
:1095200098013D029B019C019D0120029F01A00129
:10953000A001A201A201A401A401A601A701A70103
:10954000A901AA01AB01AC01AC01AE01AF01AF01B1
:10955000B101B201B301B301B501B501B701B80161
:10956000B801BA01BB01BC01BC01BE01F701C001D9
:10957000C101C201C301C401C501C401C701C801C1
:10958000C701CA01CB01CA01CD011001DD010100F3
:109590008E01DE011201F3010300F101F401F40177
:1095A000F8012801220212013A020900652C3B024F
:1095B0003B023D02662C3F0240024102410246024C
:1095C0000A015302400081018601550289018A0186
:1095D00058028F015A0290015C025D025E025F0236
:1095E00093016102620294016402650266026702ED
:1095F000970196016A02622C6C026D026E029C0158
:10960000700271029D01730274029F01760277025B
:10961000780279027A027B027C02642C7E027F024D
:10962000A60181028202A9018402850286028702C4
:10963000AE014402B101B20145028D028E028F02D9
:1096400090029102B7017B030300FD03FE03FF03B9
:10965000AC0304008603880389038A03B103110362
:10966000C2030200A303A303C4030803CC03030043
:109670008C038E038F03D8031801F2030A00F90349
:10968000F303F403F503F603F703F703F903FA030F
:10969000FA033004200350041007600422018A04F6
:1096A0003601C1040E01CF040100C004D0044401FE
:1096B00061052604000000007D1D0100632C001ED2
:1096C0009601A01E5A01001F0806101F0606201F43
:1096D0000806301F0806401F0606511F0700591FC5
:1096E000521F5B1F541F5D1F561F5F1F601F080620
:1096F000701F0E00BA1FBB1FC81FC91FCA1FCB1F78
:10970000DA1FDB1FF81FF91FEA1FEB1FFA1FFB1FF1
:10971000801F0806901F0806A01F0806B01F04003F
:10972000B81FB91FB21FBC1FCC1F0100C31FD01F21
:109730000206E01F0206E51F0100EC1FF31F0100F7
:10974000FC1F4E21010032217021100284210100F2
:109750008321D0241A05302C2F04602C0201672CA1
:109760000601752C0201802C6401002D260841FFA2
:109770001A030000C700FC00E900E200E400E0007A
:10978000E500E700EA00EB00E800EF00EE00EC0087
:10979000C400C500C900E600C600F400F600F200EF
:1097A000FB00F900FF00D600DC00F800A300D800A1
:1097B000D7009201E100ED00F300FA00F100D100C2
:1097C000AA00BA00BF00AE00AC00BD00BC00A10002
:1097D000AB00BB0091259225932502252425C100CD
:1097E000C200C000A9006325512557255D25A200B0
:1097F000A5001025142534252C251C2500253C25E5
:10980000E300C3005A2554256925662560255025A7
:109810006C25A400F000D000CA00CB00C8003101C4
:10982000CD00CE00CF0018250C2588258425A60064
:10983000CC008025D300DF00D400D200F500D50095
:10984000B500FE00DE00DA00DB00D900FD00DD001F
:10985000AF00B400AD00B1001720BE00B600A700F5
:10986000F700B800B000A800B700B900B300B2001C
:10987000A025A0001000024008000240000802409D
:1098800000000B00280002400800024004080240CB
:1098900006010C0040000240080002400808024097
:1098A00010020D0058000240080002400C0802405F
:1098B00016030E00700002400C0002401008024027
:1098C00000040F00880002400C000240140802400F
:1098D00006051000A00002400C00024018080240DB
:1098E00010061100B80002400C0002401C080240A3
:1098F00016072F001004024008040240200802400E
:1099000000083800280402400804024024080240ED
:1099100006093900400402400804024028080240B9
:10992000100A3A0058040240080402402C08024081
:10993000160B3B00700402400C0402403008024049
:10994000000C3C00880402400C0402403408024031
:10995000060D4400A00402400C04024038080240F6
:10996000100E4500B80402400C0402403C080240BE
:10997000160F4600010000000000000000960000E5
:1099800000000000000000000000000000000000D7
:109990000000000000000000DD6B0008E16B000823
:1099A000D55600080D5A000869560008915600085F
:1099B000B95600085156000800000000C15A0008BE
:1099C000AD5A0008E95A0008D55A0008E15A0008C3
:1099D000CD5A0008B95A0008A55A0008F55A0008DF
:1099E00000000000D95B0008C55B0008015C0008AE
:1099F000ED5B0008F95B0008E55B0008D15B00083F
:109A0000BD5B00080D5C00080000000001000000C4
:109A10000000000063300000149A000800000000FD
:109A20000000000040470020704900200000812A0B
:109A300000000000AAAAAAAA00000024FFFE00005D
:109A40000000000000A00A0000010000000000006B
:109A5000AAAAAAAA00000000FFFF00000000000060
:109A6000000000001400AA5600000000AAAAAAAA3A
:109A700014005554FFFF000000000000CCCC0C0087
:109A800020681A0000000000AAAA8AAA1054150033
:109A9000FFFF0000000C700777000000408102010A
:109AA00000100000AAAAAAAA00410100F7FF0000C6
:109AB000000000700700000000000000000000002F
:109AC000AAAAAAAA00000000FFFF000000000000F0
:109AD000000000000000000000000000AAAAAAAADE
:109AE00000000000FFFF0000000000000000000078
:109AF0000000000000000000AAAAAAAA00000000BE
:109B0000FFFF000000000000000000000000000057
:109B100000000000AAAAAAAA00000000FFFF00009F
:109B20000000000000000000000000000000000035
:109B3000AAAAAAAA00000000FFFF0000000000007F
:109B4000000000000000000000000000AAAAAAAA6D
:109B500000000000FFFF0000000000000000000007
:109B60004865782F50726F6669434E430025424F17
:109B7000415244252D424C002553455249414C2524
:109B8000000000000200000000000000F95D000875
:109B9000695E000840004000206200203062002022
:109BA00002000000000000000300000000000000B0
:109BB000B15E0008000000001000000040620020BC
:109BC0000000000001000000000000009C65002073
:109BD00001010200D96C0008E96B0008856C0008DF
:109BE000696C000843000000EC9B00080902430078
:109BF000020100C032090400000102020100052434
:109C000000100105240100010424020205240600BD
:109C100001070582030800FF09040100020A000091
:109C20000007050102400000070581024000000016
:109C300012000000389C00081201100102000040D0
:109C4000AE2D1610000201020301000004030904F6
:109C500025424F415244250048455258345F484CF4
:109C60005F4D325F41433435375F4F00303132331F
:109C70003435363738394142434445460000000008
:109C80000000002000000200020000000000003080
:109C9000000004000800000000000024000008008C
:109CA000040000000004000000FC000002000000AE
:109CB00000000430008000000800000000000038B0
:109CC00000000100010000001F1C1F1E1F1E1F1F9F
:109CD0001E1F1E1F1F1D1F1E1F1E1F1F1E1F1E1F9C
:109CE000000000000D600008C562000871630008F4
:109CF00040004000D4660020D4660020010000002F
:109D0000E466002080000000400100000800000020
:109D100000010000001000000800000069646C658C
:109D2000000000006D61696E002C043804043808DE
:109D30000C10141C202425260000000000006404E0
:109D40000100040000000000000C00102830340066
:109D50001867FF7F010000008C0000000000000079
:109D600000001E0000000000FF00000078490020F5
:109D700080390020EC390020583A00200000000013
:109D8000A093000883040000AB9300085004000077
:109D9000B9930008010000000000000000960000D8
:109DA0000000080096000000000800000400000009
:109DB0004C9C0008000000000000000000000000B3
:109DC00000000000000000000000000078220020D9
:109DD0000000000000000000000000000000000083
:109DE0000000000000000000000000000000000073
:109DF0000000000000000000000000000000000063
:109E00000000000000000000000000000000000052
:109E10000000000000000000000000000000000042
:109E20000000000000000000000000000000000032
:00000001FF
